X,Y,OBJECTID,ACCIDENT_DATE,ACCIDENT_TIME,ALCOHOLTIME,ACCIDENT_TYPE,DAY_OF_WEEK,DCA_CODE,LIGHT_CONDITION,LONGITUDE,LATITUDE,LGA_NAME,REGION_NAME,TOTAL_PERSONS,INJ_OR_FATAL,FATALITY,SERIOUSINJURY,OTHERINJURY,NONINJURED,MALES,FEMALES,BICYCLIST,PASSENGER,DRIVER,PEDESTRIAN,PILLION,MOTORIST,UNKNOWN,PED_CYCLIST_5_12,PED_CYCLIST_13_18,OLD_PEDESTRIAN,OLD_DRIVER,YOUNG_DRIVER,ALCOHOL_RELATED,UNLICENCSED,NO_OF_VEHICLES,HEAVYVEHICLE,PASSENGERVEHICLE,MOTORCYCLE,PUBLICVEHICLE,DEG_URBAN_NAME,DEG_URBAN_ALL,LGA_NAME_ALL,REGION_NAME_ALL,Suburb,Year,Month,Month_name
145.0250812495517,-37.8214145778384,3405473,28/10/2013,17.30.00,No,Collision with vehicle,Monday,RIGHT THROUGH,Day,145.02508,-37.82141,BOROONDARA,METROPOLITAN SOUTH EAST REGION,2,1,0,0,1,1,1,1,1,0,1,0,0,0,0,0,0,0,0,0,No,0,2,0,1,0,0,MELB_URBAN,MELB_URBAN,BOROONDARA,METROPOLITAN SOUTH EAST REGION,HAWTHORN,2013,10,October
144.9760654418322,-37.83698680670004,3405486,2/11/2013,15.50.00,Yes,Collision with vehicle,Saturday,VEHICLE STRIKES DOOR OF PARKED/STATIONARY VEHICLE,Day,144.97607,-37.83699,MELBOURNE,METROPOLITAN NORTH WEST REGION,2,1,0,0,1,1,1,1,1,0,1,0,0,0,0,0,0,0,0,0,No,0,2,0,1,0,0,MELB_URBAN,MELB_URBAN,MELBOURNE,METROPOLITAN NORTH WEST REGION,MELBOURNE,2013,11,November
145.07870817339568,-37.74990763285369,3405498,19/10/2013,12.30.00,No,No collision and no object struck,Saturday,OFF CARRIAGEWAY TO LEFT,Day,145.07871,-37.74991,BANYULE,METROPOLITAN NORTH WEST REGION,3,1,0,0,1,2,0,1,1,0,0,0,0,0,2,0,0,0,0,0,No,0,3,0,0,0,0,MELB_URBAN,MELB_URBAN,BANYULE,METROPOLITAN NORTH WEST REGION,HEIDELBERG,2013,10,October
144.97233406385018,-37.85528717275045,3405499,6/11/2013,07.40.00,No,Collision with vehicle,Wednesday,LEFT NEAR (INTERSECTIONS ONLY),Dusk/Dawn,144.97233,-37.855290000000004,PORT PHILLIP,METROPOLITAN NORTH WEST REGION,2,1,0,0,1,1,1,1,1,0,1,0,0,0,0,0,0,0,0,0,No,0,2,0,1,0,0,MELB_URBAN,MELB_URBAN,PORT PHILLIP,METROPOLITAN NORTH WEST REGION,ST KILDA WEST,2013,11,November
144.90226439607116,-37.80943127472097,3405505,9/11/2013,10.50.00,No,Collision with vehicle,Saturday,VEHICLE STRIKES ANOTHER VEH WHILE EMERGING FROM DRIVEWAY,Day,144.90226,-37.80943,MARIBYRNONG,METROPOLITAN NORTH WEST REGION,2,1,0,0,1,1,1,0,1,0,1,0,0,0,0,0,0,0,0,0,No,0,2,0,1,0,0,MELB_URBAN,MELB_URBAN,MARIBYRNONG,METROPOLITAN NORTH WEST REGION,FOOTSCRAY,2013,11,November
144.98781137407374,-37.92252440142927,3405536,2/11/2013,07.40.00,Yes,Collision with vehicle,Saturday,VEHICLE STRIKES ANOTHER VEH WHILE EMERGING FROM DRIVEWAY,Day,144.98781,-37.92252,BAYSIDE,METROPOLITAN SOUTH EAST REGION,2,1,0,0,1,1,0,1,1,0,0,0,0,0,1,0,0,0,0,0,No,0,2,0,0,0,0,MELB_URBAN,MELB_URBAN,BAYSIDE,METROPOLITAN SOUTH EAST REGION,BRIGHTON,2013,11,November
145.02169571797168,-37.803170355264456,3405548,6/11/2013,17.30.00,No,Collision with vehicle,Wednesday,RIGHT NEAR (INTERSECTIONS ONLY),Day,145.0217,-37.80317,BOROONDARA,METROPOLITAN SOUTH EAST REGION,2,1,0,0,1,1,2,0,1,0,1,0,0,0,0,0,1,0,0,0,No,0,2,0,1,0,0,MELB_URBAN,MELB_URBAN,BOROONDARA,METROPOLITAN SOUTH EAST REGION,KEW,2013,11,November
142.0339755199191,-36.455201319427644,3405563,13/11/2013,17.20.00,No,Collision with vehicle,Wednesday,RIGHT/LEFT FAR (INTERSECTIONS ONLY),Day,142.03398,-36.4552,HINDMARSH,WESTERN REGION,2,1,0,0,1,1,2,0,1,0,1,0,0,0,0,0,0,0,1,0,No,0,2,0,1,0,0,TOWNS,TOWNS,HINDMARSH,WESTERN REGION,DIMBOOLA,2013,11,November
144.99528620779492,-37.80529695420929,3405572,21/10/2013,08.20.00,No,Collision with vehicle,Monday,LEFT NEAR (INTERSECTIONS ONLY),Day,144.99528999999995,-37.8053,YARRA,METROPOLITAN NORTH WEST REGION,2,1,0,0,1,1,2,0,1,0,1,0,0,0,0,0,0,0,0,0,No,0,2,0,1,0,0,MELB_URBAN,MELB_URBAN,YARRA,METROPOLITAN NORTH WEST REGION,ABBOTSFORD,2013,10,October
144.97042936108954,-37.797739937840156,3405633,29/10/2013,17.50.00,No,Collision with vehicle,Tuesday,LEFT TURN SIDESWIPE,Day,144.97043,-37.79774000000001,MELBOURNE,METROPOLITAN NORTH WEST REGION,2,1,0,0,1,1,1,1,1,0,1,0,0,0,0,0,0,0,0,1,No,0,2,0,1,0,0,MELB_URBAN,MELB_URBAN,MELBOURNE,METROPOLITAN NORTH WEST REGION,CARLTON,2013,10,October
141.73493138085044,-38.21658917687081,3405649,16/10/2013,18.30.00,Yes,collision with some other object,Wednesday,STRUCK OBJECT ON CARRIAGEWAY,Unk.,141.73493,-38.216590000000004,GLENELG,SOUTH WESTERN REGION,1,1,0,1,0,0,0,1,1,0,0,0,0,0,0,0,0,0,0,0,No,0,1,0,0,0,0,RURAL_VICTORIA,RURAL_VICTORIA,GLENELG,SOUTH WESTERN REGION,NARRAWONG,2013,10,October
144.99588501041734,-37.83818224742323,3405675,29/10/2013,18.35.00,Yes,Collision with vehicle,Tuesday,ENTERING PARKING,Day,144.99589,-37.83818,STONNINGTON,METROPOLITAN SOUTH EAST REGION,3,2,0,0,2,1,2,1,1,1,1,0,0,0,0,0,0,0,0,0,No,0,2,0,1,0,0,MELB_URBAN,MELB_URBAN,STONNINGTON,METROPOLITAN SOUTH EAST REGION,SOUTH YARRA,2013,10,October
144.96325957406103,-37.727412311367225,3405687,29/10/2013,16.30.00,No,Collision with vehicle,Tuesday,VEHICLE STRIKES ANOTHER VEH WHILE EMERGING FROM DRIVEWAY,Day,144.96326000000005,-37.72741,MORELAND,METROPOLITAN NORTH WEST REGION,2,1,0,0,1,1,2,0,1,0,1,0,0,0,0,0,0,0,0,0,No,0,2,0,1,0,0,MELB_URBAN,MELB_URBAN,MORELAND,METROPOLITAN NORTH WEST REGION,COBURG NORTH,2013,10,October
144.9206204134327,-37.82081171972687,3405725,14/11/2013,08.22.00,No,Collision with vehicle,Thursday,LEFT TURN SIDESWIPE,Day,144.92061999999999,-37.820809999999994,MELBOURNE,METROPOLITAN NORTH WEST REGION,2,1,0,0,1,1,1,1,1,0,1,0,0,0,0,0,0,0,0,0,No,0,2,0,1,0,0,MELB_URBAN,MELB_URBAN,MELBOURNE,METROPOLITAN NORTH WEST REGION,DOCKLANDS,2013,11,November
144.96295801317387,-37.80629978165057,3405730,12/10/2013,20.06.00,Yes,Collision with vehicle,Saturday,REAR END(VEHICLES IN SAME LANE),Dark Street lights on,144.96296,-37.8063,MELBOURNE,METROPOLITAN NORTH WEST REGION,2,1,0,1,0,1,2,0,1,0,1,0,0,0,0,0,0,0,0,0,No,0,2,0,1,0,0,MELB_URBAN,MELB_URBAN,MELBOURNE,METROPOLITAN NORTH WEST REGION,CARLTON,2013,10,October
144.90718826367316,-37.863993290664546,3405751,18/10/2013,17.00.00,Yes,Collision with vehicle,Friday,LEAVING PARKING,Dusk/Dawn,144.90718999999999,-37.86399,HOBSONS BAY,METROPOLITAN NORTH WEST REGION,2,1,0,0,1,1,1,1,1,0,1,0,0,0,0,0,0,0,0,0,No,0,2,0,1,0,0,MELB_URBAN,MELB_URBAN,HOBSONS BAY,METROPOLITAN NORTH WEST REGION,WILLIAMSTOWN,2013,10,October
144.97132141806938,-37.82989507390264,3405754,24/10/2013,07.55.00,No,Collision with vehicle,Thursday,RIGHT THROUGH,Day,144.97132,-37.8299,PORT PHILLIP,METROPOLITAN NORTH WEST REGION,2,1,0,1,0,1,1,1,1,0,1,0,0,0,0,0,0,0,0,0,No,0,2,0,1,0,0,MELB_URBAN,MELB_URBAN,"PORT PHILLIP,MELBOURNE",METROPOLITAN NORTH WEST REGION,MELBOURNE,2013,10,October
145.0330125928919,-37.835490684968704,3405759,24/10/2013,08.00.00,No,Collision with vehicle,Thursday,RIGHT THROUGH,Day,145.03301000000005,-37.83549,BOROONDARA,METROPOLITAN SOUTH EAST REGION,2,1,0,0,1,1,2,0,1,0,1,0,0,0,0,0,0,0,0,0,No,0,2,0,1,0,0,MELB_URBAN,MELB_URBAN,BOROONDARA,METROPOLITAN SOUTH EAST REGION,HAWTHORN,2013,10,October
145.04487138029998,-37.823369325902384,3405761,24/10/2013,11.40.00,No,Collision with vehicle,Thursday,VEHICLE STRIKES DOOR OF PARKED/STATIONARY VEHICLE,Day,145.04487,-37.823370000000004,BOROONDARA,METROPOLITAN SOUTH EAST REGION,3,1,0,0,1,2,2,1,1,0,2,0,0,0,0,0,0,0,0,0,No,1,3,0,1,0,0,MELB_URBAN,MELB_URBAN,BOROONDARA,METROPOLITAN SOUTH EAST REGION,HAWTHORN,2013,10,October
143.74461019013134,-37.051799844206585,3405762,24/10/2013,14.30.00,No,Collision with vehicle,Thursday,VEHICLE STRIKES ANOTHER VEH WHILE EMERGING FROM DRIVEWAY,Day,143.74461000000005,-37.0518,CENTRAL GOLDFIELDS,WESTERN REGION,2,1,0,0,1,1,2,0,1,0,1,0,0,0,0,0,0,0,0,0,No,0,2,0,1,0,0,TOWNS,TOWNS,CENTRAL GOLDFIELDS,WESTERN REGION,MARYBOROUGH,2013,10,October
144.96135881146827,-37.810316721263774,3405794,18/10/2013,09.45.00,No,Collision with vehicle,Friday,LEFT TURN SIDESWIPE,Day,144.96136,-37.810320000000004,MELBOURNE,METROPOLITAN NORTH WEST REGION,2,1,0,0,1,1,1,0,1,0,1,0,0,0,0,0,0,0,0,0,No,0,2,0,1,0,0,MELBOURNE_CBD,"MELBOURNE_CBD,MELB_URBAN",MELBOURNE,METROPOLITAN NORTH WEST REGION,MELBOURNE,2013,10,October
145.06275017616176,-37.82190911193576,3405795,18/10/2013,16.00.00,Yes,Collision with vehicle,Friday,RIGHT THROUGH,Day,145.06275,-37.821909999999995,BOROONDARA,METROPOLITAN SOUTH EAST REGION,2,1,0,0,1,1,1,1,1,0,1,0,0,0,0,0,0,0,0,0,No,0,2,0,1,0,0,MELB_URBAN,MELB_URBAN,BOROONDARA,METROPOLITAN SOUTH EAST REGION,CAMBERWELL,2013,10,October
144.9743201471895,-37.83465603769578,3405803,18/10/2013,17.00.00,Yes,Collision with vehicle,Friday,LEFT NEAR (INTERSECTIONS ONLY),Dusk/Dawn,144.97432,-37.83466,PORT PHILLIP,METROPOLITAN NORTH WEST REGION,7,1,0,0,1,6,2,5,1,4,2,0,0,0,0,0,0,0,0,0,No,0,3,0,2,0,0,MELB_URBAN,MELB_URBAN,PORT PHILLIP,METROPOLITAN NORTH WEST REGION,MELBOURNE,2013,10,October
144.999260662685,-37.811846531826156,3405815,24/10/2013,17.53.00,No,Collision with vehicle,Thursday,RIGHT THROUGH,Day,144.99926000000005,-37.81185,YARRA,METROPOLITAN NORTH WEST REGION,2,1,0,0,1,1,1,1,1,0,1,0,0,0,0,0,0,0,0,0,No,0,2,0,1,0,0,MELB_URBAN,MELB_URBAN,YARRA,METROPOLITAN NORTH WEST REGION,RICHMOND,2013,10,October
144.9711331652887,-37.835066474294,3405822,8/10/2013,18.33.00,Yes,Collision with vehicle,Tuesday,LEFT TURN SIDESWIPE,Day,144.97113000000004,-37.83507,PORT PHILLIP,METROPOLITAN NORTH WEST REGION,2,2,0,0,2,0,1,1,1,0,1,0,0,0,0,0,0,0,0,0,No,0,2,0,1,0,0,MELB_URBAN,MELB_URBAN,PORT PHILLIP,METROPOLITAN NORTH WEST REGION,MELBOURNE,2013,10,October
144.90384631373055,-38.35582399498539,3405830,9/10/2013,08.45.00,No,Collision with vehicle,Wednesday,RIGHT THROUGH,Day,144.90385,-38.35582,MORNINGTON PENINSULA,METROPOLITAN SOUTH EAST REGION,3,1,0,0,1,2,2,1,1,1,1,0,0,0,0,0,0,0,1,0,No,0,2,0,1,0,0,MELB_URBAN,MELB_URBAN,MORNINGTON PENINSULA,METROPOLITAN SOUTH EAST REGION,ROSEBUD,2013,10,October
143.66679053669085,-38.56541972735797,3405835,12/10/2013,14.30.00,Yes,Collision with vehicle,Saturday,HEAD ON (NOT OVERTAKING),Day,143.66679,-38.56542,COLAC OTWAY,SOUTH WESTERN REGION,3,1,0,1,0,2,2,1,1,1,1,0,0,0,0,0,0,0,0,1,No,0,2,0,1,0,0,RURAL_VICTORIA,RURAL_VICTORIA,COLAC OTWAY,SOUTH WESTERN REGION,BARRAMUNGA,2013,10,October
145.04871976071038,-37.81610126906868,3405846,19/10/2013,07.00.00,Yes,Collision with vehicle,Saturday,REAR END(VEHICLES IN SAME LANE),Day,145.04872,-37.8161,BOROONDARA,METROPOLITAN SOUTH EAST REGION,2,1,0,1,0,1,1,1,1,0,1,0,0,0,0,0,0,0,0,0,No,0,2,0,1,0,0,MELB_URBAN,MELB_URBAN,BOROONDARA,METROPOLITAN SOUTH EAST REGION,KEW,2013,10,October
146.3158220242512,-36.361448917785246,3405851,19/10/2013,09.20.00,No,Collision with vehicle,Saturday,RIGHT NEAR (INTERSECTIONS ONLY),Day,146.31582,-36.36145,WANGARATTA,NORTH EASTERN REGION,2,1,0,0,1,1,2,0,1,0,1,0,0,0,0,0,0,0,0,0,No,0,2,0,1,0,0,SMALL_CITIES,SMALL_CITIES,WANGARATTA,NORTH EASTERN REGION,WANGARATTA,2013,10,October
144.74712015249412,-37.85405888195374,3405852,19/10/2013,08.30.00,No,Collision with vehicle,Saturday,VEHICLE OFF FOOTPATH STRIKES VEH ON CARRIAGEWAY,Day,144.74712,-37.85406,WYNDHAM,METROPOLITAN NORTH WEST REGION,4,1,0,0,1,3,2,2,1,2,1,0,0,0,0,0,0,0,0,0,No,0,2,0,1,0,0,MELB_URBAN,MELB_URBAN,WYNDHAM,METROPOLITAN NORTH WEST REGION,WILLIAMS LANDING,2013,10,October
144.96030038604357,-37.80422744304453,3405857,25/10/2013,08.30.00,No,Collision with vehicle,Friday,RIGHT THROUGH,Day,144.9603,-37.80423,MELBOURNE,METROPOLITAN NORTH WEST REGION,2,1,0,0,1,1,2,0,1,0,1,0,0,0,0,0,0,0,0,0,No,0,2,0,1,0,0,MELB_URBAN,MELB_URBAN,MELBOURNE,METROPOLITAN NORTH WEST REGION,CARLTON,2013,10,October
144.9792681527683,-37.86165908223147,3405858,25/10/2013,10.00.00,No,Collision with vehicle,Friday,RIGHT THROUGH,Day,144.97926999999999,-37.86166,PORT PHILLIP,METROPOLITAN NORTH WEST REGION,2,1,0,0,1,1,1,1,1,0,1,0,0,0,0,0,0,0,0,0,No,0,2,0,1,0,0,MELB_URBAN,MELB_URBAN,PORT PHILLIP,METROPOLITAN NORTH WEST REGION,ST KILDA,2013,10,October
144.95948646964987,-37.80414375565357,3405862,24/10/2013,09.00.00,No,Collision with vehicle,Thursday,REAR END(VEHICLES IN SAME LANE),Day,144.95949,-37.804140000000004,MELBOURNE,METROPOLITAN NORTH WEST REGION,2,1,0,0,1,1,2,0,1,0,1,0,0,0,0,0,0,0,0,0,No,0,2,0,1,0,0,MELB_URBAN,MELB_URBAN,MELBOURNE,METROPOLITAN NORTH WEST REGION,CARLTON,2013,10,October
144.9925404902594,-37.76279735765753,3405876,9/10/2013,10.40.00,No,Collision with vehicle,Wednesday,VEHICLE OFF FOOTPATH STRIKES VEH ON CARRIAGEWAY,Day,144.99254,-37.7628,DAREBIN,METROPOLITAN NORTH WEST REGION,2,1,0,1,0,1,2,0,1,0,1,0,0,0,0,0,0,0,0,1,No,0,2,0,1,0,0,MELB_URBAN,MELB_URBAN,DAREBIN,METROPOLITAN NORTH WEST REGION,NORTHCOTE,2013,10,October
144.92260683890092,-37.78940688067753,3405879,5/10/2013,21.30.00,Yes,Collision with vehicle,Saturday,VEHICLE OFF FOOTPATH STRIKES VEH ON CARRIAGEWAY,Dark Street lights on,144.92261000000005,-37.78941,MELBOURNE,METROPOLITAN NORTH WEST REGION,2,1,0,1,0,1,1,1,1,0,1,0,0,0,0,0,0,0,0,0,No,0,2,0,1,0,0,MELB_URBAN,MELB_URBAN,MELBOURNE,METROPOLITAN NORTH WEST REGION,KENSINGTON,2013,10,October
144.35992118454362,-38.142757707870686,3405897,19/10/2013,11.41.00,No,Collision with vehicle,Saturday,ENTERING PARKING,Day,144.35992,-38.142759999999996,GEELONG,SOUTH WESTERN REGION,3,1,0,0,1,2,2,1,1,1,1,0,0,0,0,0,1,0,0,0,No,0,2,0,1,0,0,LARGE_PROVINCIAL_CITIES,LARGE_PROVINCIAL_CITIES,GEELONG,SOUTH WESTERN REGION,GEELONG,2013,10,October
144.56494031950598,-37.701783057577316,3405903,18/10/2013,17.00.00,No,Collision with vehicle,Thursday,LANE SIDE SWIPE (VEHICLES IN PARALLEL LANES),Day,144.56493999999995,-37.70178,MELTON,METROPOLITAN NORTH WEST REGION,2,1,0,0,1,1,1,1,1,0,1,0,0,0,0,0,0,0,0,0,No,0,2,0,1,0,0,SMALL_CITIES,SMALL_CITIES,MELTON,METROPOLITAN NORTH WEST REGION,BROOKFIELD,2013,10,October
145.02908043062124,-37.807420737778656,3405949,19/10/2013,09.15.00,No,Collision with vehicle,Saturday,LANE CHANGE LEFT (NOT OVERTAKING),Day,145.02908,-37.80742,BOROONDARA,METROPOLITAN SOUTH EAST REGION,2,1,0,0,1,1,1,1,1,0,1,0,0,0,0,0,0,0,0,0,No,0,2,0,1,0,0,MELB_URBAN,MELB_URBAN,BOROONDARA,METROPOLITAN SOUTH EAST REGION,KEW,2013,10,October
145.00812066796044,-37.95228686315405,3405963,22/10/2013,13.45.00,No,Collision with vehicle,Tuesday,VEHICLE STRIKES ANOTHER VEH WHILE EMERGING FROM DRIVEWAY,Day,145.00812,-37.95229000000001,BAYSIDE,METROPOLITAN SOUTH EAST REGION,3,1,0,0,1,2,2,1,1,1,1,0,0,0,0,0,0,0,0,0,No,0,2,0,1,0,0,MELB_URBAN,MELB_URBAN,BAYSIDE,METROPOLITAN SOUTH EAST REGION,SANDRINGHAM,2013,10,October
145.26923630357854,-37.785057245662976,3405965,22/10/2013,12.30.00,No,Collision with vehicle,Tuesday,RIGHT FAR (INTERSECTIONS ONLY),Day,145.26924,-37.785059999999994,MAROONDAH,METROPOLITAN SOUTH EAST REGION,2,1,0,0,1,1,1,0,1,0,0,0,0,0,1,0,0,0,0,0,No,0,2,0,0,0,0,MELB_URBAN,MELB_URBAN,MAROONDAH,METROPOLITAN SOUTH EAST REGION,CROYDON,2013,10,October
144.9711399947394,-37.7519899954693,3405977,9/10/2013,15.32.00,No,Collision with vehicle,Wednesday,CROSS TRAFFIC(INTERSECTIONS ONLY),Day,144.97114,-37.75199,MORELAND,METROPOLITAN NORTH WEST REGION,2,1,0,0,1,1,1,1,1,0,1,0,0,0,0,0,0,0,0,1,No,0,2,0,1,0,0,MELB_URBAN,MELB_URBAN,MORELAND,METROPOLITAN NORTH WEST REGION,COBURG,2013,10,October
145.0150804342088,-37.651087631740594,3405982,9/10/2013,16.10.00,No,Collision with vehicle,Wednesday,LANE CHANGE LEFT (NOT OVERTAKING),Day,145.01508,-37.65109,WHITTLESEA,METROPOLITAN NORTH WEST REGION,2,1,0,0,1,1,2,0,1,0,1,0,0,0,0,0,0,0,0,1,No,0,2,0,1,0,0,MELB_URBAN,MELB_URBAN,WHITTLESEA,METROPOLITAN NORTH WEST REGION,EPPING,2013,10,October
144.9916019026977,-37.861463649718814,3406006,20/10/2013,09.00.00,Yes,Collision with vehicle,Sunday,RIGHT NEAR (INTERSECTIONS ONLY),Day,144.9916,-37.86146,PORT PHILLIP,METROPOLITAN NORTH WEST REGION,2,1,0,0,1,1,0,2,1,0,1,0,0,0,0,0,0,0,0,0,No,0,2,0,1,0,0,MELB_URBAN,MELB_URBAN,PORT PHILLIP,METROPOLITAN NORTH WEST REGION,ST KILDA,2013,10,October
144.42806824222563,-38.03152762674739,3406013,20/10/2013,13.15.00,No,Collision with vehicle,Sunday,LANE SIDE SWIPE (VEHICLES IN PARALLEL LANES),Day,144.42807,-38.03153,GEELONG,SOUTH WESTERN REGION,2,1,0,1,0,1,0,1,1,0,0,0,0,0,1,0,0,0,0,0,No,0,2,0,0,0,0,SMALL_CITIES,SMALL_CITIES,GEELONG,SOUTH WESTERN REGION,LARA,2013,10,October
144.96963657247073,-37.8586887684406,3406024,4/10/2013,14.10.00,No,Collision with vehicle,Friday,REAR END(VEHICLES IN SAME LANE),Day,144.96964,-37.85869,PORT PHILLIP,METROPOLITAN NORTH WEST REGION,2,1,0,1,0,1,1,1,1,0,1,0,0,0,0,0,0,0,1,0,No,0,2,0,1,0,0,MELB_URBAN,MELB_URBAN,PORT PHILLIP,METROPOLITAN NORTH WEST REGION,ST KILDA WEST,2013,10,October
144.97545452830514,-37.8107128384976,3406030,10/10/2013,08.35.00,No,Collision with vehicle,Thursday,LEFT TURN SIDESWIPE,Day,144.97545,-37.81071,MELBOURNE,METROPOLITAN NORTH WEST REGION,2,1,0,1,0,1,2,0,1,0,1,0,0,0,0,0,0,0,1,0,No,0,2,0,1,0,0,MELB_URBAN,MELB_URBAN,MELBOURNE,METROPOLITAN NORTH WEST REGION,EAST MELBOURNE,2013,10,October
145.02351196297874,-37.81313187481306,3406042,15/10/2013,08.24.00,No,Collision with vehicle,Tuesday,VEHICLE OFF FOOTPATH STRIKES VEH ON CARRIAGEWAY,Day,145.02351000000004,-37.81313,BOROONDARA,METROPOLITAN SOUTH EAST REGION,2,1,0,0,1,1,1,1,1,0,1,0,0,0,0,0,0,0,0,0,No,0,2,0,1,0,0,MELB_URBAN,MELB_URBAN,BOROONDARA,METROPOLITAN SOUTH EAST REGION,HAWTHORN,2013,10,October
145.00469794274107,-37.840590656870454,3406061,20/10/2013,10.25.00,No,Collision with vehicle,Sunday,RIGHT THROUGH,Day,145.0047,-37.84059,STONNINGTON,METROPOLITAN SOUTH EAST REGION,2,1,0,0,1,1,2,0,1,0,1,0,0,0,0,0,0,0,0,0,No,0,2,0,1,0,0,MELB_URBAN,MELB_URBAN,STONNINGTON,METROPOLITAN SOUTH EAST REGION,TOORAK,2013,10,October
144.37334192684602,-38.156783000260795,3406070,3/10/2013,18.00.00,Yes,Collision with vehicle,Thursday,LEFT NEAR (INTERSECTIONS ONLY),Dusk/Dawn,144.37333999999996,-38.15678,GEELONG,SOUTH WESTERN REGION,2,1,0,1,0,1,1,1,1,0,1,0,0,0,0,0,0,0,0,0,No,0,2,0,1,0,0,LARGE_PROVINCIAL_CITIES,LARGE_PROVINCIAL_CITIES,GEELONG,SOUTH WESTERN REGION,EAST GEELONG,2013,10,October
144.74397918867285,-37.69323990189106,3406082,10/10/2013,07.55.00,No,Collision with vehicle,Thursday,VEHICLE STRIKES ANOTHER VEH WHILE EMERGING FROM DRIVEWAY,Day,144.74398,-37.69324,MELTON,METROPOLITAN NORTH WEST REGION,2,1,0,0,1,1,2,0,1,0,1,0,0,0,0,0,0,0,0,0,No,0,2,0,1,0,0,MELB_URBAN,MELB_URBAN,MELTON,METROPOLITAN NORTH WEST REGION,HILLSIDE,2013,10,October
144.25925879861202,-36.77219708321208,3406086,8/10/2013,13.00.00,No,Collision with vehicle,Tuesday,VEHICLE STRIKES DOOR OF PARKED/STATIONARY VEHICLE,Day,144.25926,-36.7722,BENDIGO,NORTHERN REGION,2,1,0,1,0,1,1,0,1,0,0,0,0,0,1,0,0,0,0,0,No,0,2,0,0,0,0,LARGE_PROVINCIAL_CITIES,LARGE_PROVINCIAL_CITIES,BENDIGO,NORTHERN REGION,GOLDEN SQUARE,2013,10,October
144.97487713550169,-37.79795209443572,3406094,15/10/2013,08.00.00,No,Collision with vehicle,Monday,REAR END(VEHICLES IN SAME LANE),Unk.,144.97488,-37.79795,MELBOURNE,METROPOLITAN NORTH WEST REGION,2,1,0,0,1,1,1,1,1,0,1,0,0,0,0,0,0,0,0,0,No,0,2,0,1,0,0,MELB_URBAN,MELB_URBAN,"YARRA,MELBOURNE",METROPOLITAN NORTH WEST REGION,FITZROY,2013,10,October
145.00554096616725,-37.69933076915053,3406101,15/10/2013,15.33.00,No,Collision with vehicle,Monday,LANE SIDE SWIPE (VEHICLES IN PARALLEL LANES),Day,145.00554,-37.699329999999996,DAREBIN,METROPOLITAN NORTH WEST REGION,2,1,0,0,1,1,2,0,1,0,1,0,0,0,0,0,0,0,1,0,No,0,2,0,1,0,0,MELB_URBAN,MELB_URBAN,DAREBIN,METROPOLITAN NORTH WEST REGION,RESERVOIR,2013,10,October
145.00193720737502,-37.89714444023177,3406102,15/10/2013,17.14.00,No,Collision with vehicle,Tuesday,RIGHT THROUGH,Day,145.00194,-37.89714,BAYSIDE,METROPOLITAN SOUTH EAST REGION,2,1,0,1,0,1,2,0,1,0,1,0,0,0,0,0,0,0,0,0,No,0,2,0,1,0,0,MELB_URBAN,MELB_URBAN,BAYSIDE,METROPOLITAN SOUTH EAST REGION,BRIGHTON,2013,10,October
144.97886984809003,-37.79595094440165,3406106,20/10/2013,16.30.00,Yes,Collision with vehicle,Sunday,U TURN,Day,144.97887,-37.79595,YARRA,METROPOLITAN NORTH WEST REGION,2,1,0,0,1,1,1,1,1,0,1,0,0,0,0,0,0,0,0,1,No,0,2,0,1,0,0,MELB_URBAN,MELB_URBAN,YARRA,METROPOLITAN NORTH WEST REGION,FITZROY,2013,10,October
144.978902271318,-37.84601806357699,3406116,21/10/2013,07.30.00,No,Collision with vehicle,Monday,RIGHT THROUGH,Day,144.9789,-37.84602,PORT PHILLIP,METROPOLITAN NORTH WEST REGION,2,1,0,0,1,1,1,1,1,0,1,0,0,0,0,0,0,0,0,0,No,0,2,0,1,0,0,MELB_URBAN,MELB_URBAN,PORT PHILLIP,METROPOLITAN NORTH WEST REGION,MELBOURNE,2013,10,October
144.98997093063312,-37.83877551957657,3406126,4/10/2013,11.55.00,No,Collision with vehicle,Friday,VEHICLE STRIKES DOOR OF PARKED/STATIONARY VEHICLE,Day,144.98997,-37.83878,STONNINGTON,METROPOLITAN SOUTH EAST REGION,2,1,0,0,1,1,0,2,1,0,1,0,0,0,0,0,0,0,0,0,No,0,2,0,1,0,0,MELB_URBAN,MELB_URBAN,STONNINGTON,METROPOLITAN SOUTH EAST REGION,SOUTH YARRA,2013,10,October
144.90739004378898,-37.71932981564945,3406127,25/9/2013,08.15.00,No,Collision with vehicle,Wednesday,U TURN,Day,144.90739,-37.71933,MOONEE VALLEY,METROPOLITAN NORTH WEST REGION,2,2,0,0,2,0,2,0,1,0,1,0,0,0,0,0,0,0,0,0,No,0,2,0,1,0,0,MELB_URBAN,MELB_URBAN,MOONEE VALLEY,METROPOLITAN NORTH WEST REGION,STRATHMORE,2013,9,September