X,Y,OBJECTID,ACCIDENT_DATE,ACCIDENT_TIME,ALCOHOLTIME,ACCIDENT_TYPE,DAY_OF_WEEK,DCA_CODE,LIGHT_CONDITION,LONGITUDE,LATITUDE,LGA_NAME,REGION_NAME,TOTAL_PERSONS,INJ_OR_FATAL,FATALITY,SERIOUSINJURY,OTHERINJURY,NONINJURED,MALES,FEMALES,BICYCLIST,PASSENGER,DRIVER,PEDESTRIAN,PILLION,MOTORIST,UNKNOWN,PED_CYCLIST_5_12,PED_CYCLIST_13_18,OLD_PEDESTRIAN,OLD_DRIVER,YOUNG_DRIVER,ALCOHOL_RELATED,UNLICENCSED,NO_OF_VEHICLES,HEAVYVEHICLE,PASSENGERVEHICLE,MOTORCYCLE,PUBLICVEHICLE,DEG_URBAN_NAME,DEG_URBAN_ALL,LGA_NAME_ALL,REGION_NAME_ALL,Suburb,Year,Month,Month_name
144.30642514044357,-36.76660065357899,3410395,7/3/2014,08.45.00,No,Collision with vehicle,Friday,LEFT NEAR (INTERSECTIONS ONLY),Day,144.30643,-36.7666,BENDIGO,NORTHERN REGION,2,2,0,0,2,0,1,1,1,0,1,0,0,0,0,1,0,0,0,0,No,0,2,0,1,0,0,LARGE_PROVINCIAL_CITIES,LARGE_PROVINCIAL_CITIES,BENDIGO,NORTHERN REGION,KENNINGTON,2014,3,March
144.74555872303011,-37.73420265164148,3410397,7/3/2014,12.30.00,No,Collision with vehicle,Friday,HEAD ON (NOT OVERTAKING),Day,144.74556,-37.7342,MELTON,METROPOLITAN NORTH WEST REGION,2,1,0,0,1,1,1,0,1,0,1,0,0,0,0,0,0,0,0,0,No,0,2,0,1,0,0,MELB_URBAN,MELB_URBAN,MELTON,METROPOLITAN NORTH WEST REGION,CAROLINE SPRINGS,2014,3,March
144.97988704205596,-37.86872173630316,3410400,12/3/2014,11.45.00,No,No collision and no object struck,Wednesday,OUT OF CONTROL ON CARRIAGEWAY (ON STRAIGHT),Day,144.97988999999995,-37.86872,PORT PHILLIP,METROPOLITAN NORTH WEST REGION,2,1,0,1,0,1,1,1,1,0,1,0,0,0,0,0,0,0,0,0,No,0,2,0,1,0,0,MELB_URBAN,MELB_URBAN,PORT PHILLIP,METROPOLITAN NORTH WEST REGION,ST KILDA,2014,3,March
145.0124471366574,-37.831493107659625,3410404,6/3/2014,17.00.00,No,Collision with vehicle,Thursday,OTHER SAME DIRECTION-MANOUEVRES NOT INCLUDED IN DCAs 130-137,Dusk/Dawn,145.01245,-37.83149,STONNINGTON,METROPOLITAN SOUTH EAST REGION,2,1,0,0,1,1,0,2,1,0,1,0,0,0,0,0,0,0,0,0,No,0,2,0,1,0,0,MELB_URBAN,MELB_URBAN,STONNINGTON,METROPOLITAN SOUTH EAST REGION,TOORAK,2014,3,March
144.93844885398823,-37.73178986475492,3410411,3/3/2014,09.50.00,No,Collision with vehicle,Monday,VEHICLE STRIKES DOOR OF PARKED/STATIONARY VEHICLE,Day,144.93845,-37.731790000000004,MORELAND,METROPOLITAN NORTH WEST REGION,2,1,0,1,0,1,1,1,1,0,1,0,0,0,0,0,0,0,0,0,No,0,2,0,1,0,0,MELB_URBAN,MELB_URBAN,MORELAND,METROPOLITAN NORTH WEST REGION,PASCOE VALE,2014,3,March
144.35527480298083,-38.11316053571797,3410415,17/3/2014,18.00.00,Yes,Collision with vehicle,Monday,VEHICLE STRIKES ANOTHER VEH WHILE EMERGING FROM DRIVEWAY,Dusk/Dawn,144.35527,-38.11316,GEELONG,SOUTH WESTERN REGION,2,1,0,0,1,1,2,0,1,0,1,0,0,0,0,0,0,0,0,0,No,0,2,0,1,0,0,LARGE_PROVINCIAL_CITIES,LARGE_PROVINCIAL_CITIES,GEELONG,SOUTH WESTERN REGION,NORTH GEELONG,2014,3,March
144.97976517154666,-37.79067526763949,3410423,18/3/2014,07.45.00,No,Collision with vehicle,Tuesday,CROSS TRAFFIC(INTERSECTIONS ONLY),Dusk/Dawn,144.97977,-37.79068,YARRA,METROPOLITAN NORTH WEST REGION,2,1,0,0,1,1,2,0,1,0,1,0,0,0,0,0,0,0,0,0,No,0,2,0,1,0,0,MELB_URBAN,MELB_URBAN,YARRA,METROPOLITAN NORTH WEST REGION,FITZROY NORTH,2014,3,March
144.9180999353022,-37.735760420668,3410425,18/3/2014,09.00.00,No,Collision with vehicle,Tuesday,LEAVING PARKING,Day,144.9181,-37.73576,MOONEE VALLEY,METROPOLITAN NORTH WEST REGION,2,1,0,1,0,1,0,2,1,0,1,0,0,0,0,0,0,0,0,0,No,0,2,0,1,0,0,MELB_URBAN,MELB_URBAN,MOONEE VALLEY,METROPOLITAN NORTH WEST REGION,STRATHMORE,2014,3,March
145.21177259261438,-37.87676065278117,3410426,22/3/2014,15.45.00,Yes,Collision with vehicle,Saturday,VEHICLE OFF FOOTPATH STRIKES VEH ON CARRIAGEWAY,Day,145.21177,-37.87676,KNOX,METROPOLITAN SOUTH EAST REGION,2,1,0,0,1,1,1,1,1,0,1,0,0,0,0,0,0,0,0,0,No,0,2,0,1,0,0,MELB_URBAN,MELB_URBAN,KNOX,METROPOLITAN SOUTH EAST REGION,WANTIRNA SOUTH,2014,3,March
144.89032650619336,-37.78685957367463,3410432,22/3/2014,16.10.00,Yes,Collision with vehicle,Saturday,LEFT TURN SIDESWIPE,Day,144.89033,-37.78686,MARIBYRNONG,METROPOLITAN NORTH WEST REGION,2,1,0,0,1,1,1,1,1,0,1,0,0,0,0,0,0,0,0,0,No,0,2,0,1,0,0,MELB_URBAN,MELB_URBAN,MARIBYRNONG,METROPOLITAN NORTH WEST REGION,MARIBYRNONG,2014,3,March
145.0548433029624,-37.841166263897584,3410444,7/3/2014,15.15.00,No,Collision with vehicle,Friday,RIGHT THROUGH,Day,145.05483999999996,-37.84117,BOROONDARA,METROPOLITAN SOUTH EAST REGION,2,1,0,0,1,1,1,1,1,0,1,0,0,0,0,0,0,0,0,0,No,0,2,0,1,0,0,MELB_URBAN,MELB_URBAN,BOROONDARA,METROPOLITAN SOUTH EAST REGION,CAMBERWELL,2014,3,March
145.02390838692153,-37.93719981089974,3410449,7/3/2014,16.20.00,Yes,Collision with vehicle,Friday,VEHICLE STRIKES ANOTHER VEH WHILE EMERGING FROM DRIVEWAY,Day,145.02391,-37.9372,BAYSIDE,METROPOLITAN SOUTH EAST REGION,2,1,0,0,1,1,2,0,1,0,1,0,0,0,0,0,1,0,0,0,No,0,2,0,1,0,0,MELB_URBAN,MELB_URBAN,BAYSIDE,METROPOLITAN SOUTH EAST REGION,HAMPTON,2014,3,March
145.11361956384414,-37.89771613828111,3410454,12/3/2014,19.00.00,Yes,Collision with vehicle,Wednesday,RIGHT NEAR (INTERSECTIONS ONLY),Dusk/Dawn,145.11362,-37.89772,MONASH,METROPOLITAN SOUTH EAST REGION,4,1,0,0,1,3,3,1,1,2,1,0,0,0,0,0,0,0,0,0,No,0,2,0,1,0,0,MELB_URBAN,MELB_URBAN,MONASH,METROPOLITAN SOUTH EAST REGION,MOUNT WAVERLEY,2014,3,March
144.22272049663468,-35.80739979192166,3410457,12/3/2014,19.25.00,Yes,Collision with vehicle,Wednesday,RIGHT THROUGH,Dusk/Dawn,144.22271999999995,-35.8074,GANNAWARRA,NORTHERN REGION,2,1,0,0,1,1,2,0,1,0,1,0,0,0,0,1,0,0,0,0,No,0,2,0,1,0,0,TOWNS,TOWNS,GANNAWARRA,NORTHERN REGION,COHUNA,2014,3,March
144.96563370278614,-37.763727801111095,3410458,12/3/2014,18.56.00,Yes,Collision with vehicle,Wednesday,RIGHT THROUGH,Dusk/Dawn,144.96563,-37.763729999999995,MORELAND,METROPOLITAN NORTH WEST REGION,2,1,0,1,0,1,2,0,1,0,1,0,0,0,0,0,0,0,0,0,No,0,2,0,1,0,0,MELB_URBAN,MELB_URBAN,MORELAND,METROPOLITAN NORTH WEST REGION,BRUNSWICK,2014,3,March
144.97214111853881,-37.815489674365615,3410466,18/3/2014,07.25.00,No,Collision with vehicle,Tuesday,ENTERING PARKING,Dusk/Dawn,144.97214,-37.815490000000004,MELBOURNE,METROPOLITAN NORTH WEST REGION,2,1,0,0,1,1,2,0,1,0,1,0,0,0,0,0,0,0,0,0,No,0,2,0,1,0,0,MELBOURNE_CBD,MELBOURNE_CBD,MELBOURNE,METROPOLITAN NORTH WEST REGION,MELBOURNE,2014,3,March
144.96884642980308,-37.807294391820996,3410493,7/3/2014,08.00.00,No,Collision with vehicle,Friday,RIGHT THROUGH,Day,144.96885,-37.80729,MELBOURNE,METROPOLITAN NORTH WEST REGION,2,1,0,1,0,1,2,0,1,0,1,0,0,0,0,0,0,0,0,0,No,0,2,0,0,0,1,MELB_URBAN,MELB_URBAN,MELBOURNE,METROPOLITAN NORTH WEST REGION,CARLTON,2014,3,March
144.99286936395688,-37.76860334834569,3410497,7/3/2014,15.15.00,No,Collision with vehicle,Friday,VEHICLE STRIKES DOOR OF PARKED/STATIONARY VEHICLE,Day,144.99286999999995,-37.7686,DAREBIN,METROPOLITAN NORTH WEST REGION,3,2,0,0,2,1,2,1,1,0,2,0,0,0,0,0,0,0,0,0,No,0,3,0,2,0,0,MELB_URBAN,MELB_URBAN,DAREBIN,METROPOLITAN NORTH WEST REGION,NORTHCOTE,2014,3,March
144.892583648244,-37.83180039369364,3410499,7/3/2014,16.45.00,Yes,Collision with vehicle,Friday,LEAVING PARKING,Day,144.89258,-37.8318,HOBSONS BAY,METROPOLITAN NORTH WEST REGION,3,1,0,0,1,2,0,3,1,0,2,0,0,0,0,0,0,0,0,1,No,0,3,0,2,0,0,MELB_URBAN,MELB_URBAN,HOBSONS BAY,METROPOLITAN NORTH WEST REGION,SPOTSWOOD,2014,3,March
145.10925021425885,-38.039834467383756,3410554,8/3/2014,08.20.00,No,Collision with vehicle,Saturday,RIGHT THROUGH,Day,145.10925,-38.03983,KINGSTON,METROPOLITAN SOUTH EAST REGION,2,1,0,1,0,1,1,1,1,0,1,0,0,0,0,0,0,0,0,0,No,0,2,0,1,0,0,MELB_URBAN,MELB_URBAN,KINGSTON,METROPOLITAN SOUTH EAST REGION,EDITHVALE,2014,3,March
145.06846715731973,-37.8793796502349,3410563,13/3/2014,10.40.00,No,Collision with vehicle,Thursday,VEHICLE STRIKES DOOR OF PARKED/STATIONARY VEHICLE,Day,145.06847,-37.87938,STONNINGTON,METROPOLITAN SOUTH EAST REGION,2,1,0,0,1,1,1,1,1,0,1,0,0,0,0,0,0,0,0,0,No,0,2,0,1,0,0,MELB_URBAN,MELB_URBAN,STONNINGTON,METROPOLITAN SOUTH EAST REGION,MALVERN EAST,2014,3,March
144.96473236840563,-37.81156100368108,3410585,24/3/2014,07.00.00,No,Collision with vehicle,Monday,RIGHT THROUGH,Dusk/Dawn,144.96473,-37.81156,MELBOURNE,METROPOLITAN NORTH WEST REGION,2,1,0,0,1,1,1,1,1,0,1,0,0,0,0,0,0,0,0,0,No,0,2,0,1,0,0,MELBOURNE_CBD,MELBOURNE_CBD,MELBOURNE,METROPOLITAN NORTH WEST REGION,MELBOURNE,2014,3,March
144.8817851960963,-37.795684420148454,3410590,17/3/2014,12.30.00,No,No collision and no object struck,Monday,OFF CARRIAGEWAY TO LEFT,Day,144.88179,-37.79568,MARIBYRNONG,METROPOLITAN NORTH WEST REGION,2,1,0,0,1,1,1,0,1,0,0,0,0,0,1,0,0,0,0,0,No,0,2,0,0,0,0,MELB_URBAN,MELB_URBAN,MARIBYRNONG,METROPOLITAN NORTH WEST REGION,FOOTSCRAY,2014,3,March
145.00341052835955,-37.8629631083819,3410594,24/3/2014,07.38.00,No,Collision with vehicle,Monday,CROSS TRAFFIC(INTERSECTIONS ONLY),Dusk/Dawn,145.00341,-37.86296,PORT PHILLIP,METROPOLITAN NORTH WEST REGION,2,1,0,0,1,1,1,1,1,0,1,0,0,0,0,0,0,0,0,0,No,0,2,0,1,0,0,MELB_URBAN,MELB_URBAN,PORT PHILLIP,METROPOLITAN NORTH WEST REGION,ST KILDA EAST,2014,3,March
145.03004978642943,-37.99157011356924,3410597,8/3/2014,10.40.00,No,Collision with vehicle,Saturday,LEFT TURN SIDESWIPE,Day,145.03005,-37.99157,BAYSIDE,METROPOLITAN SOUTH EAST REGION,8,6,0,3,3,2,3,5,6,1,1,0,0,0,0,0,0,0,1,0,No,0,7,0,1,0,0,MELB_URBAN,MELB_URBAN,BAYSIDE,METROPOLITAN SOUTH EAST REGION,BEAUMARIS,2014,3,March
144.9603203523584,-37.81062075110592,3410599,8/3/2014,11.58.00,No,Collision with vehicle,Saturday,LEFT TURN SIDESWIPE,Day,144.96032,-37.81062,MELBOURNE,METROPOLITAN NORTH WEST REGION,2,1,0,1,0,1,0,2,1,0,1,0,0,0,0,0,0,0,0,1,No,0,2,0,1,0,0,MELBOURNE_CBD,"MELBOURNE_CBD,MELB_URBAN",MELBOURNE,METROPOLITAN NORTH WEST REGION,MELBOURNE,2014,3,March
144.9839712841284,-37.8006985625098,3410612,11/3/2014,17.30.00,No,Collision with vehicle,Tuesday,VEHICLE STRIKES DOOR OF PARKED/STATIONARY VEHICLE,Dusk/Dawn,144.98397,-37.8007,YARRA,METROPOLITAN NORTH WEST REGION,2,1,0,0,1,1,1,1,1,0,1,0,0,0,0,0,0,0,0,0,No,0,2,0,1,0,0,MELB_URBAN,MELB_URBAN,YARRA,METROPOLITAN NORTH WEST REGION,FITZROY,2014,3,March
144.9275239296489,-37.65348459173165,3410616,6/3/2014,19.00.00,Yes,Collision with vehicle,Thursday,REAR END(VEHICLES IN SAME LANE),Dusk/Dawn,144.92752,-37.65348,HUME,METROPOLITAN NORTH WEST REGION,2,1,0,0,1,1,1,0,1,0,1,0,0,0,0,0,1,0,0,0,No,0,2,0,1,0,0,MELB_URBAN,MELB_URBAN,HUME,METROPOLITAN NORTH WEST REGION,MEADOW HEIGHTS,2014,3,March
145.1021983641504,-38.02699060521172,3410623,13/3/2014,15.24.00,No,No collision and no object struck,Thursday,OUT OF CONTROL ON CARRIAGEWAY (ON STRAIGHT),Day,145.1022,-38.02699000000001,KINGSTON,METROPOLITAN SOUTH EAST REGION,2,1,0,1,0,1,2,0,1,0,1,0,0,0,0,0,0,0,0,1,No,0,2,0,1,0,0,MELB_URBAN,MELB_URBAN,KINGSTON,METROPOLITAN SOUTH EAST REGION,ASPENDALE,2014,3,March
145.012066152743,-37.80095363365337,3410629,19/3/2014,11.30.00,No,Collision with vehicle,Wednesday,REAR END(VEHICLES IN SAME LANE),Unk.,145.01207,-37.80095,BOROONDARA,METROPOLITAN SOUTH EAST REGION,2,1,0,1,0,1,0,1,1,0,0,0,0,0,1,0,0,0,0,0,No,0,2,0,0,0,0,MELB_URBAN,MELB_URBAN,BOROONDARA,METROPOLITAN SOUTH EAST REGION,KEW,2014,3,March
144.38589311768024,-38.161381515299226,3410655,22/2/2014,06.30.00,Yes,Collision with vehicle,Saturday,RIGHT NEAR (INTERSECTIONS ONLY),Dusk/Dawn,144.38589,-38.16138,GEELONG,SOUTH WESTERN REGION,2,1,0,0,1,1,1,1,1,0,1,0,0,0,0,0,0,0,0,1,No,0,2,0,1,0,0,LARGE_PROVINCIAL_CITIES,LARGE_PROVINCIAL_CITIES,GEELONG,SOUTH WESTERN REGION,EAST GEELONG,2014,2,February
145.02577192523356,-37.98610866044085,3410658,22/2/2014,10.55.00,No,Collision with vehicle,Saturday,VEHICLE COLLIDES WITH VEHICLE PARKED ON LEFT OF ROAD,Day,145.02577,-37.98611,BAYSIDE,METROPOLITAN SOUTH EAST REGION,1,1,0,1,0,0,1,0,1,0,0,0,0,0,0,0,0,0,0,0,No,0,2,0,1,0,0,MELB_URBAN,MELB_URBAN,BAYSIDE,METROPOLITAN SOUTH EAST REGION,BEAUMARIS,2014,2,February
144.94524888589697,-38.34121765112671,3410659,22/2/2014,10.25.00,No,Collision with vehicle,Saturday,U TURN,Day,144.94525,-38.34122,MORNINGTON PENINSULA,METROPOLITAN SOUTH EAST REGION,2,1,0,0,1,1,2,0,1,0,0,0,0,1,0,0,0,0,0,0,No,0,2,0,0,1,0,MELB_URBAN,MELB_URBAN,MORNINGTON PENINSULA,METROPOLITAN SOUTH EAST REGION,DROMANA,2014,2,February
145.0001752013439,-37.86960742004836,3410663,27/2/2014,08.10.00,No,Collision with vehicle,Thursday,LANE CHANGE LEFT (NOT OVERTAKING),Day,145.00018,-37.869609999999994,GLEN EIRA,METROPOLITAN SOUTH EAST REGION,2,2,0,0,2,0,2,0,1,0,1,0,0,0,0,0,0,0,0,1,No,0,2,0,1,0,0,MELB_URBAN,MELB_URBAN,GLEN EIRA,METROPOLITAN SOUTH EAST REGION,ST KILDA EAST,2014,2,February
146.53519095955357,-38.197176148332574,3410665,26/2/2014,18.44.00,Yes,Collision with vehicle,Wednesday,CROSS TRAFFIC(INTERSECTIONS ONLY),Day,146.53519,-38.197179999999996,LATROBE,EASTERN REGION,2,1,0,0,1,1,2,0,1,0,1,0,0,0,0,0,1,0,0,0,No,0,2,0,1,0,0,SMALL_CITIES,SMALL_CITIES,LATROBE,"EASTERN REGION,EASTERN REGION",TRARALGON,2014,2,February
146.30149975399627,-36.35840797128023,3410673,4/3/2014,08.10.00,No,Collision with vehicle,Tuesday,LEFT NEAR (INTERSECTIONS ONLY),Day,146.3015,-36.35841,WANGARATTA,NORTH EASTERN REGION,2,1,0,0,1,1,1,1,1,0,1,0,0,0,0,0,0,0,0,0,No,0,2,0,1,0,0,SMALL_CITIES,SMALL_CITIES,WANGARATTA,NORTH EASTERN REGION,WANGARATTA,2014,3,March
144.96635142414888,-37.767502305822966,3410680,3/3/2014,10.30.00,No,Collision with vehicle,Sunday,RIGHT THROUGH,Day,144.96635,-37.7675,MORELAND,METROPOLITAN NORTH WEST REGION,3,1,0,0,1,2,2,1,1,1,1,0,0,0,0,0,0,0,0,0,No,0,2,0,1,0,0,MELB_URBAN,MELB_URBAN,MORELAND,METROPOLITAN NORTH WEST REGION,BRUNSWICK,2014,3,March
144.83178573632833,-37.74988655628813,3410697,17/2/2014,07.50.00,No,Collision with vehicle,Monday,VEHICLE OFF FOOTPATH STRIKES VEH ON CARRIAGEWAY,Dusk/Dawn,144.83178999999996,-37.74989,BRIMBANK,METROPOLITAN NORTH WEST REGION,2,1,0,0,1,1,0,0,1,0,0,0,0,0,1,0,0,0,0,0,No,0,2,0,0,0,0,MELB_URBAN,MELB_URBAN,BRIMBANK,METROPOLITAN NORTH WEST REGION,ST ALBANS,2014,2,February
145.00372941666112,-37.82632340429927,3410699,22/2/2014,12.55.00,No,Collision with vehicle,Saturday,VEHICLE STRIKES ANOTHER VEH WHILE EMERGING FROM DRIVEWAY,Day,145.00373000000005,-37.82632,YARRA,METROPOLITAN NORTH WEST REGION,2,1,0,0,1,1,2,0,1,0,1,0,0,0,0,0,0,0,0,0,No,0,2,0,1,0,0,MELB_URBAN,MELB_URBAN,YARRA,METROPOLITAN NORTH WEST REGION,RICHMOND,2014,2,February
144.97778970789622,-37.80581177303783,3410713,19/2/2014,17.00.00,No,No collision and no object struck,Wednesday,OUT OF CONTROL ON CARRIAGEWAY (ON STRAIGHT),Day,144.97779,-37.80581,YARRA,METROPOLITAN NORTH WEST REGION,1,1,0,1,0,0,0,1,1,0,0,0,0,0,0,0,0,0,0,0,No,0,1,0,0,0,0,MELB_URBAN,MELB_URBAN,YARRA,METROPOLITAN NORTH WEST REGION,FITZROY,2014,2,February
144.9905595934641,-37.765782189125254,3410723,27/2/2014,17.33.00,No,Collision with vehicle,Thursday,VEHICLE OFF FOOTPATH STRIKES VEH ON CARRIAGEWAY,Day,144.99056000000004,-37.76578,DAREBIN,METROPOLITAN NORTH WEST REGION,2,1,0,0,1,1,2,0,1,0,1,0,0,0,0,0,1,0,0,0,No,0,2,0,1,0,0,MELB_URBAN,MELB_URBAN,DAREBIN,METROPOLITAN NORTH WEST REGION,NORTHCOTE,2014,2,February
144.88309427941613,-37.78859845955133,3410725,12/2/2014,15.00.00,No,Collision with vehicle,Wednesday,LEFT NEAR (INTERSECTIONS ONLY),Day,144.88308999999995,-37.7886,MARIBYRNONG,METROPOLITAN NORTH WEST REGION,2,1,0,0,1,1,1,0,1,0,0,0,0,0,1,0,1,0,0,0,No,0,2,0,0,0,0,MELB_URBAN,MELB_URBAN,MARIBYRNONG,METROPOLITAN NORTH WEST REGION,MAIDSTONE,2014,2,February
144.33662999973316,-38.31959999563029,3410727,4/3/2014,11.50.00,No,Collision with vehicle,Tuesday,LEFT TURN SIDESWIPE,Day,144.33663,-38.3196,SURF COAST,SOUTH WESTERN REGION,6,1,0,0,1,5,5,1,1,4,1,0,0,0,0,0,0,0,0,0,No,0,2,0,1,0,0,SMALL_CITIES,SMALL_CITIES,SURF COAST,SOUTH WESTERN REGION,TORQUAY,2014,3,March
145.12881003404982,-37.845295819684594,3410731,6/1/2014,07.45.00,No,Collision with vehicle,Monday,LANE SIDE SWIPE (VEHICLES IN PARALLEL LANES),Day,145.12881000000004,-37.8453,WHITEHORSE,METROPOLITAN SOUTH EAST REGION,2,1,0,0,1,1,2,0,1,0,1,0,0,0,0,0,0,0,0,0,No,0,2,0,1,0,0,MELB_URBAN,MELB_URBAN,WHITEHORSE,METROPOLITAN SOUTH EAST REGION,BURWOOD,2014,1,January
144.98644196388764,-37.80443314239833,3410732,3/3/2014,17.00.00,Yes,Collision with vehicle,Sunday,LANE SIDE SWIPE (VEHICLES IN PARALLEL LANES),Dusk/Dawn,144.98644,-37.804429999999996,YARRA,METROPOLITAN NORTH WEST REGION,2,1,0,0,1,1,2,0,1,0,1,0,0,0,0,0,0,0,0,0,No,0,2,0,1,0,0,MELB_URBAN,MELB_URBAN,YARRA,METROPOLITAN NORTH WEST REGION,COLLINGWOOD,2014,3,March
144.94955050233727,-37.73251490567339,3410733,24/2/2014,19.15.00,Yes,Collision with vehicle,Monday,CROSS TRAFFIC(INTERSECTIONS ONLY),Dusk/Dawn,144.94955,-37.73251,MORELAND,METROPOLITAN NORTH WEST REGION,2,1,0,0,1,1,2,0,1,0,1,0,0,0,0,0,0,0,0,0,No,0,2,0,1,0,0,MELB_URBAN,MELB_URBAN,MORELAND,METROPOLITAN NORTH WEST REGION,COBURG NORTH,2014,2,February
145.012809839203,-37.81176072340495,3410737,4/3/2014,17.40.00,No,Collision with vehicle,Tuesday,LEFT TURN SIDESWIPE,Dusk/Dawn,145.01281,-37.81176,YARRA,METROPOLITAN NORTH WEST REGION,2,1,0,1,0,1,0,2,1,0,1,0,0,0,0,0,0,0,0,0,No,0,2,0,1,0,0,MELB_URBAN,MELB_URBAN,YARRA,METROPOLITAN NORTH WEST REGION,RICHMOND,2014,3,March
144.9732218801601,-37.80772385877528,3402746,1/8/2013,18.14.00,Yes,Collision with vehicle,Thursday,VEHICLE OFF FOOTPATH STRIKES VEH ON CARRIAGEWAY,Dark Street lights on,144.97322,-37.80772,YARRA,METROPOLITAN NORTH WEST REGION,2,1,0,1,0,1,1,1,1,0,1,0,0,0,0,0,0,0,0,0,No,0,2,0,1,0,0,MELB_URBAN,MELB_URBAN,"YARRA,MELBOURNE",METROPOLITAN NORTH WEST REGION,CARLTON,2013,8,August
144.9567404592626,-37.75456995371313,3402754,1/8/2013,17.38.00,No,Collision with vehicle,Thursday,RIGHT THROUGH,Dark Street lights on,144.95674,-37.75457,MORELAND,METROPOLITAN NORTH WEST REGION,2,1,0,1,0,1,2,0,1,0,1,0,0,0,0,0,0,0,0,0,No,0,2,0,1,0,0,MELB_URBAN,MELB_URBAN,MORELAND,METROPOLITAN NORTH WEST REGION,BRUNSWICK,2013,8,August
141.61010942902226,-38.36249342294193,3402758,2/8/2013,08.00.00,No,Collision with vehicle,Friday,VEHICLE STRIKES ANOTHER VEH WHILE EMERGING FROM DRIVEWAY,Day,141.61011000000005,-38.36249,GLENELG,SOUTH WESTERN REGION,2,1,0,1,0,1,2,0,1,0,1,0,0,0,0,0,1,0,0,0,No,0,2,0,1,0,0,TOWNS,TOWNS,GLENELG,SOUTH WESTERN REGION,PORTLAND,2013,8,August
144.97332006755096,-37.79521586580548,3402760,2/8/2013,09.55.00,No,Collision with vehicle,Friday,CROSS TRAFFIC(INTERSECTIONS ONLY),Day,144.97332,-37.79522,MELBOURNE,METROPOLITAN NORTH WEST REGION,2,1,0,1,0,1,1,0,1,0,1,0,0,0,0,0,0,0,0,0,No,0,2,0,1,0,0,MELB_URBAN,MELB_URBAN,MELBOURNE,METROPOLITAN NORTH WEST REGION,CARLTON,2013,8,August
145.08609954858196,-37.92447229322745,3402768,1/8/2013,18.39.00,Yes,Collision with vehicle,Thursday,REAR END(VEHICLES IN SAME LANE),Unk.,145.0861,-37.92447,KINGSTON,METROPOLITAN SOUTH EAST REGION,2,1,0,0,1,1,2,0,1,0,1,0,0,0,0,0,0,0,0,0,No,1,2,0,1,0,0,MELB_URBAN,MELB_URBAN,"MONASH,KINGSTON",METROPOLITAN SOUTH EAST REGION,OAKLEIGH SOUTH,2013,8,August
144.99286511144217,-37.854519406355294,3402771,1/8/2013,08.00.00,No,Collision with vehicle,Thursday,VEHICLE STRIKES DOOR OF PARKED/STATIONARY VEHICLE,Day,144.99286999999995,-37.85452,STONNINGTON,METROPOLITAN SOUTH EAST REGION,2,1,0,0,1,1,0,2,1,0,1,0,0,0,0,0,0,0,0,0,No,0,2,0,1,0,0,MELB_URBAN,MELB_URBAN,STONNINGTON,METROPOLITAN SOUTH EAST REGION,WINDSOR,2013,8,August
144.9404762776819,-37.76165549193944,3402816,4/8/2013,16.50.00,Yes,Collision with vehicle,Sunday,RIGHT THROUGH,Day,144.94048,-37.76166,MORELAND,METROPOLITAN NORTH WEST REGION,2,1,0,1,0,1,2,0,1,0,1,0,0,0,0,0,0,0,1,0,No,0,2,0,1,0,0,MELB_URBAN,MELB_URBAN,MORELAND,METROPOLITAN NORTH WEST REGION,BRUNSWICK WEST,2013,8,August
144.9620286292118,-37.81790986992462,3402817,4/8/2013,16.55.00,Yes,Collision with vehicle,Sunday,CROSS TRAFFIC(INTERSECTIONS ONLY),Dusk/Dawn,144.96203,-37.81791,MELBOURNE,METROPOLITAN NORTH WEST REGION,2,1,0,0,1,1,1,1,1,0,1,0,0,0,0,0,0,0,0,1,No,0,2,0,1,0,0,MELBOURNE_CBD,MELBOURNE_CBD,MELBOURNE,METROPOLITAN NORTH WEST REGION,MELBOURNE,2013,8,August
144.9800095484073,-37.77639263335401,3402818,4/8/2013,18.26.00,Yes,Collision with vehicle,Sunday,ENTERING PARKING,Dark No street lights,144.98001000000005,-37.77639,YARRA,METROPOLITAN NORTH WEST REGION,2,1,0,1,0,1,1,1,1,0,1,0,0,0,0,0,0,0,0,0,No,0,2,0,1,0,0,MELB_URBAN,MELB_URBAN,YARRA,METROPOLITAN NORTH WEST REGION,FITZROY NORTH,2013,8,August
145.00766979846463,-37.84425101517189,3402829,24/7/2013,18.30.00,Yes,Collision with vehicle,Wednesday,RIGHT FAR (INTERSECTIONS ONLY),Dusk/Dawn,145.00767,-37.84425,STONNINGTON,METROPOLITAN SOUTH EAST REGION,2,1,0,0,1,1,0,1,1,0,1,0,0,0,0,0,0,0,0,0,No,0,2,0,1,0,0,MELB_URBAN,MELB_URBAN,STONNINGTON,METROPOLITAN SOUTH EAST REGION,TOORAK,2013,7,July
144.94520136796058,-37.75697156920924,3402840,5/8/2013,17.00.00,No,Collision with vehicle,Monday,RIGHT THROUGH,Unk.,144.9452,-37.75697,MORELAND,METROPOLITAN NORTH WEST REGION,2,1,0,0,1,1,2,0,1,0,1,0,0,0,0,0,0,0,0,0,No,0,2,0,1,0,0,MELB_URBAN,MELB_URBAN,MORELAND,METROPOLITAN NORTH WEST REGION,BRUNSWICK WEST,2013,8,August