X,Y,OBJECTID,ACCIDENT_DATE,ACCIDENT_TIME,ALCOHOLTIME,ACCIDENT_TYPE,DAY_OF_WEEK,DCA_CODE,LIGHT_CONDITION,LONGITUDE,LATITUDE,LGA_NAME,REGION_NAME,TOTAL_PERSONS,INJ_OR_FATAL,FATALITY,SERIOUSINJURY,OTHERINJURY,NONINJURED,MALES,FEMALES,BICYCLIST,PASSENGER,DRIVER,PEDESTRIAN,PILLION,MOTORIST,UNKNOWN,PED_CYCLIST_5_12,PED_CYCLIST_13_18,OLD_PEDESTRIAN,OLD_DRIVER,YOUNG_DRIVER,ALCOHOL_RELATED,UNLICENCSED,NO_OF_VEHICLES,HEAVYVEHICLE,PASSENGERVEHICLE,MOTORCYCLE,PUBLICVEHICLE,DEG_URBAN_NAME,DEG_URBAN_ALL,LGA_NAME_ALL,REGION_NAME_ALL,Suburb,Year,Month,Month_name
144.93713917233788,-37.784108192426075,3413546,5/6/2014,17.35.00,No,Collision with vehicle,Thursday,VEHICLE OFF FOOTPATH STRIKES VEH ON CARRIAGEWAY,Dark Street lights on,144.93714,-37.78411,MOONEE VALLEY,METROPOLITAN NORTH WEST REGION,3,1,0,1,0,2,1,2,1,1,1,0,0,0,0,0,0,0,0,1,No,0,2,0,1,0,0,MELB_URBAN,MELB_URBAN,MOONEE VALLEY,METROPOLITAN NORTH WEST REGION,FLEMINGTON,2014,6,June
144.94743711433054,-37.82101409464352,3413549,5/6/2014,17.58.00,No,Collision with vehicle,Thursday,LEFT TURN SIDESWIPE,Dark Street lights on,144.94744,-37.82101,MELBOURNE,METROPOLITAN NORTH WEST REGION,4,1,0,1,0,3,4,0,1,2,1,0,0,0,0,0,0,0,0,0,No,0,2,0,1,0,0,MELB_URBAN,MELB_URBAN,MELBOURNE,METROPOLITAN NORTH WEST REGION,DOCKLANDS,2014,6,June
144.72877315611547,-37.89344216583408,3413554,10/6/2014,15.15.00,No,Collision with vehicle,Tuesday,VEHICLE OFF FOOTPATH STRIKES VEH ON CARRIAGEWAY,Day,144.72877,-37.89344000000001,WYNDHAM,METROPOLITAN NORTH WEST REGION,2,1,0,0,1,1,0,2,1,0,1,0,0,0,0,0,0,0,0,0,No,0,2,0,1,0,0,MELB_URBAN,MELB_URBAN,WYNDHAM,METROPOLITAN NORTH WEST REGION,POINT COOK,2014,6,June
144.9870398940319,-37.78365056083804,3413561,28/5/2014,18.20.00,Yes,Collision with vehicle,Wednesday,VEHICLE STRIKES DOOR OF PARKED/STATIONARY VEHICLE,Dark Street lights unknown,144.98703999999995,-37.78365,YARRA,METROPOLITAN NORTH WEST REGION,2,1,0,1,0,1,0,1,1,0,0,0,0,0,1,0,0,0,0,0,No,0,2,0,0,0,0,MELB_URBAN,MELB_URBAN,YARRA,METROPOLITAN NORTH WEST REGION,FITZROY NORTH,2014,5,May
144.94985502056284,-37.77015581652668,3413563,11/6/2014,07.03.00,No,Collision with vehicle,Wednesday,RIGHT TURN SIDESWIPE,Dusk/Dawn,144.94986,-37.77016,MORELAND,METROPOLITAN NORTH WEST REGION,4,1,0,1,0,3,2,2,1,2,1,0,0,0,0,0,0,0,0,0,No,0,2,0,0,0,0,MELB_URBAN,MELB_URBAN,MORELAND,METROPOLITAN NORTH WEST REGION,BRUNSWICK WEST,2014,6,June
145.07923066121842,-37.742055473560576,3413570,26/5/2014,17.39.00,No,Collision with vehicle,Monday,RIGHT NEAR (INTERSECTIONS ONLY),Dusk/Dawn,145.07923,-37.742059999999995,BANYULE,METROPOLITAN NORTH WEST REGION,2,1,0,0,1,1,1,1,1,0,1,0,0,0,0,0,0,0,0,1,No,0,2,0,1,0,0,MELB_URBAN,MELB_URBAN,BANYULE,METROPOLITAN NORTH WEST REGION,ROSANNA,2014,5,May
144.98378860987077,-37.85843309194057,3413572,26/5/2014,18.00.00,Yes,Collision with vehicle,Monday,LEFT NEAR (INTERSECTIONS ONLY),Dusk/Dawn,144.98379,-37.85843,PORT PHILLIP,METROPOLITAN NORTH WEST REGION,2,1,0,1,0,1,1,1,1,0,1,0,0,0,0,0,0,0,0,1,No,1,2,0,1,0,0,MELB_URBAN,MELB_URBAN,PORT PHILLIP,METROPOLITAN NORTH WEST REGION,ST KILDA,2014,5,May
145.03605991585147,-37.818823968159336,3413581,31/5/2014,15.35.00,Yes,No collision and no object struck,Saturday,OUT OF CONTROL (OVERTAKING),Day,145.03606000000005,-37.81882,BOROONDARA,METROPOLITAN SOUTH EAST REGION,2,1,0,0,1,1,1,1,1,0,1,0,0,0,0,0,0,0,0,0,No,0,2,0,1,0,0,MELB_URBAN,MELB_URBAN,BOROONDARA,METROPOLITAN SOUTH EAST REGION,HAWTHORN,2014,5,May
144.9586450560567,-37.79258146171895,3413596,6/5/2014,08.50.00,No,Collision with vehicle,Monday,LEFT TURN SIDESWIPE,Unk.,144.95865,-37.79258,MELBOURNE,METROPOLITAN NORTH WEST REGION,2,1,0,0,1,1,2,0,1,0,1,0,0,0,0,0,0,0,0,0,No,0,2,0,1,0,0,MELB_URBAN,MELB_URBAN,MELBOURNE,METROPOLITAN NORTH WEST REGION,PARKVILLE,2014,5,May
144.9823284645334,-37.41340637333124,3413599,6/6/2014,06.00.00,Yes,Collision with vehicle,Friday,RIGHT NEAR (INTERSECTIONS ONLY),Dark Street lights on,144.98233000000005,-37.41341,MITCHELL,NORTHERN REGION,2,1,0,0,1,1,1,1,1,0,1,0,0,0,0,0,0,0,0,0,No,0,2,0,1,0,0,TOWNS,TOWNS,MITCHELL,NORTHERN REGION,WALLAN,2014,6,June
144.95107695586324,-37.7967181320239,3413600,25/7/2013,18.30.00,Yes,Collision with vehicle,Thursday,REAR END(VEHICLES IN SAME LANE),Dark Street lights on,144.95108000000005,-37.79672,MELBOURNE,METROPOLITAN NORTH WEST REGION,2,1,0,0,1,1,2,0,1,0,1,0,0,0,0,0,0,0,0,0,No,0,2,0,1,0,0,MELB_URBAN,MELB_URBAN,MELBOURNE,METROPOLITAN NORTH WEST REGION,NORTH MELBOURNE,2013,7,July
144.45197979520384,-37.255999975802375,3413604,11/6/2014,07.45.00,No,Vehicle overturned (no collision),Wednesday,OUT OF CONTROL ON CARRIAGEWAY (ON STRAIGHT),Dusk/Dawn,144.45198,-37.256,MACEDON RANGES,NORTHERN REGION,1,1,0,0,1,0,0,1,1,0,0,0,0,0,0,0,0,0,0,0,No,0,1,0,0,0,0,TOWNS,TOWNS,MACEDON RANGES,NORTHERN REGION,KYNETON,2014,6,June
145.09300630125685,-37.6130855451562,3413611,11/6/2014,09.46.00,No,Collision with vehicle,Wednesday,RIGHT NEAR (INTERSECTIONS ONLY),Day,145.09301000000005,-37.61309,WHITTLESEA,METROPOLITAN NORTH WEST REGION,4,1,0,1,0,3,2,2,1,2,1,0,0,0,0,0,0,0,0,0,No,0,2,0,1,0,0,MELB_URBAN,MELB_URBAN,WHITTLESEA,METROPOLITAN NORTH WEST REGION,MERNDA,2014,6,June
144.96411755086262,-37.755456321966356,3413612,11/6/2014,11.00.00,No,No collision and no object struck,Wednesday,OUT OF CONTROL ON CARRIAGEWAY (ON STRAIGHT),Day,144.96412,-37.75546,MORELAND,METROPOLITAN NORTH WEST REGION,2,1,0,1,0,1,1,0,1,0,1,0,0,0,0,0,0,0,0,0,No,0,2,0,1,0,0,MELB_URBAN,MELB_URBAN,MORELAND,METROPOLITAN NORTH WEST REGION,COBURG,2014,6,June
144.89497999588923,-37.84539999632306,3413626,19/5/2014,10.30.00,No,Collision with vehicle,Monday,VEHICLE STRIKES DOOR OF PARKED/STATIONARY VEHICLE,Day,144.89498,-37.8454,HOBSONS BAY,METROPOLITAN NORTH WEST REGION,2,1,0,0,1,1,1,1,1,0,1,0,0,0,0,0,0,0,0,0,No,0,2,0,1,0,0,MELB_URBAN,MELB_URBAN,HOBSONS BAY,METROPOLITAN NORTH WEST REGION,NEWPORT,2014,5,May
144.96973621485859,-37.81030109742917,3413646,6/6/2014,07.30.00,No,Collision with vehicle,Friday,ENTERING PARKING,Dusk/Dawn,144.96974,-37.8103,MELBOURNE,METROPOLITAN NORTH WEST REGION,2,1,0,0,1,1,1,0,1,0,1,0,0,0,0,0,0,0,0,0,No,0,2,0,1,0,0,MELBOURNE_CBD,MELBOURNE_CBD,MELBOURNE,METROPOLITAN NORTH WEST REGION,MELBOURNE,2014,6,June
145.03250884898202,-38.22382615219971,3413649,31/5/2014,09.20.00,No,Collision with vehicle,Saturday,LEFT TURN SIDESWIPE,Day,145.03251,-38.22383,MORNINGTON PENINSULA,METROPOLITAN SOUTH EAST REGION,2,1,0,0,1,1,2,0,1,0,1,0,0,0,0,0,0,0,0,0,No,0,2,0,1,0,0,MELB_URBAN,MELB_URBAN,MORNINGTON PENINSULA,METROPOLITAN SOUTH EAST REGION,MORNINGTON,2014,5,May
144.95584039025766,-37.81044988708368,3413655,11/6/2014,08.45.00,No,Collision with vehicle,Wednesday,ENTERING PARKING,Dusk/Dawn,144.95584,-37.81045,MELBOURNE,METROPOLITAN NORTH WEST REGION,2,1,0,0,1,1,2,0,1,0,1,0,0,0,0,0,0,0,0,0,No,0,2,0,1,0,0,MELB_URBAN,MELB_URBAN,MELBOURNE,METROPOLITAN NORTH WEST REGION,WEST MELBOURNE,2014,6,June
144.99530248192926,-37.84106928298428,3413657,11/6/2014,08.31.00,No,Collision with vehicle,Wednesday,RIGHT THROUGH,Dusk/Dawn,144.9953,-37.84107,STONNINGTON,METROPOLITAN SOUTH EAST REGION,2,1,0,0,1,1,1,1,1,0,1,0,0,0,0,0,0,0,0,0,No,0,2,0,1,0,0,MELB_URBAN,MELB_URBAN,STONNINGTON,METROPOLITAN SOUTH EAST REGION,SOUTH YARRA,2014,6,June
144.94273583296683,-37.83623394227124,3413662,11/6/2014,06.55.00,No,Collision with vehicle,Wednesday,RIGHT NEAR (INTERSECTIONS ONLY),Dusk/Dawn,144.94274,-37.83623,PORT PHILLIP,METROPOLITAN NORTH WEST REGION,2,1,0,0,1,1,2,0,1,0,1,0,0,0,0,0,0,0,0,0,No,0,2,0,1,0,0,MELB_URBAN,MELB_URBAN,PORT PHILLIP,METROPOLITAN NORTH WEST REGION,PORT MELBOURNE,2014,6,June
144.8222724733204,-37.763120281409954,3413670,24/5/2014,00.20.00,Yes,Collision with a fixed object,Saturday,LEFT OFF CARRIAGEWAY INTO OBJECT/PARKED VEHICLE,Dark No street lights,144.82227,-37.76312,BRIMBANK,METROPOLITAN NORTH WEST REGION,2,1,0,1,0,1,1,0,1,0,1,0,0,0,0,0,0,0,0,0,No,0,2,0,1,0,0,MELB_URBAN,MELB_URBAN,BRIMBANK,METROPOLITAN NORTH WEST REGION,SUNSHINE NORTH,2014,5,May
144.9751412769281,-37.835479532019455,3413671,27/5/2014,12.55.00,No,No collision and no object struck,Tuesday,OUT OF CONTROL ON CARRIAGEWAY (ON STRAIGHT),Day,144.97513999999995,-37.83548,MELBOURNE,METROPOLITAN NORTH WEST REGION,2,1,0,0,1,1,1,1,1,0,1,0,0,0,0,0,0,0,0,0,No,0,2,0,1,0,0,MELB_URBAN,MELB_URBAN,"PORT PHILLIP,MELBOURNE",METROPOLITAN NORTH WEST REGION,MELBOURNE,2014,5,May
145.0004977427062,-37.86380974868561,3413674,26/5/2014,06.00.00,Yes,Collision with vehicle,Monday,U TURN,Dark Street lights on,145.0005,-37.86381,PORT PHILLIP,METROPOLITAN NORTH WEST REGION,2,1,0,0,1,1,1,1,1,0,1,0,0,0,0,0,0,0,0,0,No,0,2,0,1,0,0,MELB_URBAN,MELB_URBAN,PORT PHILLIP,METROPOLITAN NORTH WEST REGION,ST KILDA EAST,2014,5,May
144.35554048619974,-38.0972800544739,3413678,25/5/2014,13.00.00,No,No collision and no object struck,Sunday,OTHER ACCIDENTS-OFF STRAIGHT NOT INCLUDED IN DCAs 170-175,Day,144.35554,-38.09728,GEELONG,SOUTH WESTERN REGION,1,1,0,1,0,0,1,0,1,0,0,0,0,0,0,0,0,0,0,0,No,0,1,0,0,0,0,LARGE_PROVINCIAL_CITIES,LARGE_PROVINCIAL_CITIES,GEELONG,SOUTH WESTERN REGION,NORLANE,2014,5,May
145.13205782371654,-38.02942070082359,3413694,6/6/2014,11.25.00,No,Collision with vehicle,Friday,RIGHT THROUGH,Day,145.13206,-38.02942,KINGSTON,METROPOLITAN SOUTH EAST REGION,2,1,0,0,1,1,1,1,1,0,1,0,0,0,0,0,0,0,0,0,No,0,2,0,1,0,0,MELB_URBAN,MELB_URBAN,KINGSTON,METROPOLITAN SOUTH EAST REGION,CHELSEA HEIGHTS,2014,6,June
145.14058719215762,-37.82672966398657,3413699,4/6/2014,19.45.00,Yes,Collision with vehicle,Wednesday,HEAD ON (NOT OVERTAKING),Dark Street lights on,145.14059,-37.82673,WHITEHORSE,METROPOLITAN SOUTH EAST REGION,2,1,0,0,1,1,0,2,1,0,1,0,0,0,0,0,0,0,0,0,No,0,2,0,1,0,0,MELB_URBAN,MELB_URBAN,WHITEHORSE,METROPOLITAN SOUTH EAST REGION,BLACKBURN,2014,6,June
144.97336812830073,-37.76220975108687,3413704,6/6/2014,10.52.00,No,Collision with vehicle,Friday,LEFT FAR (INTERSECTIONS ONLY),Day,144.97337,-37.762209999999996,MORELAND,METROPOLITAN NORTH WEST REGION,2,1,0,1,0,1,0,2,1,0,1,0,0,0,0,0,0,0,0,0,No,0,2,0,1,0,0,MELB_URBAN,MELB_URBAN,MORELAND,METROPOLITAN NORTH WEST REGION,BRUNSWICK EAST,2014,6,June
144.87598294900738,-37.849918533143956,3413712,28/5/2014,16.00.00,No,Collision with vehicle,Wednesday,RIGHT THROUGH,Dusk/Dawn,144.87598,-37.849920000000004,HOBSONS BAY,METROPOLITAN NORTH WEST REGION,2,1,0,0,1,1,0,2,1,0,1,0,0,0,0,0,0,0,0,0,No,0,2,0,1,0,0,MELB_URBAN,MELB_URBAN,HOBSONS BAY,METROPOLITAN NORTH WEST REGION,WILLIAMSTOWN NORTH,2014,5,May
145.07941118251088,-37.83398671809719,3413713,11/6/2014,16.15.00,No,Collision with vehicle,Wednesday,LEFT NEAR (INTERSECTIONS ONLY),Dusk/Dawn,145.07941,-37.83399,BOROONDARA,METROPOLITAN SOUTH EAST REGION,2,1,0,0,1,1,1,1,1,0,1,0,0,0,0,0,0,0,1,0,No,0,2,0,1,0,0,MELB_URBAN,MELB_URBAN,BOROONDARA,METROPOLITAN SOUTH EAST REGION,CAMBERWELL,2014,6,June
144.99217785033852,-37.86859948784553,3413734,1/6/2014,16.10.00,Yes,Collision with vehicle,Sunday,VEHICLE STRIKES DOOR OF PARKED/STATIONARY VEHICLE,Dusk/Dawn,144.99218,-37.8686,PORT PHILLIP,METROPOLITAN NORTH WEST REGION,3,1,0,0,1,2,3,0,1,1,1,0,0,0,0,0,0,0,0,1,No,0,2,0,1,0,0,MELB_URBAN,MELB_URBAN,PORT PHILLIP,METROPOLITAN NORTH WEST REGION,BALACLAVA,2014,6,June
144.8836732059994,-37.84387746278088,3411750,25/4/2014,23.20.00,Yes,Collision with vehicle,Friday,REAR END(VEHICLES IN SAME LANE),Dark Street lights on,144.88367,-37.84388,HOBSONS BAY,METROPOLITAN NORTH WEST REGION,2,1,0,1,0,1,2,0,1,0,1,0,0,0,0,0,0,0,1,0,No,0,2,0,1,0,0,MELB_URBAN,MELB_URBAN,HOBSONS BAY,METROPOLITAN NORTH WEST REGION,NEWPORT,2014,4,April
145.0073194369281,-37.81674269211939,3411757,24/3/2014,09.30.00,No,Collision with vehicle,Monday,CROSS TRAFFIC(INTERSECTIONS ONLY),Day,145.00732,-37.81674,YARRA,METROPOLITAN NORTH WEST REGION,2,1,0,0,1,1,1,1,1,0,1,0,0,0,0,0,0,0,0,0,No,0,2,0,1,0,0,MELB_URBAN,MELB_URBAN,YARRA,METROPOLITAN NORTH WEST REGION,RICHMOND,2014,3,March
143.55038509583196,-35.34414829371606,3411760,25/4/2014,18.31.00,Yes,Collision with vehicle,Friday,CROSS TRAFFIC(INTERSECTIONS ONLY),Dusk/Dawn,143.55039,-35.34415,SWAN HILL,NORTHERN REGION,2,1,0,0,1,1,0,2,1,0,1,0,0,0,0,0,0,0,1,0,No,0,2,0,1,0,0,TOWNS,TOWNS,SWAN HILL,NORTHERN REGION,SWAN HILL,2014,4,April
144.99619886452697,-37.83664985375461,3411762,23/3/2014,03.25.00,Yes,Collision with vehicle,Sunday,VEHICLE COLLIDES WITH VEHICLE PARKED ON LEFT OF ROAD,Dark Street lights on,144.9962,-37.83665,STONNINGTON,METROPOLITAN SOUTH EAST REGION,1,1,0,0,1,0,1,0,1,0,0,0,0,0,0,0,0,0,0,0,No,0,2,0,0,0,0,MELB_URBAN,MELB_URBAN,STONNINGTON,METROPOLITAN SOUTH EAST REGION,SOUTH YARRA,2014,3,March
144.96183916191586,-37.76871991065648,3411764,24/4/2014,12.30.00,No,Collision with vehicle,Thursday,VEHICLE STRIKES DOOR OF PARKED/STATIONARY VEHICLE,Day,144.96184,-37.76872,MORELAND,METROPOLITAN NORTH WEST REGION,2,1,0,0,1,1,0,2,1,0,0,0,0,0,1,0,0,0,0,0,No,0,2,0,0,0,0,MELB_URBAN,MELB_URBAN,MORELAND,METROPOLITAN NORTH WEST REGION,BRUNSWICK,2014,4,April
144.9645879850779,-37.79700977167959,3411776,14/4/2014,14.55.00,No,Collision with vehicle,Monday,VEHICLE STRIKES ANOTHER VEH WHILE EMERGING FROM DRIVEWAY,Day,144.96459,-37.79701,MELBOURNE,METROPOLITAN NORTH WEST REGION,2,1,0,0,1,1,1,1,1,0,1,0,0,0,0,0,0,0,0,0,No,0,2,0,1,0,0,MELB_URBAN,MELB_URBAN,MELBOURNE,METROPOLITAN NORTH WEST REGION,CARLTON,2014,4,April
144.95661831771818,-37.80176600948948,3411807,1/5/2014,06.15.00,No,Collision with vehicle,Thursday,LEFT TURN SIDESWIPE,Dusk/Dawn,144.95662,-37.80177,MELBOURNE,METROPOLITAN NORTH WEST REGION,2,1,0,1,0,1,1,0,1,0,0,0,0,0,1,0,0,0,0,0,No,0,2,0,0,0,0,MELB_URBAN,MELB_URBAN,MELBOURNE,METROPOLITAN NORTH WEST REGION,NORTH MELBOURNE,2014,5,May
142.31911656462842,-35.071394265841164,3411808,29/4/2014,17.50.00,No,Collision with vehicle,Tuesday,LEFT NEAR (INTERSECTIONS ONLY),Dusk/Dawn,142.31912,-35.07139,MILDURA,WESTERN REGION,2,1,0,0,1,1,2,0,1,0,1,0,0,0,0,0,0,0,0,1,No,0,2,0,1,0,0,TOWNS,TOWNS,MILDURA,WESTERN REGION,OUYEN,2014,4,April
144.99164847141114,-37.83899525649757,3411828,14/4/2014,15.20.00,No,Collision with vehicle,Monday,LANE CHANGE RIGHT (NOT OVERTAKING),Day,144.99165,-37.839,STONNINGTON,METROPOLITAN SOUTH EAST REGION,2,1,0,1,0,1,2,0,1,0,1,0,0,0,0,0,0,0,0,1,No,0,2,0,1,0,0,MELB_URBAN,MELB_URBAN,STONNINGTON,METROPOLITAN SOUTH EAST REGION,SOUTH YARRA,2014,4,April
144.9554741596364,-37.80827047012343,3411840,20/4/2014,15.57.00,No,Collision with vehicle,Sunday,RIGHT FAR (INTERSECTIONS ONLY),Day,144.95547,-37.80827,MELBOURNE,METROPOLITAN NORTH WEST REGION,3,1,0,0,1,2,2,1,1,1,1,0,0,0,0,0,0,0,0,0,No,0,2,0,1,0,0,MELB_URBAN,MELB_URBAN,MELBOURNE,METROPOLITAN NORTH WEST REGION,WEST MELBOURNE,2014,4,April
145.3411876395599,-37.77605156455866,3411842,20/4/2014,19.00.00,Yes,Collision with vehicle,Sunday,RIGHT NEAR (INTERSECTIONS ONLY),Dusk/Dawn,145.34118999999995,-37.77605,YARRA RANGES,METROPOLITAN SOUTH EAST REGION,2,1,0,1,0,1,2,0,1,0,1,0,0,0,0,0,0,0,0,1,Yes,0,2,0,1,0,0,MELB_URBAN,MELB_URBAN,YARRA RANGES,METROPOLITAN SOUTH EAST REGION,LILYDALE,2014,4,April
145.01226698852463,-37.76462818317356,3411854,26/4/2014,20.05.00,Yes,Collision with vehicle,Saturday,TWO RIGHT TURNING (INTERSECTIONS ONLY),Dark Street lights on,145.01227,-37.76463,DAREBIN,METROPOLITAN NORTH WEST REGION,3,1,0,0,1,2,2,1,1,1,1,0,0,0,0,0,0,0,0,0,No,0,2,0,1,0,0,MELB_URBAN,MELB_URBAN,DAREBIN,METROPOLITAN NORTH WEST REGION,NORTHCOTE,2014,4,April
144.9437115947462,-37.81328703172265,3411861,1/5/2014,13.50.00,No,Collision with vehicle,Thursday,LEFT THROUGH,Day,144.94371,-37.81329,MELBOURNE,METROPOLITAN NORTH WEST REGION,2,1,0,1,0,1,2,0,1,0,1,0,0,0,0,0,0,0,0,0,No,0,2,0,1,0,0,MELB_URBAN,MELB_URBAN,MELBOURNE,METROPOLITAN NORTH WEST REGION,DOCKLANDS,2014,5,May
143.9424897830176,-38.58153980678133,3411890,21/4/2014,10.00.00,No,Collision with vehicle,Monday,CUTTING IN (OVERTAKING),Day,143.94249,-38.581540000000004,COLAC OTWAY,SOUTH WESTERN REGION,3,1,0,0,1,2,2,1,1,1,1,0,0,0,0,0,0,0,0,0,No,0,2,0,1,0,0,RURAL_VICTORIA,RURAL_VICTORIA,COLAC OTWAY,SOUTH WESTERN REGION,SEPARATION CREEK,2014,4,April
142.47040180380662,-38.377677519759104,3411904,25/4/2014,16.55.00,Yes,Collision with vehicle,Friday,VEHICLE STRIKES ANOTHER VEH WHILE EMERGING FROM DRIVEWAY,Day,142.4704,-38.37768,WARRNAMBOOL,SOUTH WESTERN REGION,2,1,0,1,0,1,1,1,1,0,1,0,0,0,0,0,0,0,0,0,No,0,2,0,1,0,0,SMALL_CITIES,SMALL_CITIES,WARRNAMBOOL,SOUTH WESTERN REGION,WARRNAMBOOL,2014,4,April
144.95109953467585,-37.80321699800466,3411925,15/4/2014,13.29.00,No,Collision with vehicle,Tuesday,REAR END(VEHICLES IN SAME LANE),Day,144.9511,-37.80322,MELBOURNE,METROPOLITAN NORTH WEST REGION,2,1,0,1,0,1,1,0,1,0,0,0,0,0,1,0,0,0,0,0,No,0,2,0,0,0,0,MELB_URBAN,MELB_URBAN,MELBOURNE,METROPOLITAN NORTH WEST REGION,NORTH MELBOURNE,2014,4,April
145.0666197398238,-37.992690252795036,3411934,21/4/2014,07.25.00,No,Collision with vehicle,Monday,LANE SIDE SWIPE (VEHICLES IN PARALLEL LANES),Dusk/Dawn,145.06662,-37.99269,KINGSTON,METROPOLITAN SOUTH EAST REGION,2,1,0,0,1,1,1,0,1,0,0,0,0,0,1,0,0,0,0,0,No,0,2,0,0,0,0,MELB_URBAN,MELB_URBAN,KINGSTON,METROPOLITAN SOUTH EAST REGION,MENTONE,2014,4,April
144.91062399823616,-37.76922437082165,3411939,21/4/2014,14.35.00,No,Collision with vehicle,Monday,CROSS TRAFFIC(INTERSECTIONS ONLY),Day,144.91062,-37.769220000000004,MOONEE VALLEY,METROPOLITAN NORTH WEST REGION,3,1,0,0,1,2,2,1,1,1,1,0,0,0,0,0,0,0,0,0,No,0,2,0,1,0,0,MELB_URBAN,MELB_URBAN,MOONEE VALLEY,METROPOLITAN NORTH WEST REGION,MOONEE PONDS,2014,4,April
144.99450709658848,-37.82530266589084,3411942,21/4/2014,18.30.00,Yes,Collision with vehicle,Monday,VEHICLE STRIKES DOOR OF PARKED/STATIONARY VEHICLE,Dusk/Dawn,144.99451000000005,-37.8253,YARRA,METROPOLITAN NORTH WEST REGION,3,1,0,0,1,2,2,1,1,1,1,0,0,0,0,0,0,0,0,0,No,0,2,0,1,0,0,MELB_URBAN,MELB_URBAN,YARRA,METROPOLITAN NORTH WEST REGION,RICHMOND,2014,4,April
144.7101096648196,-37.57845692569251,3411954,17/4/2014,16.00.00,No,Collision with vehicle,Thursday,CROSS TRAFFIC(INTERSECTIONS ONLY),Day,144.71011000000001,-37.57846,HUME,METROPOLITAN NORTH WEST REGION,2,1,0,0,1,1,1,1,1,0,1,0,0,0,0,0,0,0,0,0,No,0,2,0,1,0,0,SMALL_CITIES,SMALL_CITIES,HUME,METROPOLITAN NORTH WEST REGION,SUNBURY,2014,4,April
145.05614780998326,-37.96297259852994,3411977,15/4/2014,17.50.00,No,Collision with vehicle,Tuesday,LEFT TURN SIDESWIPE,Dusk/Dawn,145.05615,-37.96297,KINGSTON,METROPOLITAN SOUTH EAST REGION,2,1,0,0,1,1,2,0,1,0,1,0,0,0,0,0,0,0,0,0,No,0,2,0,1,0,0,MELB_URBAN,MELB_URBAN,KINGSTON,METROPOLITAN SOUTH EAST REGION,CHELTENHAM,2014,4,April
145.04938287120234,-37.799874489119965,3411996,22/4/2014,08.35.00,No,Collision with vehicle,Tuesday,VEHICLE OFF FOOTPATH STRIKES VEH ON CARRIAGEWAY,Day,145.04938,-37.79987,BOROONDARA,METROPOLITAN SOUTH EAST REGION,2,1,0,0,1,1,1,1,1,0,1,0,0,0,0,1,0,0,0,0,No,0,2,0,1,0,0,MELB_URBAN,MELB_URBAN,BOROONDARA,METROPOLITAN SOUTH EAST REGION,KEW,2014,4,April
144.90414999658063,-37.807356993018175,3412001,23/4/2014,08.30.00,No,Collision with vehicle,Tuesday,VEHICLE STRIKES ANOTHER VEH WHILE EMERGING FROM DRIVEWAY,Day,144.90415,-37.807359999999996,MARIBYRNONG,METROPOLITAN NORTH WEST REGION,2,1,0,0,1,1,2,0,1,0,1,0,0,0,0,0,0,0,0,0,No,0,2,0,1,0,0,MELB_URBAN,MELB_URBAN,MARIBYRNONG,METROPOLITAN NORTH WEST REGION,FOOTSCRAY,2014,4,April
146.38963402437474,-38.234338261073376,3412003,27/4/2014,14.10.00,No,Collision with vehicle,Sunday,VEHICLE OFF FOOTPATH STRIKES VEH ON CARRIAGEWAY,Day,146.38963,-38.23434,LATROBE,EASTERN REGION,2,1,0,0,1,1,2,0,1,0,1,0,0,0,0,0,1,0,0,0,No,0,2,0,1,0,0,SMALL_CITIES,SMALL_CITIES,LATROBE,"EASTERN REGION,EASTERN REGION",MORWELL,2014,4,April
144.9744172949838,-37.800676128465746,3412015,30/4/2014,22.12.00,Yes,No collision and no object struck,Wednesday,OTHER ACCIDENTS-OFF STRAIGHT NOT INCLUDED IN DCAs 170-175,Dark Street lights on,144.97442,-37.80068,MELBOURNE,METROPOLITAN NORTH WEST REGION,1,1,0,0,1,0,1,0,1,0,0,0,0,0,0,0,0,0,0,0,No,0,1,0,0,0,0,MELB_URBAN,MELB_URBAN,"YARRA,MELBOURNE",METROPOLITAN NORTH WEST REGION,FITZROY,2014,4,April
144.98813026529575,-37.78437167529717,3412028,16/4/2014,07.34.00,No,Collision with vehicle,Wednesday,CROSS TRAFFIC(INTERSECTIONS ONLY),Dusk/Dawn,144.98813,-37.78437,YARRA,METROPOLITAN NORTH WEST REGION,2,1,0,0,1,1,1,1,1,0,1,0,0,0,0,0,0,0,0,0,No,0,2,0,1,0,0,MELB_URBAN,MELB_URBAN,YARRA,METROPOLITAN NORTH WEST REGION,FITZROY NORTH,2014,4,April
144.96760071673978,-37.815181535363976,3412033,16/4/2014,11.40.00,No,Collision with vehicle,Wednesday,ENTERING PARKING,Day,144.9676,-37.81518,MELBOURNE,METROPOLITAN NORTH WEST REGION,2,1,0,0,1,1,2,0,1,0,1,0,0,0,0,0,0,0,0,0,No,0,2,0,1,0,0,MELBOURNE_CBD,MELBOURNE_CBD,MELBOURNE,METROPOLITAN NORTH WEST REGION,MELBOURNE,2014,4,April