X,Y,OBJECTID,ACCIDENT_DATE,ACCIDENT_TIME,ALCOHOLTIME,ACCIDENT_TYPE,DAY_OF_WEEK,DCA_CODE,LIGHT_CONDITION,LONGITUDE,LATITUDE,LGA_NAME,REGION_NAME,TOTAL_PERSONS,INJ_OR_FATAL,FATALITY,SERIOUSINJURY,OTHERINJURY,NONINJURED,MALES,FEMALES,BICYCLIST,PASSENGER,DRIVER,PEDESTRIAN,PILLION,MOTORIST,UNKNOWN,PED_CYCLIST_5_12,PED_CYCLIST_13_18,OLD_PEDESTRIAN,OLD_DRIVER,YOUNG_DRIVER,ALCOHOL_RELATED,UNLICENCSED,NO_OF_VEHICLES,HEAVYVEHICLE,PASSENGERVEHICLE,MOTORCYCLE,PUBLICVEHICLE,DEG_URBAN_NAME,DEG_URBAN_ALL,LGA_NAME_ALL,REGION_NAME_ALL,Suburb,Year,Month,Month_name
145.2513222099606,-38.041319059542154,3412599,4/4/2014,16.00.00,Yes,Collision with vehicle,Friday,LEFT TURN SIDESWIPE,Day,145.25132,-38.04132,CASEY,METROPOLITAN SOUTH EAST REGION,2,1,0,0,1,1,2,0,1,0,1,0,0,0,0,0,0,0,0,0,No,0,2,0,1,0,0,MELB_URBAN,MELB_URBAN,CASEY,METROPOLITAN SOUTH EAST REGION,LYNBROOK,2014,4,April
144.96135881146827,-37.810316721263774,3412604,4/4/2014,20.35.00,Yes,Struck Pedestrian,Friday,PED NEAR SIDE. PED HIT BY VEHICLE FROM THE RIGHT.,Dusk/Dawn,144.96136,-37.810320000000004,MELBOURNE,METROPOLITAN NORTH WEST REGION,2,1,0,0,1,1,1,0,1,0,0,1,0,0,0,0,0,0,0,0,No,0,1,0,0,0,0,MELBOURNE_CBD,"MELBOURNE_CBD,MELB_URBAN",MELBOURNE,METROPOLITAN NORTH WEST REGION,MELBOURNE,2014,4,April
145.05427183820308,-37.66256777272113,3412634,26/3/2014,15.00.00,No,Collision with vehicle,Wednesday,CROSS TRAFFIC(INTERSECTIONS ONLY),Day,145.05427,-37.66257,WHITTLESEA,METROPOLITAN NORTH WEST REGION,2,1,0,1,0,1,1,1,1,0,1,0,0,0,0,0,0,0,0,0,No,0,2,0,1,0,0,MELB_URBAN,MELB_URBAN,WHITTLESEA,METROPOLITAN NORTH WEST REGION,MILL PARK,2014,3,March
144.9813755060544,-37.8735909301337,3412636,20/3/2014,16.30.00,No,Collision with vehicle,Wednesday,LANE SIDE SWIPE (VEHICLES IN PARALLEL LANES),Day,144.98138,-37.87359,PORT PHILLIP,METROPOLITAN NORTH WEST REGION,2,1,0,0,1,1,0,1,1,0,0,0,0,0,1,0,0,0,0,0,No,0,2,0,0,0,0,MELB_URBAN,MELB_URBAN,PORT PHILLIP,METROPOLITAN NORTH WEST REGION,ELWOOD,2014,3,March
143.84472587546858,-37.552304160523946,3412643,16/3/2014,08.00.00,Yes,Collision with vehicle,Sunday,RIGHT THROUGH,Day,143.84473,-37.5523,BALLARAT,WESTERN REGION,2,1,0,0,1,1,1,1,1,0,1,0,0,0,0,0,0,0,0,0,No,0,2,0,1,0,0,LARGE_PROVINCIAL_CITIES,LARGE_PROVINCIAL_CITIES,BALLARAT,WESTERN REGION,LAKE WENDOUREE,2014,3,March
144.99276285840162,-37.85505034388936,3412644,30/3/2014,13.20.00,No,Collision with vehicle,Sunday,VEHICLE STRIKES DOOR OF PARKED/STATIONARY VEHICLE,Day,144.99276,-37.85505,STONNINGTON,METROPOLITAN SOUTH EAST REGION,2,1,0,0,1,1,1,1,1,0,1,0,0,0,0,0,0,0,0,0,No,0,2,0,1,0,0,MELB_URBAN,MELB_URBAN,STONNINGTON,METROPOLITAN SOUTH EAST REGION,WINDSOR,2014,3,March
144.96659741668785,-37.74131366654922,3412655,5/4/2014,01.07.00,Yes,Collision with vehicle,Saturday,CROSS TRAFFIC(INTERSECTIONS ONLY),Dark Street lights on,144.9666,-37.74131,MORELAND,METROPOLITAN NORTH WEST REGION,4,1,0,1,0,3,1,2,1,2,1,0,0,0,0,0,0,0,0,1,No,0,2,0,1,0,0,MELB_URBAN,MELB_URBAN,MORELAND,METROPOLITAN NORTH WEST REGION,COBURG,2014,4,April
145.0021694941021,-37.80074262776453,3412677,10/4/2014,07.46.00,No,Collision with vehicle,Thursday,RIGHT NEAR (INTERSECTIONS ONLY),Dusk/Dawn,145.00217,-37.80074000000001,YARRA,METROPOLITAN NORTH WEST REGION,2,1,0,0,1,1,1,1,1,0,1,0,0,0,0,0,0,0,0,1,No,0,2,0,1,0,0,MELB_URBAN,MELB_URBAN,YARRA,METROPOLITAN NORTH WEST REGION,ABBOTSFORD,2014,4,April
144.93016264734726,-37.67461126370417,3412682,26/3/2014,08.25.00,No,Collision with vehicle,Wednesday,VEHICLE STRIKES DOOR OF PARKED/STATIONARY VEHICLE,Day,144.93016,-37.674609999999994,HUME,METROPOLITAN NORTH WEST REGION,3,1,0,0,1,2,0,3,1,1,1,0,0,0,0,0,0,0,0,0,No,0,2,0,1,0,0,MELB_URBAN,MELB_URBAN,HUME,METROPOLITAN NORTH WEST REGION,DALLAS,2014,3,March
145.1988800336822,-37.8586898655286,3412683,26/3/2014,18.20.00,Yes,Collision with vehicle,Wednesday,VEHICLE STRIKES ANOTHER VEH WHILE EMERGING FROM DRIVEWAY,Dusk/Dawn,145.19888,-37.85869,WHITEHORSE,METROPOLITAN SOUTH EAST REGION,2,1,0,1,0,1,2,0,1,0,1,0,0,0,0,0,0,0,0,0,No,0,2,0,1,0,0,MELB_URBAN,MELB_URBAN,WHITEHORSE,METROPOLITAN SOUTH EAST REGION,VERMONT SOUTH,2014,3,March
144.96217847790325,-37.810076738224396,3412688,26/3/2014,10.15.00,No,Collision with vehicle,Wednesday,LEFT TURN SIDESWIPE,Day,144.96218000000005,-37.81008,MELBOURNE,METROPOLITAN NORTH WEST REGION,2,1,0,0,1,1,1,1,1,0,1,0,0,0,0,0,0,0,0,0,No,0,2,0,1,0,0,MELBOURNE_CBD,"MELBOURNE_CBD,MELB_URBAN",MELBOURNE,METROPOLITAN NORTH WEST REGION,MELBOURNE,2014,3,March
144.99632692637798,-37.887702958590076,3412694,31/3/2014,09.10.00,No,Collision with vehicle,Monday,LEFT TURN SIDESWIPE,Day,144.99633,-37.8877,BAYSIDE,METROPOLITAN SOUTH EAST REGION,3,1,0,0,1,2,2,1,1,1,1,0,0,0,0,0,0,0,0,0,No,0,2,0,1,0,0,MELB_URBAN,MELB_URBAN,BAYSIDE,METROPOLITAN SOUTH EAST REGION,BRIGHTON,2014,3,March
144.9935116840335,-37.85085358684919,3412697,30/3/2014,19.00.00,Yes,Collision with vehicle,Sunday,VEHICLE STRIKES DOOR OF PARKED/STATIONARY VEHICLE,Dusk/Dawn,144.99351000000001,-37.85085,STONNINGTON,METROPOLITAN SOUTH EAST REGION,2,2,0,0,2,0,1,1,1,0,1,0,0,0,0,0,0,0,0,1,No,0,2,0,1,0,0,MELB_URBAN,MELB_URBAN,STONNINGTON,METROPOLITAN SOUTH EAST REGION,PRAHRAN,2014,3,March
144.98520084362298,-37.80655621996213,3412702,31/3/2014,17.20.00,No,Collision with vehicle,Monday,CROSS TRAFFIC(INTERSECTIONS ONLY),Dusk/Dawn,144.9852,-37.80656,YARRA,METROPOLITAN NORTH WEST REGION,3,1,0,1,0,2,1,2,1,1,1,0,0,0,0,0,0,0,0,0,No,0,2,0,1,0,0,MELB_URBAN,MELB_URBAN,YARRA,METROPOLITAN NORTH WEST REGION,COLLINGWOOD,2014,3,March
144.98122503478808,-37.86716933290404,3412743,31/3/2014,14.22.00,No,Struck Pedestrian,Monday,FAR SIDE. PED HIT BY VEHICLE FROM THE LEFT,Day,144.98123,-37.86717,PORT PHILLIP,METROPOLITAN NORTH WEST REGION,2,1,0,1,0,1,2,0,1,0,0,1,0,0,0,0,1,0,0,0,No,0,1,0,0,0,0,MELB_URBAN,MELB_URBAN,PORT PHILLIP,METROPOLITAN NORTH WEST REGION,ST KILDA,2014,3,March
145.2112608702117,-38.03519010741017,3408769,31/1/2014,09.51.00,No,Collision with vehicle,Friday,LANE SIDE SWIPE (VEHICLES IN PARALLEL LANES),Day,145.21126,-38.03519,DANDENONG,METROPOLITAN SOUTH EAST REGION,2,1,1,0,0,1,2,0,1,0,1,0,0,0,0,0,0,0,0,0,No,0,2,0,0,0,0,MELB_URBAN,MELB_URBAN,DANDENONG,METROPOLITAN SOUTH EAST REGION,DANDENONG SOUTH,2014,1,January
145.15777828290368,-37.96644069572229,3408771,31/1/2014,06.18.00,No,Collision with vehicle,Friday,LEFT NEAR (INTERSECTIONS ONLY),Dusk/Dawn,145.15778,-37.96644000000001,DANDENONG,METROPOLITAN SOUTH EAST REGION,2,1,0,0,1,1,1,1,1,0,1,0,0,0,0,0,0,0,0,1,No,0,2,0,1,0,0,MELB_URBAN,MELB_URBAN,DANDENONG,METROPOLITAN SOUTH EAST REGION,SPRINGVALE SOUTH,2014,1,January
144.25360101104283,-36.74733946463583,3408773,15/1/2014,16.00.00,No,Collision with vehicle,Wednesday,HEAD ON (NOT OVERTAKING),Day,144.2536,-36.74734,BENDIGO,NORTHERN REGION,2,1,0,0,1,1,2,0,1,0,1,0,0,0,0,0,1,0,0,0,No,0,2,0,1,0,0,LARGE_PROVINCIAL_CITIES,LARGE_PROVINCIAL_CITIES,BENDIGO,NORTHERN REGION,LONG GULLY,2014,1,January
146.86367158814716,-36.122800299285295,3408782,5/2/2014,17.55.00,No,Collision with vehicle,Wednesday,VEHICLE COLLIDES WITH VEHICLE PARKED ON LEFT OF ROAD,Day,146.86366999999996,-36.1228,WODONGA,NORTH EASTERN REGION,1,1,0,0,1,0,1,0,1,0,0,0,0,0,0,0,0,0,0,0,No,0,2,0,1,0,0,SMALL_CITIES,SMALL_CITIES,WODONGA,NORTH EASTERN REGION,WEST WODONGA,2014,2,February
145.03136073425227,-37.888096377467754,3408792,10/2/2014,17.55.00,No,Collision with vehicle,Monday,VEHICLE COLLIDES WITH VEHICLE PARKED ON LEFT OF ROAD,Day,145.03136,-37.8881,GLEN EIRA,METROPOLITAN SOUTH EAST REGION,1,1,0,1,0,0,0,1,1,0,0,0,0,0,0,0,0,0,0,0,No,0,2,0,1,0,0,MELB_URBAN,MELB_URBAN,GLEN EIRA,METROPOLITAN SOUTH EAST REGION,CAULFIELD SOUTH,2014,2,February
144.34035869457207,-38.085822719017145,3408796,10/2/2014,17.09.00,No,No collision and no object struck,Monday,OFF CARRIAGEWAY TO LEFT,Day,144.34036,-38.08582,GEELONG,SOUTH WESTERN REGION,3,1,0,0,1,2,1,1,1,0,1,0,0,0,1,0,0,0,0,0,No,0,3,0,1,0,0,LARGE_PROVINCIAL_CITIES,LARGE_PROVINCIAL_CITIES,GEELONG,SOUTH WESTERN REGION,NORLANE,2014,2,February
145.02407105653003,-37.855941488236,3408805,22/1/2014,18.45.00,Yes,Collision with vehicle,Wednesday,LANE CHANGE LEFT (NOT OVERTAKING),Day,145.02407,-37.855940000000004,STONNINGTON,METROPOLITAN SOUTH EAST REGION,2,1,0,1,0,1,2,0,1,0,1,0,0,0,0,0,0,0,0,0,No,0,2,0,1,0,0,MELB_URBAN,MELB_URBAN,STONNINGTON,METROPOLITAN SOUTH EAST REGION,ARMADALE,2014,1,January
144.9451789274271,-37.8159182289604,3408810,26/1/2014,18.30.00,Yes,Collision with vehicle,Sunday,VEHICLE OFF FOOTPATH STRIKES VEH ON CARRIAGEWAY,Day,144.94518,-37.81592,MELBOURNE,METROPOLITAN NORTH WEST REGION,2,1,0,0,1,1,2,0,1,0,1,0,0,0,0,0,0,0,0,0,No,0,2,0,1,0,0,MELB_URBAN,MELB_URBAN,MELBOURNE,METROPOLITAN NORTH WEST REGION,DOCKLANDS,2014,1,January
145.00911053194113,-37.828036943342966,3408815,25/1/2014,10.07.00,No,Collision with vehicle,Saturday,VEHICLE STRIKES DOOR OF PARKED/STATIONARY VEHICLE,Day,145.00911000000005,-37.82804,YARRA,METROPOLITAN NORTH WEST REGION,2,1,0,0,1,1,1,1,1,0,1,0,0,0,0,0,0,0,0,0,No,0,2,0,1,0,0,MELB_URBAN,MELB_URBAN,YARRA,METROPOLITAN NORTH WEST REGION,BURNLEY,2014,1,January
145.16002910910836,-37.782149214712064,3408839,30/1/2014,16.15.00,No,Collision with vehicle,Thursday,OTHER ADJACENT (INTERSECTIONS ONLY),Day,145.16003,-37.78215,MANNINGHAM,METROPOLITAN SOUTH EAST REGION,2,1,0,0,1,1,2,0,1,0,1,0,0,0,0,0,1,0,1,0,No,0,2,0,1,0,0,MELB_URBAN,MELB_URBAN,MANNINGHAM,METROPOLITAN SOUTH EAST REGION,DONCASTER EAST,2014,1,January
144.95111317915658,-37.84428166182938,3408840,10/2/2014,18.30.00,Yes,Collision with vehicle,Monday,VEHICLE STRIKES DOOR OF PARKED/STATIONARY VEHICLE,Day,144.95111,-37.84428,PORT PHILLIP,METROPOLITAN NORTH WEST REGION,2,1,0,0,1,1,1,1,1,0,1,0,0,0,0,0,0,0,0,0,No,0,2,0,1,0,0,MELB_URBAN,MELB_URBAN,PORT PHILLIP,METROPOLITAN NORTH WEST REGION,ALBERT PARK,2014,2,February
145.1937570138783,-37.817499477340604,3408844,10/2/2014,06.15.00,No,Collision with vehicle,Monday,RIGHT THROUGH,Dusk/Dawn,145.19376,-37.8175,WHITEHORSE,METROPOLITAN SOUTH EAST REGION,2,1,0,1,0,1,2,0,1,0,1,0,0,0,0,0,0,0,0,0,No,0,2,0,1,0,0,MELB_URBAN,MELB_URBAN,WHITEHORSE,METROPOLITAN SOUTH EAST REGION,MITCHAM,2014,2,February
144.94444231932846,-37.74653707974329,3408847,11/2/2014,07.50.00,No,Collision with vehicle,Tuesday,RIGHT THROUGH,Dusk/Dawn,144.94444,-37.74654,MORELAND,METROPOLITAN NORTH WEST REGION,2,1,0,0,1,1,1,1,1,0,1,0,0,0,0,0,0,0,0,0,No,0,2,0,1,0,0,MELB_URBAN,MELB_URBAN,MORELAND,METROPOLITAN NORTH WEST REGION,PASCOE VALE SOUTH,2014,2,February
144.96875849918004,-37.79883575552905,3408864,31/1/2014,18.00.00,Yes,Collision with vehicle,Friday,LEFT TURN SIDESWIPE,Day,144.96876,-37.79884000000001,MELBOURNE,METROPOLITAN NORTH WEST REGION,2,2,0,0,2,0,1,1,1,0,1,0,0,0,0,0,0,0,0,1,No,0,2,0,1,0,0,MELB_URBAN,MELB_URBAN,MELBOURNE,METROPOLITAN NORTH WEST REGION,CARLTON,2014,1,January
144.56779000527226,-37.686349997153954,3408877,5/2/2014,15.35.00,No,Collision with vehicle,Wednesday,VEHICLE OFF FOOTPATH STRIKES VEH ON CARRIAGEWAY,Day,144.56779,-37.68635,MELTON,METROPOLITAN NORTH WEST REGION,2,1,0,0,1,1,2,0,1,0,1,0,0,0,0,1,0,0,0,0,No,0,2,0,1,0,0,SMALL_CITIES,SMALL_CITIES,MELTON,METROPOLITAN NORTH WEST REGION,MELTON,2014,2,February
144.95948646964987,-37.80414375565357,3408889,5/2/2014,17.30.00,No,Collision with vehicle,Tuesday,LEFT TURN SIDESWIPE,Day,144.95949,-37.804140000000004,MELBOURNE,METROPOLITAN NORTH WEST REGION,2,1,0,1,0,1,2,0,1,0,1,0,0,0,0,0,0,0,0,1,No,0,2,0,1,0,0,MELB_URBAN,MELB_URBAN,MELBOURNE,METROPOLITAN NORTH WEST REGION,CARLTON,2014,2,February
144.95903935148868,-37.8296829748089,3408901,11/2/2014,05.50.00,Yes,Collision with vehicle,Tuesday,LANE SIDE SWIPE (VEHICLES IN PARALLEL LANES),Dusk/Dawn,144.95904,-37.829679999999996,PORT PHILLIP,METROPOLITAN NORTH WEST REGION,2,1,0,1,0,1,1,0,1,0,1,0,0,0,0,0,0,0,0,0,No,0,2,0,1,0,0,MELB_URBAN,MELB_URBAN,PORT PHILLIP,METROPOLITAN NORTH WEST REGION,SOUTHBANK,2014,2,February
145.22013539378528,-38.48209134461195,3408912,27/1/2014,10.05.00,No,Collision with vehicle,Monday,REAR END(VEHICLES IN SAME LANE),Day,145.22014,-38.48209,BASS COAST,EASTERN REGION,2,1,0,0,1,1,2,0,2,0,0,0,0,0,0,0,0,0,0,0,No,0,2,0,0,0,0,RURAL_VICTORIA,RURAL_VICTORIA,BASS COAST,"EASTERN REGION,EASTERN REGION",VENTNOR,2014,1,January
144.29187934012026,-36.731363862382324,3408917,30/1/2014,20.30.00,Yes,Collision with a fixed object,Thursday,LEFT OFF CARRIAGEWAY INTO OBJECT/PARKED VEHICLE,Dusk/Dawn,144.29188,-36.731359999999995,BENDIGO,NORTHERN REGION,1,1,0,0,1,0,1,0,1,0,0,0,0,0,0,0,0,0,0,0,No,0,1,0,0,0,0,LARGE_PROVINCIAL_CITIES,LARGE_PROVINCIAL_CITIES,BENDIGO,NORTHERN REGION,WHITE HILLS,2014,1,January
145.0097118869872,-37.95875161658528,3408919,1/2/2014,08.40.00,No,Collision with vehicle,Saturday,LEFT NEAR (INTERSECTIONS ONLY),Day,145.00971,-37.95875,BAYSIDE,METROPOLITAN SOUTH EAST REGION,2,1,0,0,1,1,1,1,1,0,1,0,0,0,0,0,0,0,0,0,No,0,2,0,1,0,0,MELB_URBAN,MELB_URBAN,BAYSIDE,METROPOLITAN SOUTH EAST REGION,SANDRINGHAM,2014,2,February
144.90384631373055,-38.35582399498539,3408926,1/2/2014,09.10.00,No,No collision and no object struck,Friday,OUT OF CONTROL ON CARRIAGEWAY (ON STRAIGHT),Day,144.90385,-38.35582,MORNINGTON PENINSULA,METROPOLITAN SOUTH EAST REGION,2,1,0,0,1,1,1,1,1,0,1,0,0,0,0,0,0,0,0,0,No,0,2,0,1,0,0,MELB_URBAN,MELB_URBAN,MORNINGTON PENINSULA,METROPOLITAN SOUTH EAST REGION,ROSEBUD,2014,2,February
145.36912996512547,-37.85449992019232,3408939,2/2/2014,07.05.00,Yes,Collision with vehicle,Sunday,LANE SIDE SWIPE (VEHICLES IN PARALLEL LANES),Dusk/Dawn,145.36913,-37.8545,YARRA RANGES,METROPOLITAN SOUTH EAST REGION,2,1,0,0,1,1,2,0,1,0,1,0,0,0,0,0,0,0,0,1,No,1,2,0,1,0,0,MELB_URBAN,"RURAL_VICTORIA,MELB_URBAN",YARRA RANGES,METROPOLITAN SOUTH EAST REGION,OLINDA,2014,2,February
144.9597031745289,-37.8531819509877,3408946,11/2/2014,14.38.00,No,Collision with vehicle,Tuesday,RIGHT THROUGH,Day,144.9597,-37.85318,PORT PHILLIP,METROPOLITAN NORTH WEST REGION,2,2,0,0,2,0,0,2,1,0,1,0,0,0,0,0,0,0,0,0,No,0,2,0,1,0,0,MELB_URBAN,MELB_URBAN,PORT PHILLIP,METROPOLITAN NORTH WEST REGION,MIDDLE PARK,2014,2,February
145.01160268583982,-37.749130270480364,3408956,26/1/2014,14.50.00,No,Collision with vehicle,Sunday,RIGHT TURN SIDESWIPE,Day,145.0116,-37.74913,DAREBIN,METROPOLITAN NORTH WEST REGION,2,1,0,1,0,1,0,1,1,0,0,0,0,0,1,0,0,0,0,0,No,0,2,0,0,0,0,MELB_URBAN,MELB_URBAN,DAREBIN,METROPOLITAN NORTH WEST REGION,PRESTON,2014,1,January
142.48959897225075,-38.383889721287254,3408999,11/2/2014,14.15.00,No,Collision with vehicle,Tuesday,CROSS TRAFFIC(INTERSECTIONS ONLY),Day,142.4896,-38.38389,WARRNAMBOOL,SOUTH WESTERN REGION,2,1,0,0,1,1,1,1,1,0,1,0,0,0,0,0,0,0,0,0,No,0,2,0,1,0,0,SMALL_CITIES,SMALL_CITIES,WARRNAMBOOL,SOUTH WESTERN REGION,WARRNAMBOOL,2014,2,February
145.1087414793449,-38.03806944447645,3409002,11/2/2014,16.20.00,No,Collision with vehicle,Tuesday,RIGHT THROUGH,Day,145.10873999999995,-38.03807000000001,KINGSTON,METROPOLITAN SOUTH EAST REGION,2,2,0,0,2,0,2,0,1,0,1,0,0,0,0,0,0,0,0,1,No,0,2,0,1,0,0,MELB_URBAN,MELB_URBAN,KINGSTON,METROPOLITAN SOUTH EAST REGION,EDITHVALE,2014,2,February
144.92072600702429,-37.73732654149834,3409006,11/2/2014,15.20.00,No,Collision with vehicle,Tuesday,LEFT FAR (INTERSECTIONS ONLY),Day,144.92073,-37.73733,MOONEE VALLEY,METROPOLITAN NORTH WEST REGION,2,1,0,0,1,1,1,1,1,0,1,0,0,0,0,0,1,0,0,1,No,0,2,0,1,0,0,MELB_URBAN,MELB_URBAN,MOONEE VALLEY,METROPOLITAN NORTH WEST REGION,STRATHMORE,2014,2,February
146.9438115469867,-36.71648799044311,3409010,9/1/2014,16.00.00,No,Collision with vehicle,Thursday,REAR END(VEHICLES IN SAME LANE),Day,146.94381,-36.71649,ALPINE,NORTH EASTERN REGION,2,2,0,2,0,0,2,0,1,0,1,0,0,0,0,0,0,0,0,0,No,1,2,0,1,0,0,TOWNS,TOWNS,ALPINE,NORTH EASTERN REGION,BRIGHT,2014,1,January
144.93662429210372,-37.79517658530847,3409035,23/1/2014,07.25.00,No,Collision with vehicle,Thursday,RIGHT THROUGH,Day,144.93662,-37.79518,MELBOURNE,METROPOLITAN NORTH WEST REGION,2,1,0,1,0,1,2,0,1,0,1,0,0,0,0,0,0,0,0,0,No,0,2,0,1,0,0,MELB_URBAN,MELB_URBAN,MELBOURNE,METROPOLITAN NORTH WEST REGION,NORTH MELBOURNE,2014,1,January
144.9711331652887,-37.835066474294,3409038,23/1/2014,10.10.00,No,Collision with vehicle,Thursday,LEFT TURN SIDESWIPE,Day,144.97113000000004,-37.83507,PORT PHILLIP,METROPOLITAN NORTH WEST REGION,2,1,0,0,1,1,0,2,1,0,1,0,0,0,0,0,0,0,0,0,No,0,2,0,1,0,0,MELB_URBAN,MELB_URBAN,PORT PHILLIP,METROPOLITAN NORTH WEST REGION,MELBOURNE,2014,1,January
145.38046354080464,-37.872199049326944,3409050,1/1/2014,09.30.00,No,Collision with vehicle,Wednesday,U TURN,Day,145.38046,-37.8722,YARRA RANGES,METROPOLITAN SOUTH EAST REGION,2,1,0,0,1,1,1,0,1,0,1,0,0,0,0,0,0,0,0,0,No,0,2,0,1,0,0,RURAL_VICTORIA,RURAL_VICTORIA,YARRA RANGES,METROPOLITAN SOUTH EAST REGION,OLINDA,2014,1,January
145.3682801358907,-37.88412948928488,3409057,4/1/2014,14.15.00,Yes,Collision with vehicle,Saturday,RIGHT THROUGH,Day,145.36828,-37.88413,YARRA RANGES,METROPOLITAN SOUTH EAST REGION,2,1,0,0,1,1,1,1,1,0,1,0,0,0,0,0,0,0,0,0,No,0,2,0,1,0,0,MELB_URBAN,MELB_URBAN,YARRA RANGES,METROPOLITAN SOUTH EAST REGION,KALLISTA,2014,1,January
145.07820322723748,-37.887034405428295,3409062,9/1/2014,18.00.00,Yes,Collision with vehicle,Thursday,LEFT TURN SIDESWIPE,Day,145.0782,-37.887029999999996,STONNINGTON,METROPOLITAN SOUTH EAST REGION,2,1,0,0,1,1,1,1,1,0,0,0,0,0,1,0,0,0,0,0,No,0,2,0,0,0,0,MELB_URBAN,MELB_URBAN,STONNINGTON,METROPOLITAN SOUTH EAST REGION,MALVERN EAST,2014,1,January
145.1248500496254,-38.058391679509775,3409066,11/1/2014,12.35.00,No,Collision with vehicle,Saturday,CROSS TRAFFIC(INTERSECTIONS ONLY),Day,145.12485,-38.05839,KINGSTON,METROPOLITAN SOUTH EAST REGION,2,1,0,0,1,1,1,1,1,0,1,0,0,0,0,0,0,0,0,0,No,0,2,0,1,0,0,MELB_URBAN,MELB_URBAN,KINGSTON,METROPOLITAN SOUTH EAST REGION,BONBEACH,2014,1,January
146.0922502122143,-37.31620983812724,3409070,2/1/2014,13.30.00,No,Collision with vehicle,Thursday,LANE SIDE SWIPE (VEHICLES IN PARALLEL LANES),Day,146.09225,-37.31621,MANSFIELD,NORTH EASTERN REGION,2,2,0,0,2,0,2,0,1,0,0,0,0,1,0,0,0,0,0,0,No,0,2,0,0,1,0,RURAL_VICTORIA,RURAL_VICTORIA,MANSFIELD,NORTH EASTERN REGION,JAMIESON,2014,1,January
144.97860279257625,-37.79754137033637,3409071,10/1/2014,10.45.00,No,Collision with vehicle,Friday,ENTERING PARKING,Day,144.9786,-37.79754000000001,YARRA,METROPOLITAN NORTH WEST REGION,2,1,0,0,1,1,1,1,1,0,1,0,0,0,0,0,0,0,0,0,No,0,2,0,1,0,0,MELB_URBAN,MELB_URBAN,YARRA,METROPOLITAN NORTH WEST REGION,FITZROY,2014,1,January
142.0252159703106,-37.74272603087589,3409086,22/1/2014,06.55.00,No,Collision with vehicle,Wednesday,CROSS TRAFFIC(INTERSECTIONS ONLY),Dusk/Dawn,142.02522,-37.74273,SOUTHERN GRAMPIANS,SOUTH WESTERN REGION,2,1,0,1,0,1,1,1,1,0,1,0,0,0,0,0,0,0,0,0,No,0,2,0,1,0,0,TOWNS,TOWNS,SOUTHERN GRAMPIANS,SOUTH WESTERN REGION,HAMILTON,2014,1,January
145.02503835862308,-37.781875988918266,3409088,23/1/2014,11.40.00,No,Collision with vehicle,Thursday,LEFT TURN SIDESWIPE,Day,145.02504,-37.78188,YARRA,METROPOLITAN NORTH WEST REGION,2,1,0,0,1,1,1,1,1,0,1,0,0,0,0,0,0,0,0,1,No,0,2,0,1,0,0,MELB_URBAN,MELB_URBAN,"YARRA,DAREBIN",METROPOLITAN NORTH WEST REGION,ALPHINGTON,2014,1,January
145.01541000745442,-38.37124998013609,3409102,1/1/2014,11.00.00,No,Collision with vehicle,Wednesday,VEHICLE STRIKES ANOTHER VEH WHILE EMERGING FROM DRIVEWAY,Day,145.01541,-38.37125,MORNINGTON PENINSULA,METROPOLITAN SOUTH EAST REGION,2,1,0,0,1,1,2,0,1,0,0,0,0,0,1,0,0,0,0,0,No,0,2,0,0,0,0,RURAL_VICTORIA,RURAL_VICTORIA,MORNINGTON PENINSULA,METROPOLITAN SOUTH EAST REGION,RED HILL,2014,1,January
144.99345861153148,-37.851209871530735,3409133,11/1/2014,14.00.00,Yes,Collision with vehicle,Saturday,VEHICLE STRIKES DOOR OF PARKED/STATIONARY VEHICLE,Day,144.99346,-37.851209999999995,STONNINGTON,METROPOLITAN SOUTH EAST REGION,2,1,0,0,1,1,0,2,1,0,1,0,0,0,0,0,0,0,0,0,No,0,2,0,1,0,0,MELB_URBAN,MELB_URBAN,STONNINGTON,METROPOLITAN SOUTH EAST REGION,PRAHRAN,2014,1,January
144.33702168977982,-38.08138081668249,3409139,23/1/2014,12.40.00,No,Collision with vehicle,Thursday,LEFT TURN SIDESWIPE,Day,144.33702,-38.081379999999996,GEELONG,SOUTH WESTERN REGION,3,1,0,0,1,2,3,0,1,1,1,0,0,0,0,0,0,0,1,0,No,0,2,0,1,0,0,LARGE_PROVINCIAL_CITIES,LARGE_PROVINCIAL_CITIES,GEELONG,SOUTH WESTERN REGION,LOVELY BANKS,2014,1,January
143.82969427521118,-37.56304576589172,3409156,5/1/2014,09.00.00,Yes,Collision with vehicle,Sunday,RIGHT NEAR (INTERSECTIONS ONLY),Day,143.82969,-37.56305,BALLARAT,WESTERN REGION,2,1,0,0,1,1,2,0,1,0,1,0,0,0,0,0,0,0,0,0,No,0,2,0,1,0,0,LARGE_PROVINCIAL_CITIES,LARGE_PROVINCIAL_CITIES,BALLARAT,WESTERN REGION,NEWINGTON,2014,1,January
144.89980525162363,-37.74030063242463,3409164,11/1/2014,16.20.00,Yes,Collision with vehicle,Saturday,RIGHT THROUGH,Day,144.89981,-37.7403,MOONEE VALLEY,METROPOLITAN NORTH WEST REGION,2,1,0,0,1,1,1,1,1,0,1,0,0,0,0,0,0,0,0,0,No,0,2,0,1,0,0,MELB_URBAN,MELB_URBAN,MOONEE VALLEY,METROPOLITAN NORTH WEST REGION,ESSENDON NORTH,2014,1,January