X,Y,OBJECTID,ACCIDENT_DATE,ACCIDENT_TIME,ALCOHOLTIME,ACCIDENT_TYPE,DAY_OF_WEEK,DCA_CODE,LIGHT_CONDITION,LONGITUDE,LATITUDE,LGA_NAME,REGION_NAME,TOTAL_PERSONS,INJ_OR_FATAL,FATALITY,SERIOUSINJURY,OTHERINJURY,NONINJURED,MALES,FEMALES,BICYCLIST,PASSENGER,DRIVER,PEDESTRIAN,PILLION,MOTORIST,UNKNOWN,PED_CYCLIST_5_12,PED_CYCLIST_13_18,OLD_PEDESTRIAN,OLD_DRIVER,YOUNG_DRIVER,ALCOHOL_RELATED,UNLICENCSED,NO_OF_VEHICLES,HEAVYVEHICLE,PASSENGERVEHICLE,MOTORCYCLE,PUBLICVEHICLE,DEG_URBAN_NAME,DEG_URBAN_ALL,LGA_NAME_ALL,REGION_NAME_ALL,Suburb,Year,Month,Month_name
144.9992916896914,-37.81792019988866,3409664,30/12/2013,14.30.00,No,Collision with vehicle,Monday,VEHICLE STRIKES DOOR OF PARKED/STATIONARY VEHICLE,Day,144.99929,-37.81792,YARRA,METROPOLITAN NORTH WEST REGION,2,1,0,0,1,1,1,1,1,0,1,0,0,0,0,0,0,0,0,0,No,0,2,0,1,0,0,MELB_URBAN,MELB_URBAN,YARRA,METROPOLITAN NORTH WEST REGION,RICHMOND,2013,12,December
144.87912921817738,-37.79761157817485,3409672,8/1/2014,20.55.00,Yes,No collision and no object struck,Wednesday,OFF CARRIAGEWAY TO RIGHT,Dusk/Dawn,144.87913,-37.79761,MARIBYRNONG,METROPOLITAN NORTH WEST REGION,2,1,0,0,1,1,2,0,1,0,1,0,0,0,0,0,0,0,0,0,No,0,2,0,1,0,0,MELB_URBAN,MELB_URBAN,MARIBYRNONG,METROPOLITAN NORTH WEST REGION,WEST FOOTSCRAY,2014,1,January
145.01629532482255,-38.290700320911306,3409675,9/1/2014,10.35.00,No,Collision with vehicle,Thursday,RIGHT THROUGH,Day,145.0163,-38.2907,MORNINGTON PENINSULA,METROPOLITAN SOUTH EAST REGION,3,1,0,0,1,2,2,1,1,1,1,0,0,0,0,0,0,0,0,1,No,0,2,0,1,0,0,MELB_URBAN,"RURAL_VICTORIA,MELB_URBAN",MORNINGTON PENINSULA,METROPOLITAN SOUTH EAST REGION,MOUNT MARTHA,2014,1,January
144.95143544234563,-37.81316686041489,3409677,2/1/2014,19.10.00,Yes,No collision and no object struck,Thursday,OFF CARRIAGEWAY TO LEFT,Day,144.95144,-37.81317,MELBOURNE,METROPOLITAN NORTH WEST REGION,2,1,0,0,1,1,0,1,1,0,1,0,0,0,0,0,0,0,0,0,No,0,2,0,1,0,0,MELBOURNE_CBD,"MELBOURNE_CBD,MELB_URBAN",MELBOURNE,METROPOLITAN NORTH WEST REGION,MELBOURNE,2014,1,January
144.96135241994426,-37.77156056473375,3409678,8/1/2014,17.20.00,No,Collision with vehicle,Wednesday,VEHICLE STRIKES DOOR OF PARKED/STATIONARY VEHICLE,Unk.,144.96135,-37.77156,MORELAND,METROPOLITAN NORTH WEST REGION,3,1,0,0,1,2,1,1,1,1,1,0,0,0,0,0,0,0,0,0,No,0,2,0,1,0,0,MELB_URBAN,MELB_URBAN,MORELAND,METROPOLITAN NORTH WEST REGION,BRUNSWICK,2014,1,January
142.1388646224676,-34.20450386289753,3409684,9/1/2014,17.30.00,No,No collision and no object struck,Thursday,OUT OF CONTROL ON CARRIAGEWAY (ON STRAIGHT),Day,142.13886000000005,-34.2045,MILDURA,WESTERN REGION,2,1,0,0,1,1,1,1,1,0,1,0,0,0,0,0,0,0,0,0,No,0,2,0,1,0,0,SMALL_CITIES,SMALL_CITIES,MILDURA,WESTERN REGION,MILDURA,2014,1,January
144.98621692869878,-37.86571328932453,3409695,16/1/2014,09.00.00,No,Collision with vehicle,Thursday,LEFT TURN SIDESWIPE,Day,144.98622,-37.86571,PORT PHILLIP,METROPOLITAN NORTH WEST REGION,2,1,0,0,1,1,2,0,1,0,1,0,0,0,0,0,0,0,0,0,No,0,2,0,1,0,0,MELB_URBAN,MELB_URBAN,PORT PHILLIP,METROPOLITAN NORTH WEST REGION,ST KILDA,2014,1,January
144.95755615620917,-37.79971670176162,3409699,21/1/2014,21.00.00,Yes,Collision with vehicle,Tuesday,RIGHT THROUGH,Dusk/Dawn,144.95756,-37.79972,MELBOURNE,METROPOLITAN NORTH WEST REGION,2,1,0,1,0,1,2,0,1,0,1,0,0,0,0,0,0,0,0,0,No,0,2,0,1,0,0,MELB_URBAN,MELB_URBAN,MELBOURNE,METROPOLITAN NORTH WEST REGION,MELBOURNE,2014,1,January
145.6555993010698,-36.811340557317145,3409705,21/1/2014,15.45.00,No,No collision and no object struck,Tuesday,OUT OF CONTROL ON CARRIAGEWAY (ON STRAIGHT),Day,145.6556,-36.81134,STRATHBOGIE,NORTH EASTERN REGION,1,1,0,1,0,0,1,0,1,0,0,0,0,0,0,0,1,0,0,0,No,0,1,0,0,0,0,RURAL_VICTORIA,RURAL_VICTORIA,STRATHBOGIE,NORTH EASTERN REGION,KELVIN VIEW,2014,1,January
144.99212991781363,-37.804991067793324,3409712,2/1/2014,18.40.00,Yes,Struck animal,Thursday,STRUCK ANIMAL,Day,144.99213,-37.804990000000004,YARRA,METROPOLITAN NORTH WEST REGION,1,1,0,1,0,0,1,0,1,0,0,0,0,0,0,0,0,0,0,0,No,0,1,0,0,0,0,MELB_URBAN,MELB_URBAN,YARRA,METROPOLITAN NORTH WEST REGION,ABBOTSFORD,2014,1,January
145.15037912400362,-37.87682426481097,3409717,2/1/2014,19.04.00,Yes,Collision with vehicle,Thursday,VEHICLE STRIKES ANOTHER VEH WHILE EMERGING FROM DRIVEWAY,Dusk/Dawn,145.15038,-37.87682,MONASH,METROPOLITAN SOUTH EAST REGION,2,1,0,1,0,1,2,0,1,0,1,0,0,0,0,0,0,0,0,0,No,0,2,0,1,0,0,MELB_URBAN,MELB_URBAN,MONASH,METROPOLITAN SOUTH EAST REGION,GLEN WAVERLEY,2014,1,January
144.87976000266892,-37.58985999855211,3409718,2/1/2014,17.30.00,No,Collision with vehicle,Thursday,CROSS TRAFFIC(INTERSECTIONS ONLY),Day,144.87976,-37.589859999999994,HUME,METROPOLITAN NORTH WEST REGION,2,1,0,0,1,1,1,1,1,0,1,0,0,0,0,0,0,0,0,1,No,0,2,0,1,0,0,RURAL_VICTORIA,RURAL_VICTORIA,HUME,METROPOLITAN NORTH WEST REGION,MICKLEHAM,2014,1,January
144.97938682877555,-37.87664960632385,3409725,8/1/2014,17.20.00,No,Collision with vehicle,Wednesday,VEHICLE STRIKES DOOR OF PARKED/STATIONARY VEHICLE,Day,144.97939,-37.87665,PORT PHILLIP,METROPOLITAN NORTH WEST REGION,2,1,0,0,1,1,0,2,1,0,1,0,0,0,0,0,0,0,0,0,No,0,2,0,1,0,0,MELB_URBAN,MELB_URBAN,PORT PHILLIP,METROPOLITAN NORTH WEST REGION,ELWOOD,2014,1,January
144.96113093882397,-37.81594417899896,3409728,9/1/2014,16.17.00,No,Collision with vehicle,Thursday,VEHICLE COLLIDES WITH VEHICLE PARKED ON LEFT OF ROAD,Day,144.96113,-37.81594000000001,MELBOURNE,METROPOLITAN NORTH WEST REGION,2,1,0,0,1,1,2,0,1,0,1,0,0,0,0,0,0,0,0,0,No,0,3,0,2,0,0,MELBOURNE_CBD,MELBOURNE_CBD,MELBOURNE,METROPOLITAN NORTH WEST REGION,MELBOURNE,2014,1,January
144.61925029128412,-37.51512985040621,3409730,9/1/2014,15.55.00,No,Collision with a fixed object,Thursday,OFF LEFT BEND INTO OBJECT/PARKED VEHICLE,Day,144.61925,-37.51513,MACEDON RANGES,NORTHERN REGION,5,1,0,0,1,4,1,4,1,2,2,0,0,0,0,0,0,0,0,1,No,0,3,0,2,0,0,RURAL_VICTORIA,RURAL_VICTORIA,MACEDON RANGES,NORTHERN REGION,GISBORNE,2014,1,January
144.94586944222124,-37.81474878699423,3409743,15/1/2014,18.00.00,Yes,Collision with vehicle,Wednesday,RIGHT THROUGH,Day,144.94586999999999,-37.81475,MELBOURNE,METROPOLITAN NORTH WEST REGION,2,1,0,0,1,1,1,1,1,0,1,0,0,0,0,0,0,0,0,0,No,0,2,0,1,0,0,MELB_URBAN,MELB_URBAN,MELBOURNE,METROPOLITAN NORTH WEST REGION,DOCKLANDS,2014,1,January
146.83010836977374,-36.318574718928296,3415770,20/6/2014,09.05.00,No,Collision with vehicle,Friday,LEFT FAR (INTERSECTIONS ONLY),Day,146.83011000000005,-36.31857,INDIGO,NORTH EASTERN REGION,2,1,0,0,1,1,1,1,1,0,1,0,0,0,0,0,0,0,0,0,No,0,2,0,1,0,0,SMALL_TOWNS,SMALL_TOWNS,INDIGO,NORTH EASTERN REGION,YACKANDANDAH,2014,6,June
144.32844013991578,-38.2015393265079,3415775,6/4/2014,14.50.00,No,Collision with vehicle,Sunday,REAR END(VEHICLES IN SAME LANE),Day,144.32844,-38.20154,GEELONG,SOUTH WESTERN REGION,2,1,0,0,1,1,2,0,1,0,1,0,0,0,0,0,1,0,0,0,No,0,2,0,1,0,0,LARGE_PROVINCIAL_CITIES,LARGE_PROVINCIAL_CITIES,GEELONG,SOUTH WESTERN REGION,GROVEDALE,2014,4,April
144.98162917212485,-37.86492990866464,3415794,28/6/2014,11.25.00,No,Collision with vehicle,Saturday,ENTERING PARKING,Day,144.98163,-37.86493,PORT PHILLIP,METROPOLITAN NORTH WEST REGION,2,1,0,0,1,1,2,0,1,0,1,0,0,0,0,0,0,0,0,0,No,0,2,0,1,0,0,MELB_URBAN,MELB_URBAN,PORT PHILLIP,METROPOLITAN NORTH WEST REGION,ST KILDA,2014,6,June
145.06382436445924,-37.79428608480657,3415801,6/7/2014,09.30.00,Yes,Collision with vehicle,Sunday,REAR END(VEHICLES IN SAME LANE),Day,145.06382,-37.794290000000004,BOROONDARA,METROPOLITAN SOUTH EAST REGION,2,1,0,0,1,1,2,0,1,0,1,0,0,0,0,0,0,0,0,0,No,0,2,0,1,0,0,MELB_URBAN,MELB_URBAN,BOROONDARA,METROPOLITAN SOUTH EAST REGION,BALWYN NORTH,2014,7,July
145.03815912471623,-37.88628242114313,3415815,20/6/2014,08.15.00,No,Collision with vehicle,Friday,RIGHT THROUGH,Dusk/Dawn,145.03816,-37.88628,GLEN EIRA,METROPOLITAN SOUTH EAST REGION,2,1,0,0,1,1,1,1,1,0,1,0,0,0,0,0,1,0,0,0,No,0,2,0,1,0,0,MELB_URBAN,MELB_URBAN,GLEN EIRA,METROPOLITAN SOUTH EAST REGION,CAULFIELD EAST,2014,6,June
146.3071538511842,-36.360233275218256,3415834,26/6/2014,06.45.00,No,Collision with vehicle,Thursday,LEFT NEAR (INTERSECTIONS ONLY),Dark Street lights on,146.30715,-36.36023,WANGARATTA,NORTH EASTERN REGION,2,1,0,1,0,1,2,0,1,0,1,0,0,0,0,0,0,0,0,0,No,0,2,0,1,0,0,SMALL_CITIES,SMALL_CITIES,WANGARATTA,NORTH EASTERN REGION,WANGARATTA,2014,6,June
145.05963594425933,-37.755440526532226,3415843,30/6/2014,16.55.00,No,Collision with vehicle,Monday,RIGHT NEAR (INTERSECTIONS ONLY),Dusk/Dawn,145.05964,-37.75544,BANYULE,METROPOLITAN NORTH WEST REGION,2,1,0,0,1,1,1,1,1,0,1,0,0,0,0,0,0,0,0,0,No,0,2,0,1,0,0,MELB_URBAN,MELB_URBAN,BANYULE,METROPOLITAN NORTH WEST REGION,HEIDELBERG,2014,6,June
144.99847108479332,-37.82574555125087,3415844,1/7/2014,12.45.00,No,Collision with vehicle,Tuesday,ENTERING PARKING,Day,144.99847,-37.82575,YARRA,METROPOLITAN NORTH WEST REGION,2,1,0,0,1,1,2,0,1,0,1,0,0,0,0,0,0,0,0,0,No,0,2,0,1,0,0,MELB_URBAN,MELB_URBAN,YARRA,METROPOLITAN NORTH WEST REGION,RICHMOND,2014,7,July
144.98131995046006,-37.79496897832571,3415846,30/6/2014,09.20.00,No,Collision with vehicle,Monday,CROSS TRAFFIC(INTERSECTIONS ONLY),Day,144.98131999999995,-37.79497,YARRA,METROPOLITAN NORTH WEST REGION,2,1,0,1,0,1,1,1,1,0,1,0,0,0,0,0,0,0,0,0,No,0,2,0,1,0,0,MELB_URBAN,MELB_URBAN,YARRA,METROPOLITAN NORTH WEST REGION,FITZROY,2014,6,June
144.92690569369458,-37.772703697845294,3415861,15/6/2014,01.07.00,Yes,Collision with vehicle,Sunday,CROSS TRAFFIC(INTERSECTIONS ONLY),Dark Street lights on,144.92691000000005,-37.7727,MOONEE VALLEY,METROPOLITAN NORTH WEST REGION,2,1,0,1,0,1,2,0,1,0,1,0,0,0,0,0,0,0,0,0,No,0,2,0,1,0,0,MELB_URBAN,MELB_URBAN,MOONEE VALLEY,METROPOLITAN NORTH WEST REGION,ASCOT VALE,2014,6,June
145.0599685970591,-37.985399022061294,3415902,26/6/2014,08.50.00,No,Collision with vehicle,Thursday,OTHER ADJACENT (INTERSECTIONS ONLY),Dusk/Dawn,145.05997,-37.9854,KINGSTON,METROPOLITAN SOUTH EAST REGION,2,1,0,1,0,1,1,1,1,0,1,0,0,0,0,0,0,0,0,0,No,0,2,0,1,0,0,MELB_URBAN,MELB_URBAN,KINGSTON,METROPOLITAN SOUTH EAST REGION,MENTONE,2014,6,June
144.96663354343303,-38.331847793627965,3415907,15/6/2014,10.50.00,No,Collision with vehicle,Sunday,LEFT TURN SIDESWIPE,Day,144.96663,-38.33185,MORNINGTON PENINSULA,METROPOLITAN SOUTH EAST REGION,2,1,0,0,1,1,2,0,1,0,1,0,0,0,0,0,0,0,0,0,No,0,2,0,1,0,0,MELB_URBAN,MELB_URBAN,MORNINGTON PENINSULA,METROPOLITAN SOUTH EAST REGION,DROMANA,2014,6,June
144.746743343061,-36.12307946795219,3415908,15/6/2014,12.00.00,No,Collision with vehicle,Sunday,LEFT TURN SIDESWIPE,Day,144.74674,-36.12308,CAMPASPE,NORTHERN REGION,3,1,0,1,0,2,2,0,1,1,1,0,0,0,0,0,0,0,0,0,No,1,2,0,1,0,0,SMALL_CITIES,SMALL_CITIES,CAMPASPE,NORTHERN REGION,ECHUCA,2014,6,June
145.09462072405938,-37.79153202165756,3415913,15/6/2014,14.18.00,No,Collision with vehicle,,RIGHT THROUGH,Day,145.09462,-37.79153,BOROONDARA,METROPOLITAN SOUTH EAST REGION,2,1,0,0,1,1,1,1,1,0,1,0,0,0,0,0,0,0,0,0,No,0,2,0,1,0,0,MELB_URBAN,MELB_URBAN,BOROONDARA,METROPOLITAN SOUTH EAST REGION,BALWYN NORTH,2014,6,June
146.40251011082748,-38.19728001769485,3415914,15/6/2014,12.00.00,No,Collision with vehicle,,LANE SIDE SWIPE (VEHICLES IN PARALLEL LANES),Day,146.40251,-38.19728,LATROBE,EASTERN REGION,2,2,0,0,2,0,2,0,1,0,1,0,0,0,0,0,0,0,0,0,No,0,2,0,1,0,0,RURAL_VICTORIA,RURAL_VICTORIA,LATROBE,"EASTERN REGION,EASTERN REGION",MARYVALE,2014,6,June
145.00173186359925,-37.67254555340026,3415916,9/6/2014,08.25.00,No,Collision with vehicle,Monday,LEFT NEAR (INTERSECTIONS ONLY),Dusk/Dawn,145.00173,-37.67255,WHITTLESEA,METROPOLITAN NORTH WEST REGION,2,1,0,0,1,1,1,1,1,0,1,0,0,0,0,0,0,0,0,1,No,0,2,0,1,0,0,MELB_URBAN,MELB_URBAN,WHITTLESEA,METROPOLITAN NORTH WEST REGION,THOMASTOWN,2014,6,June
142.4838470285454,-38.386124095175795,3415938,26/6/2014,15.49.00,No,Collision with vehicle,Thursday,VEHICLE OFF FOOTPATH STRIKES VEH ON CARRIAGEWAY,Day,142.48385,-38.38612,WARRNAMBOOL,SOUTH WESTERN REGION,2,1,0,0,1,1,2,0,1,0,1,0,0,0,0,0,0,0,0,0,No,0,2,0,1,0,0,SMALL_CITIES,SMALL_CITIES,WARRNAMBOOL,SOUTH WESTERN REGION,WARRNAMBOOL,2014,6,June
144.9818113383501,-37.785665930644896,3415953,8/4/2014,08.15.00,No,Collision with vehicle,Tuesday,LEFT NEAR (INTERSECTIONS ONLY),Day,144.98181,-37.78567,YARRA,METROPOLITAN NORTH WEST REGION,2,1,0,0,1,1,1,1,1,0,1,0,0,0,0,0,0,0,0,0,No,0,2,0,1,0,0,MELB_URBAN,MELB_URBAN,YARRA,METROPOLITAN NORTH WEST REGION,FITZROY NORTH,2014,4,April
144.99800362515387,-37.87691678738072,3415969,21/6/2014,08.00.00,Yes,No collision and no object struck,Saturday,OUT OF CONTROL ON CARRIAGEWAY (ON STRAIGHT),Dusk/Dawn,144.998,-37.87692,GLEN EIRA,METROPOLITAN NORTH WEST REGION,2,2,0,0,2,0,2,0,1,0,1,0,0,0,0,0,0,0,0,0,No,0,2,0,0,0,0,MELB_URBAN,MELB_URBAN,"PORT PHILLIP,GLEN EIRA","METROPOLITAN NORTH WEST REGION,METROPOLITAN SOUTH EAST REGION",RIPPONLEA,2014,6,June
145.00614852851203,-38.346527910764365,3415974,21/6/2014,11.20.00,No,Collision with vehicle,Saturday,RIGHT NEAR (INTERSECTIONS ONLY),Day,145.00615,-38.34653,MORNINGTON PENINSULA,METROPOLITAN SOUTH EAST REGION,2,1,0,1,0,1,1,1,1,0,1,0,0,0,0,0,0,0,0,0,No,0,2,0,1,0,0,RURAL_VICTORIA,RURAL_VICTORIA,MORNINGTON PENINSULA,METROPOLITAN SOUTH EAST REGION,DROMANA,2014,6,June
145.089737145809,-37.74130627746939,3415987,30/12/2013,08.30.00,No,No collision and no object struck,Monday,OFF CARRIAGEWAY TO RIGHT,Day,145.08973999999995,-37.74131,BANYULE,METROPOLITAN NORTH WEST REGION,2,1,0,0,1,1,2,0,1,0,1,0,0,0,0,0,0,0,0,0,No,0,2,0,0,0,0,MELB_URBAN,MELB_URBAN,BANYULE,METROPOLITAN NORTH WEST REGION,VIEWBANK,2013,12,December
144.98734483284437,-37.79927769524997,3416035,13/6/2014,14.30.00,No,Collision with vehicle,Friday,LANE SIDE SWIPE (VEHICLES IN PARALLEL LANES),Day,144.98734,-37.799279999999996,YARRA,METROPOLITAN NORTH WEST REGION,2,1,0,0,1,1,1,0,1,0,0,0,0,0,1,0,0,0,0,0,No,0,2,0,0,0,0,MELB_URBAN,MELB_URBAN,YARRA,METROPOLITAN NORTH WEST REGION,COLLINGWOOD,2014,6,June
145.26901640450956,-37.85036931923725,3416054,2/7/2014,16.50.00,No,Collision with vehicle,Wednesday,CROSS TRAFFIC(INTERSECTIONS ONLY),Day,145.26901999999995,-37.85037,KNOX,METROPOLITAN SOUTH EAST REGION,2,1,0,0,1,1,2,0,1,0,1,0,0,0,0,0,0,0,0,0,No,0,2,0,1,0,0,MELB_URBAN,MELB_URBAN,KNOX,METROPOLITAN SOUTH EAST REGION,BAYSWATER,2014,7,July
144.99975520085113,-37.815392013446285,3416058,2/7/2014,18.30.00,Yes,Collision with vehicle,Wednesday,RIGHT NEAR (INTERSECTIONS ONLY),Dark Street lights on,144.99976,-37.81539,YARRA,METROPOLITAN NORTH WEST REGION,2,1,0,0,1,1,1,1,1,0,1,0,0,0,0,0,0,0,0,0,No,0,2,0,1,0,0,MELB_URBAN,MELB_URBAN,YARRA,METROPOLITAN NORTH WEST REGION,RICHMOND,2014,7,July
144.96717240485285,-37.81687929719073,3416064,27/5/2014,07.05.00,No,No collision and no object struck,Tuesday,OUT OF CONTROL ON CARRIAGEWAY (ON STRAIGHT),Dusk/Dawn,144.96716999999995,-37.81688,MELBOURNE,METROPOLITAN NORTH WEST REGION,2,1,0,1,0,1,0,1,1,0,0,0,0,0,1,0,0,0,0,0,No,0,2,0,0,0,0,MELBOURNE_CBD,MELBOURNE_CBD,MELBOURNE,METROPOLITAN NORTH WEST REGION,MELBOURNE,2014,5,May
144.95329884209224,-37.83258320009767,3416070,30/5/2014,19.35.00,Yes,No collision and no object struck,Friday,OTHER ACCIDENTS-OFF STRAIGHT NOT INCLUDED IN DCAs 170-175,Dark Street lights on,144.9533,-37.83258,PORT PHILLIP,METROPOLITAN NORTH WEST REGION,2,1,0,0,1,1,0,2,1,0,1,0,0,0,0,0,0,0,0,0,No,0,2,0,1,0,0,MELB_URBAN,MELB_URBAN,PORT PHILLIP,METROPOLITAN NORTH WEST REGION,SOUTH MELBOURNE,2014,5,May
145.0121984789461,-37.96396002822417,3416075,22/6/2014,08.10.00,Yes,Collision with vehicle,Sunday,VEHICLE COLLIDES WITH VEHICLE PARKED ON LEFT OF ROAD,Dusk/Dawn,145.0122,-37.96396,BAYSIDE,METROPOLITAN SOUTH EAST REGION,2,1,0,1,0,1,1,1,1,0,1,0,0,0,0,0,0,0,0,0,No,0,2,0,1,0,0,MELB_URBAN,MELB_URBAN,BAYSIDE,METROPOLITAN SOUTH EAST REGION,BLACK ROCK,2014,6,June
144.98459307396263,-37.7970903332356,3416078,22/6/2014,11.30.00,No,Collision with vehicle,Sunday,VEHICLE STRIKES DOOR OF PARKED/STATIONARY VEHICLE,Day,144.98459,-37.797090000000004,YARRA,METROPOLITAN NORTH WEST REGION,2,1,0,0,1,1,1,1,1,0,1,0,0,0,0,0,0,0,0,0,No,0,2,0,1,0,0,MELB_URBAN,MELB_URBAN,YARRA,METROPOLITAN NORTH WEST REGION,FITZROY,2014,6,June
144.9952468925047,-37.75171390298566,3416085,13/6/2014,07.40.00,No,Vehicle overturned (no collision),Friday,OFF CARRIAGEWAY TO RIGHT,Day,144.99525,-37.751709999999996,DAREBIN,METROPOLITAN NORTH WEST REGION,1,1,0,0,1,0,1,0,1,0,0,0,0,0,0,0,0,0,0,0,No,0,1,0,0,0,0,MELB_URBAN,MELB_URBAN,DAREBIN,METROPOLITAN NORTH WEST REGION,PRESTON,2014,6,June
144.9630441211499,-37.73737516028577,3416103,1/7/2014,18.20.00,Yes,Collision with vehicle,Tuesday,RIGHT NEAR (INTERSECTIONS ONLY),Dusk/Dawn,144.96303999999995,-37.73738,MORELAND,METROPOLITAN NORTH WEST REGION,2,1,0,0,1,1,2,0,1,0,1,0,0,0,0,0,0,0,0,0,No,0,2,0,1,0,0,MELB_URBAN,MELB_URBAN,MORELAND,METROPOLITAN NORTH WEST REGION,COBURG,2014,7,July
142.13805033488208,-36.73203238065103,3416109,3/7/2014,08.10.00,No,Collision with vehicle,Thursday,LANE SIDE SWIPE (VEHICLES IN PARALLEL LANES),Dusk/Dawn,142.13805,-36.73203,HORSHAM,WESTERN REGION,2,1,0,0,1,1,1,1,1,0,1,0,0,0,0,0,0,0,0,0,No,0,2,0,1,0,0,RURAL_VICTORIA,RURAL_VICTORIA,HORSHAM,WESTERN REGION,VECTIS,2014,7,July
144.9781298699156,-37.780268086578495,3416112,1/5/2014,11.00.00,No,Collision with vehicle,Thursday,RIGHT NEAR (INTERSECTIONS ONLY),Day,144.97813,-37.78027,MORELAND,METROPOLITAN NORTH WEST REGION,2,1,0,0,1,1,1,1,1,0,1,0,0,0,0,0,0,0,0,0,No,0,2,0,1,0,0,MELB_URBAN,MELB_URBAN,"YARRA,MORELAND",METROPOLITAN NORTH WEST REGION,FITZROY NORTH,2014,5,May
144.95392139298437,-37.812466237262534,3416114,11/6/2014,06.45.00,No,Collision with vehicle,Wednesday,RIGHT THROUGH,Dark Street lights on,144.95391999999995,-37.81247000000001,MELBOURNE,METROPOLITAN NORTH WEST REGION,2,1,0,1,0,1,1,1,1,0,1,0,0,0,0,0,0,0,0,0,No,0,2,0,1,0,0,MELBOURNE_CBD,"MELBOURNE_CBD,MELB_URBAN",MELBOURNE,METROPOLITAN NORTH WEST REGION,MELBOURNE,2014,6,June
145.1351795810281,-38.111330820360905,3416129,22/6/2014,13.30.00,No,Collision with vehicle,Sunday,VEHICLE OFF FOOTPATH STRIKES VEH ON CARRIAGEWAY,Day,145.13518,-38.11133,FRANKSTON,METROPOLITAN SOUTH EAST REGION,2,1,0,1,0,1,2,0,1,0,1,0,0,0,0,1,0,0,0,0,No,0,2,0,1,0,0,MELB_URBAN,MELB_URBAN,FRANKSTON,METROPOLITAN SOUTH EAST REGION,SEAFORD,2014,6,June
144.92187590968837,-37.59683800397172,3416145,27/6/2014,21.30.00,Yes,Collision with vehicle,Friday,RIGHT NEAR (INTERSECTIONS ONLY),Dark Street lights on,144.92188000000004,-37.59684,HUME,METROPOLITAN NORTH WEST REGION,3,1,0,0,1,2,1,2,1,1,1,0,0,0,0,0,0,0,0,1,No,0,2,0,1,0,0,MELB_URBAN,MELB_URBAN,HUME,METROPOLITAN NORTH WEST REGION,CRAIGIEBURN,2014,6,June
144.90300770598685,-37.808468620614455,3416148,27/6/2014,22.30.00,Yes,Collision with vehicle,Friday,VEHICLE STRIKES ANOTHER VEH WHILE EMERGING FROM DRIVEWAY,Dark Street lights unknown,144.90301000000005,-37.80847,MARIBYRNONG,METROPOLITAN NORTH WEST REGION,2,1,0,0,1,1,2,0,1,0,1,0,0,0,0,0,0,0,0,0,No,0,2,0,1,0,0,MELB_URBAN,MELB_URBAN,MARIBYRNONG,METROPOLITAN NORTH WEST REGION,FOOTSCRAY,2014,6,June
144.73668347185082,-37.87301326180847,3416152,3/7/2014,09.50.00,No,Collision with vehicle,Wednesday,LEFT NEAR (INTERSECTIONS ONLY),Day,144.73668,-37.87301,WYNDHAM,METROPOLITAN NORTH WEST REGION,2,1,0,0,1,1,2,0,1,0,1,0,0,0,0,0,1,0,0,0,No,0,2,0,1,0,0,MELB_URBAN,MELB_URBAN,WYNDHAM,METROPOLITAN NORTH WEST REGION,POINT COOK,2014,7,July
144.9600697334231,-37.82597583658717,3416169,17/6/2014,09.03.00,No,Collision with vehicle,Tuesday,CROSS TRAFFIC(INTERSECTIONS ONLY),Day,144.96007,-37.82598,MELBOURNE,METROPOLITAN NORTH WEST REGION,2,1,0,1,0,1,0,2,1,0,1,0,0,0,0,0,0,0,0,0,No,0,2,0,1,0,0,MELB_URBAN,MELB_URBAN,MELBOURNE,METROPOLITAN NORTH WEST REGION,SOUTHBANK,2014,6,June
147.0728514065392,-38.098962836533644,3416175,16/6/2014,05.30.00,Yes,Collision with vehicle,Monday,RIGHT NEAR (INTERSECTIONS ONLY),Dark Street lights on,147.07285,-38.09896,WELLINGTON,EASTERN REGION,2,1,0,0,1,1,1,1,1,0,1,0,0,0,0,0,0,0,0,0,No,0,2,0,1,0,0,SMALL_CITIES,SMALL_CITIES,WELLINGTON,"EASTERN REGION,EASTERN REGION",SALE,2014,6,June
145.12716144452688,-37.909511134895695,3416188,23/6/2014,08.40.00,No,Collision with vehicle,Monday,CROSS TRAFFIC(INTERSECTIONS ONLY),Dusk/Dawn,145.12716,-37.90951,MONASH,METROPOLITAN SOUTH EAST REGION,2,1,0,0,1,1,2,0,1,0,1,0,0,0,0,0,0,0,0,0,No,0,2,0,1,0,0,MELB_URBAN,MELB_URBAN,MONASH,METROPOLITAN SOUTH EAST REGION,CLAYTON,2014,6,June
144.32083400420288,-36.73903927669775,3416194,15/6/2014,09.40.00,Yes,Collision with vehicle,Sunday,CUTTING IN (OVERTAKING),Day,144.32083,-36.73904,BENDIGO,NORTHERN REGION,3,2,0,0,2,1,2,1,2,0,1,0,0,0,0,0,0,0,0,0,No,0,3,0,1,0,0,LARGE_PROVINCIAL_CITIES,LARGE_PROVINCIAL_CITIES,BENDIGO,NORTHERN REGION,EAST BENDIGO,2014,6,June