X,Y,OBJECTID,ACCIDENT_DATE,ACCIDENT_TIME,ALCOHOLTIME,ACCIDENT_TYPE,DAY_OF_WEEK,DCA_CODE,LIGHT_CONDITION,LONGITUDE,LATITUDE,LGA_NAME,REGION_NAME,TOTAL_PERSONS,INJ_OR_FATAL,FATALITY,SERIOUSINJURY,OTHERINJURY,NONINJURED,MALES,FEMALES,BICYCLIST,PASSENGER,DRIVER,PEDESTRIAN,PILLION,MOTORIST,UNKNOWN,PED_CYCLIST_5_12,PED_CYCLIST_13_18,OLD_PEDESTRIAN,OLD_DRIVER,YOUNG_DRIVER,ALCOHOL_RELATED,UNLICENCSED,NO_OF_VEHICLES,HEAVYVEHICLE,PASSENGERVEHICLE,MOTORCYCLE,PUBLICVEHICLE,DEG_URBAN_NAME,DEG_URBAN_ALL,LGA_NAME_ALL,REGION_NAME_ALL,Suburb,Year,Month,Month_name
143.5556086801937,-35.33948528467999,3417768,30/7/2014,10.00.00,No,Collision with vehicle,Wednesday,VEHICLE COLLIDES WITH VEHICLE PARKED ON LEFT OF ROAD,Day,143.55561,-35.33949000000001,SWAN HILL,NORTHERN REGION,2,1,0,0,1,1,1,1,1,0,1,0,0,0,0,0,1,0,0,0,No,0,2,0,1,0,0,TOWNS,TOWNS,SWAN HILL,NORTHERN REGION,SWAN HILL,2014,7,July
144.96489630725972,-37.751079589885656,3417802,12/8/2014,08.20.00,No,Collision with a fixed object,Tuesday,LEFT OFF CARRIAGEWAY INTO OBJECT/PARKED VEHICLE,Day,144.9649,-37.75108,MORELAND,METROPOLITAN NORTH WEST REGION,3,1,0,1,0,2,1,2,1,1,1,0,0,0,0,0,0,0,0,0,No,0,2,0,1,0,0,MELB_URBAN,MELB_URBAN,MORELAND,METROPOLITAN NORTH WEST REGION,COBURG,2014,8,August
145.06465386772788,-37.74246780185617,3417805,30/1/2014,16.00.00,No,No collision and no object struck,Thursday,OUT OF CONTROL ON CARRIAGEWAY (ON STRAIGHT),Day,145.06465,-37.742470000000004,BANYULE,METROPOLITAN NORTH WEST REGION,2,1,0,0,1,1,0,2,1,0,1,0,0,0,0,0,0,0,1,0,No,0,2,0,1,0,0,MELB_URBAN,MELB_URBAN,BANYULE,METROPOLITAN NORTH WEST REGION,ROSANNA,2014,1,January
144.9256385675545,-37.76933034502874,3417812,30/7/2014,09.10.00,No,Collision with vehicle,Wednesday,VEHICLE STRIKES DOOR OF PARKED/STATIONARY VEHICLE,Day,144.92564,-37.76933,MOONEE VALLEY,METROPOLITAN NORTH WEST REGION,2,1,0,1,0,1,0,2,1,0,1,0,0,0,0,0,0,0,0,0,No,0,2,0,1,0,0,MELB_URBAN,MELB_URBAN,MOONEE VALLEY,METROPOLITAN NORTH WEST REGION,MOONEE PONDS,2014,7,July
144.82238823751243,-37.87139604970053,3417813,26/7/2014,08.15.00,No,Collision with vehicle,Saturday,VEHICLE COLLIDES WITH VEHICLE PARKED ON LEFT OF ROAD,Dusk/Dawn,144.82238999999996,-37.8714,HOBSONS BAY,METROPOLITAN NORTH WEST REGION,1,1,0,1,0,0,1,0,1,0,0,0,0,0,0,0,0,0,0,0,No,0,2,0,0,0,0,MELB_URBAN,MELB_URBAN,HOBSONS BAY,METROPOLITAN NORTH WEST REGION,ALTONA,2014,7,July
144.35159563950086,-38.14629931307896,3417821,4/8/2014,14.00.00,No,Collision with vehicle,Monday,CROSS TRAFFIC(INTERSECTIONS ONLY),Day,144.3516,-38.1463,GEELONG,SOUTH WESTERN REGION,2,1,0,0,1,1,0,2,1,0,1,0,0,0,0,0,0,0,0,0,No,0,2,0,1,0,0,LARGE_PROVINCIAL_CITIES,LARGE_PROVINCIAL_CITIES,GEELONG,SOUTH WESTERN REGION,GEELONG WEST,2014,8,August
144.9475713921434,-37.793708894769416,3417836,16/7/2014,18.00.00,Yes,Collision with vehicle,Wednesday,LANE CHANGE LEFT (NOT OVERTAKING),Dark Street lights on,144.94756999999996,-37.79371,MELBOURNE,METROPOLITAN NORTH WEST REGION,2,1,0,0,1,1,1,1,1,0,1,0,0,0,0,0,0,0,0,1,No,0,2,0,1,0,0,MELB_URBAN,MELB_URBAN,MELBOURNE,METROPOLITAN NORTH WEST REGION,NORTH MELBOURNE,2014,7,July
145.04383042842278,-37.88961770005695,3417837,10/8/2014,12.30.00,No,Vehicle overturned (no collision),Sunday,OUT OF CONTROL ON CARRIAGEWAY (ON STRAIGHT),Day,145.04383,-37.88962,GLEN EIRA,METROPOLITAN SOUTH EAST REGION,2,1,0,1,0,1,1,1,1,0,1,0,0,0,0,0,0,0,0,0,No,0,2,0,1,0,0,MELB_URBAN,MELB_URBAN,GLEN EIRA,METROPOLITAN SOUTH EAST REGION,GLEN HUNTLY,2014,8,August
144.9197863109959,-37.79120693767121,3417853,15/8/2014,16.15.00,Yes,Collision with vehicle,Friday,VEHICLE OFF FOOTPATH STRIKES VEH ON CARRIAGEWAY,Day,144.91978999999995,-37.79121,MELBOURNE,METROPOLITAN NORTH WEST REGION,2,1,0,1,0,1,2,0,1,0,1,0,0,0,0,0,0,0,0,0,No,0,2,0,1,0,0,MELB_URBAN,MELB_URBAN,MELBOURNE,METROPOLITAN NORTH WEST REGION,KENSINGTON,2014,8,August
144.27794001685612,-36.75911294576185,3417863,27/7/2014,12.10.00,No,Collision with vehicle,Sunday,LEFT NEAR (INTERSECTIONS ONLY),Day,144.27794,-36.75911,BENDIGO,NORTHERN REGION,3,1,0,0,1,2,2,1,1,1,1,0,0,0,0,0,0,0,0,0,No,0,2,0,1,0,0,LARGE_PROVINCIAL_CITIES,LARGE_PROVINCIAL_CITIES,BENDIGO,NORTHERN REGION,BENDIGO,2014,7,July
144.9911799103187,-37.87476607388065,3417865,24/7/2014,07.30.00,No,Collision with vehicle,Thursday,LEFT TURN SIDESWIPE,Dusk/Dawn,144.99118,-37.87477,PORT PHILLIP,METROPOLITAN NORTH WEST REGION,2,1,0,0,1,1,2,0,1,0,1,0,0,0,0,0,0,0,0,0,No,0,2,0,1,0,0,MELB_URBAN,MELB_URBAN,PORT PHILLIP,METROPOLITAN NORTH WEST REGION,ELWOOD,2014,7,July
145.4007428676239,-36.388130641610786,3417876,5/8/2014,05.55.00,Yes,Collision with vehicle,Tuesday,TWO RIGHT TURNING (INTERSECTIONS ONLY),Dark Street lights on,145.40073999999996,-36.38813,SHEPPARTON,NORTH EASTERN REGION,2,1,0,1,0,1,2,0,1,0,1,0,0,0,0,0,0,0,0,0,No,0,2,0,1,0,0,SMALL_CITIES,SMALL_CITIES,SHEPPARTON,NORTH EASTERN REGION,SHEPPARTON,2014,8,August
144.99709868563812,-37.81835806325896,3417888,10/8/2014,16.15.00,Yes,Collision with vehicle,Sunday,VEHICLE STRIKES DOOR OF PARKED/STATIONARY VEHICLE,Day,144.9971,-37.81836,YARRA,METROPOLITAN NORTH WEST REGION,2,2,0,0,2,0,2,0,1,0,1,0,0,0,0,0,0,0,0,0,No,0,2,0,1,0,0,MELB_URBAN,MELB_URBAN,YARRA,METROPOLITAN NORTH WEST REGION,RICHMOND,2014,8,August
145.06503657217345,-37.787505562085606,3417909,19/6/2014,14.00.00,No,Collision with vehicle,Thursday,LEFT TURN SIDESWIPE,Day,145.06503999999995,-37.78751,BOROONDARA,METROPOLITAN SOUTH EAST REGION,2,1,0,0,1,1,2,0,1,0,1,0,0,0,0,0,0,0,0,0,No,0,2,0,1,0,0,MELB_URBAN,MELB_URBAN,BOROONDARA,METROPOLITAN SOUTH EAST REGION,BALWYN NORTH,2014,6,June
144.97251292763482,-37.86089714035505,3417915,30/7/2014,18.28.00,Yes,Collision with vehicle,Wednesday,LEFT TURN SIDESWIPE,Dark Street lights on,144.97251,-37.8609,PORT PHILLIP,METROPOLITAN NORTH WEST REGION,2,1,0,0,1,1,2,0,1,0,1,0,0,0,0,0,0,0,0,0,No,0,2,0,1,0,0,MELB_URBAN,MELB_URBAN,PORT PHILLIP,METROPOLITAN NORTH WEST REGION,ST KILDA WEST,2014,7,July
144.943111393607,-37.82481835626472,3417917,29/7/2014,17.45.00,No,Collision with vehicle,Tuesday,RIGHT THROUGH,Dark Street lights on,144.94311000000005,-37.82482,MELBOURNE,METROPOLITAN NORTH WEST REGION,2,1,0,1,0,1,1,0,1,0,0,0,0,0,1,0,0,0,0,0,No,0,2,0,0,0,0,MELB_URBAN,MELB_URBAN,MELBOURNE,METROPOLITAN NORTH WEST REGION,DOCKLANDS,2014,7,July
145.2550077777187,-37.934786273115904,3417922,26/4/2014,08.00.00,Yes,No collision and no object struck,Saturday,OUT OF CONTROL ON CARRIAGEWAY (ON STRAIGHT),Day,145.25501,-37.93479,KNOX,METROPOLITAN SOUTH EAST REGION,2,1,0,1,0,1,1,0,1,0,1,0,0,0,0,0,0,0,0,0,No,0,2,0,1,0,0,MELB_URBAN,MELB_URBAN,KNOX,METROPOLITAN SOUTH EAST REGION,ROWVILLE,2014,4,April
145.2905588993394,-37.77991843920013,3417926,22/7/2014,17.05.00,No,Collision with vehicle,Tuesday,VEHICLE COLLIDES WITH VEHICLE PARKED ON LEFT OF ROAD,Unk.,145.29056,-37.779920000000004,MAROONDAH,METROPOLITAN SOUTH EAST REGION,1,1,0,1,0,0,1,0,1,0,0,0,0,0,0,0,0,0,0,0,No,0,2,0,1,0,0,MELB_URBAN,MELB_URBAN,MAROONDAH,METROPOLITAN SOUTH EAST REGION,CROYDON,2014,7,July
145.07511909701475,-37.96778452155544,3417931,4/8/2014,11.00.00,No,Collision with vehicle,Monday,VEHICLE STRIKES ANOTHER VEH WHILE EMERGING FROM DRIVEWAY,Day,145.07512,-37.96778,KINGSTON,METROPOLITAN SOUTH EAST REGION,2,1,0,0,1,1,1,1,1,0,1,0,0,0,0,0,0,0,1,0,No,0,2,0,1,0,0,MELB_URBAN,MELB_URBAN,KINGSTON,METROPOLITAN SOUTH EAST REGION,CHELTENHAM,2014,8,August
145.0167489393322,-37.82581065185388,3417943,25/7/2014,11.00.00,No,Collision with vehicle,Friday,HEAD ON (NOT OVERTAKING),Day,145.01675,-37.82581,YARRA,METROPOLITAN NORTH WEST REGION,2,1,0,0,1,1,2,0,2,0,0,0,0,0,0,0,0,0,0,0,No,0,2,0,0,0,0,MELB_URBAN,MELB_URBAN,YARRA,METROPOLITAN NORTH WEST REGION,BURNLEY,2014,7,July
145.01846823179525,-37.776943174268325,3417944,11/8/2014,08.50.00,No,Collision with vehicle,Monday,VEHICLE OFF FOOTPATH STRIKES VEH ON CARRIAGEWAY,Day,145.01847,-37.77694,DAREBIN,METROPOLITAN NORTH WEST REGION,2,1,0,0,1,1,1,1,1,0,1,0,0,0,0,0,0,0,0,0,No,0,2,0,1,0,0,MELB_URBAN,MELB_URBAN,DAREBIN,METROPOLITAN NORTH WEST REGION,FAIRFIELD,2014,8,August
144.99177348043546,-37.80716091272855,3417955,16/8/2014,03.30.00,Yes,Collision with vehicle,Saturday,CROSS TRAFFIC(INTERSECTIONS ONLY),Dark Street lights on,144.99177,-37.807159999999996,YARRA,METROPOLITAN NORTH WEST REGION,2,1,0,1,0,1,1,1,1,0,1,0,0,0,0,0,0,0,0,0,No,0,2,0,1,0,0,MELB_URBAN,MELB_URBAN,YARRA,METROPOLITAN NORTH WEST REGION,COLLINGWOOD,2014,8,August
145.09625861906048,-37.88309445609714,3417964,31/7/2014,05.50.00,Yes,Collision with vehicle,Thursday,RIGHT NEAR (INTERSECTIONS ONLY),Dark Street lights on,145.09626,-37.88309,MONASH,METROPOLITAN SOUTH EAST REGION,2,1,0,1,0,1,2,0,1,0,1,0,0,0,0,0,0,0,0,0,No,0,3,0,2,0,0,MELB_URBAN,MELB_URBAN,MONASH,METROPOLITAN SOUTH EAST REGION,CHADSTONE,2014,7,July
145.01621780910816,-37.75047689792564,3417966,5/7/2014,12.16.00,No,Collision with vehicle,Saturday,CROSS TRAFFIC(INTERSECTIONS ONLY),Day,145.01622,-37.750479999999996,DAREBIN,METROPOLITAN NORTH WEST REGION,2,1,0,0,1,1,1,1,1,0,1,0,0,0,0,0,0,0,0,0,No,0,2,0,1,0,0,MELB_URBAN,MELB_URBAN,DAREBIN,METROPOLITAN NORTH WEST REGION,PRESTON,2014,7,July
144.98845377503412,-37.768028972895095,3417977,5/8/2014,16.05.00,No,Collision with vehicle,Tuesday,RIGHT THROUGH,Day,144.98845,-37.768029999999996,DAREBIN,METROPOLITAN NORTH WEST REGION,2,1,0,0,1,1,1,1,1,0,1,0,0,0,0,0,0,0,0,0,No,0,2,0,1,0,0,MELB_URBAN,MELB_URBAN,DAREBIN,METROPOLITAN NORTH WEST REGION,NORTHCOTE,2014,8,August
145.1255173342651,-38.09222007344933,3418004,15/8/2014,18.00.00,Yes,Collision with vehicle,Friday,REVERSING IN STREAM OF TRAFFIC,Dusk/Dawn,145.12552,-38.09222000000001,FRANKSTON,METROPOLITAN SOUTH EAST REGION,2,1,0,0,1,1,2,0,1,0,1,0,0,0,0,0,0,0,0,0,No,1,2,0,1,0,0,MELB_URBAN,MELB_URBAN,FRANKSTON,METROPOLITAN SOUTH EAST REGION,SEAFORD,2014,8,August
144.81860835315442,-37.86315261746396,3418005,15/8/2014,16.45.00,Yes,Collision with vehicle,Friday,CROSS TRAFFIC(INTERSECTIONS ONLY),Day,144.81861,-37.86315,HOBSONS BAY,METROPOLITAN NORTH WEST REGION,2,1,0,0,1,1,1,1,1,0,1,0,0,0,0,0,0,0,0,0,No,0,2,0,1,0,0,MELB_URBAN,MELB_URBAN,HOBSONS BAY,METROPOLITAN NORTH WEST REGION,ALTONA,2014,8,August
145.01241521494688,-37.68874949668291,3418017,25/7/2014,11.00.00,No,Collision with vehicle,Friday,VEHICLE STRIKES ANOTHER VEH WHILE EMERGING FROM DRIVEWAY,Day,145.01242,-37.68875,WHITTLESEA,METROPOLITAN NORTH WEST REGION,2,1,0,0,1,1,2,0,1,0,1,0,0,0,0,0,0,0,0,0,No,0,2,0,1,0,0,MELB_URBAN,MELB_URBAN,WHITTLESEA,METROPOLITAN NORTH WEST REGION,THOMASTOWN,2014,7,July
147.08005605474526,-37.965399531869174,3418032,5/8/2014,17.20.00,No,Collision with vehicle,Tuesday,VEHICLE STRIKES ANOTHER VEH WHILE EMERGING FROM DRIVEWAY,Dusk/Dawn,147.08006,-37.9654,WELLINGTON,EASTERN REGION,2,1,0,1,0,1,2,0,1,0,1,0,0,0,0,1,0,0,0,1,No,0,2,0,1,0,0,TOWNS,TOWNS,WELLINGTON,"EASTERN REGION,EASTERN REGION",STRATFORD,2014,8,August
144.91177714560567,-37.777469420491364,3418051,16/10/2014,16.25.00,No,Collision with vehicle,Thursday,RIGHT THROUGH,Day,144.91178,-37.77747,MOONEE VALLEY,METROPOLITAN NORTH WEST REGION,2,1,0,0,1,1,1,1,1,0,1,0,0,0,0,0,0,0,0,0,No,0,2,0,1,0,0,MELB_URBAN,MELB_URBAN,MOONEE VALLEY,METROPOLITAN NORTH WEST REGION,ASCOT VALE,2014,10,October
144.92584950612027,-37.691592518542244,3418057,16/10/2014,17.20.00,No,Collision with vehicle,Thursday,VEHICLE OFF FOOTPATH STRIKES VEH ON CARRIAGEWAY,Day,144.92585,-37.69159000000001,HUME,METROPOLITAN NORTH WEST REGION,4,1,0,0,1,3,1,3,1,2,1,0,0,0,0,0,0,0,0,0,No,0,2,0,1,0,0,MELB_URBAN,MELB_URBAN,HUME,METROPOLITAN NORTH WEST REGION,BROADMEADOWS,2014,10,October
144.34463329261237,-38.131417710497395,3418069,21/10/2014,18.00.00,Yes,Collision with vehicle,Tuesday,CROSS TRAFFIC(INTERSECTIONS ONLY),Dusk/Dawn,144.34463,-38.13142,GEELONG,SOUTH WESTERN REGION,2,1,0,1,0,1,1,1,1,0,1,0,0,0,0,0,0,0,0,0,Yes,0,2,0,1,0,0,LARGE_PROVINCIAL_CITIES,LARGE_PROVINCIAL_CITIES,GEELONG,SOUTH WESTERN REGION,NORTH GEELONG,2014,10,October
142.45515826285302,-38.361603349120216,3418072,21/10/2014,17.45.00,No,Collision with vehicle,Tuesday,LEFT NEAR (INTERSECTIONS ONLY),Dusk/Dawn,142.45516,-38.3616,WARRNAMBOOL,SOUTH WESTERN REGION,2,1,0,1,0,1,2,0,1,0,1,0,0,0,0,0,0,0,0,0,No,0,2,0,1,0,0,SMALL_CITIES,SMALL_CITIES,WARRNAMBOOL,SOUTH WESTERN REGION,WARRNAMBOOL,2014,10,October
144.64465048366887,-37.90807938785541,3418090,11/10/2014,08.30.00,No,Collision with vehicle,Saturday,VEHICLE OFF FOOTPATH STRIKES VEH ON CARRIAGEWAY,Day,144.64465,-37.90808,WYNDHAM,METROPOLITAN NORTH WEST REGION,2,1,0,1,0,1,0,2,1,0,1,0,0,0,0,0,0,0,0,0,No,0,2,0,1,0,0,MELB_URBAN,MELB_URBAN,WYNDHAM,METROPOLITAN NORTH WEST REGION,WERRIBEE,2014,10,October
145.3664091843699,-37.81787875202564,3418091,11/10/2014,08.27.00,No,Collision with vehicle,Saturday,RIGHT THROUGH,Day,145.36641,-37.81788,YARRA RANGES,METROPOLITAN SOUTH EAST REGION,2,1,0,1,0,1,1,1,1,0,1,0,0,0,0,0,0,0,0,0,No,0,2,0,1,0,0,MELB_URBAN,MELB_URBAN,YARRA RANGES,METROPOLITAN SOUTH EAST REGION,KALORAMA,2014,10,October
145.08726411346888,-38.00888281584072,3418092,11/10/2014,08.00.00,Yes,Collision with vehicle,Saturday,VEHICLE COLLIDES WITH VEHICLE PARKED ON LEFT OF ROAD,Day,145.08726000000001,-38.00888,KINGSTON,METROPOLITAN SOUTH EAST REGION,1,1,0,0,1,0,1,0,1,0,0,0,0,0,0,0,0,0,0,0,No,0,2,0,1,0,0,MELB_URBAN,MELB_URBAN,KINGSTON,METROPOLITAN SOUTH EAST REGION,MORDIALLOC,2014,10,October
145.00682157321916,-37.80140640710777,3418106,14/10/2014,07.10.00,No,Collision with vehicle,Tuesday,OTHER ADJACENT (INTERSECTIONS ONLY),Dusk/Dawn,145.00682,-37.80141,BOROONDARA,METROPOLITAN SOUTH EAST REGION,2,1,0,1,0,1,1,1,1,0,1,0,0,0,0,0,0,0,0,0,No,0,2,0,1,0,0,MELB_URBAN,MELB_URBAN,BOROONDARA,METROPOLITAN SOUTH EAST REGION,KEW,2014,10,October
145.0382668554923,-37.95580064965455,3418113,16/10/2014,21.05.00,Yes,Collision with vehicle,Thursday,RIGHT THROUGH,Dark Street lights on,145.03826999999995,-37.9558,BAYSIDE,METROPOLITAN SOUTH EAST REGION,2,1,0,0,1,1,2,0,1,0,1,0,0,0,0,0,0,0,1,0,No,0,2,0,1,0,0,MELB_URBAN,MELB_URBAN,BAYSIDE,METROPOLITAN SOUTH EAST REGION,CHELTENHAM,2014,10,October
143.8878707570082,-37.57018714601885,3418149,11/10/2014,15.00.00,No,Vehicle overturned (no collision),Friday,OFF CARRIAGEWAY TO LEFT,Day,143.88787,-37.570190000000004,BALLARAT,WESTERN REGION,1,1,0,0,1,0,1,0,1,0,0,0,0,0,0,0,0,0,0,0,No,0,1,0,0,0,0,LARGE_PROVINCIAL_CITIES,LARGE_PROVINCIAL_CITIES,BALLARAT,WESTERN REGION,BALLARAT EAST,2014,10,October
144.96832902331164,-37.81496791253687,3418155,17/10/2014,08.04.00,No,Collision with vehicle,Friday,ENTERING PARKING,Day,144.96833,-37.81497,MELBOURNE,METROPOLITAN NORTH WEST REGION,2,1,0,0,1,1,1,1,1,0,1,0,0,0,0,0,0,0,0,0,No,0,2,0,1,0,0,MELBOURNE_CBD,MELBOURNE_CBD,MELBOURNE,METROPOLITAN NORTH WEST REGION,MELBOURNE,2014,10,October
144.99143136167675,-37.768425167391065,3418159,16/10/2014,16.30.00,No,No collision and no object struck,Thursday,OUT OF CONTROL ON CARRIAGEWAY (ON STRAIGHT),Day,144.99143,-37.76843,DAREBIN,METROPOLITAN NORTH WEST REGION,2,1,0,0,1,1,0,1,1,0,0,0,0,0,1,0,0,0,0,0,No,0,2,0,0,0,0,MELB_URBAN,MELB_URBAN,DAREBIN,METROPOLITAN NORTH WEST REGION,NORTHCOTE,2014,10,October
145.00408072874725,-37.843715163109216,3418164,17/10/2014,12.15.00,No,Collision with a fixed object,Thursday,LEFT OFF CARRIAGEWAY INTO OBJECT/PARKED VEHICLE,Day,145.00408000000004,-37.84372000000001,STONNINGTON,METROPOLITAN SOUTH EAST REGION,2,1,0,1,0,1,1,0,1,0,1,0,0,0,0,0,0,0,0,0,No,0,2,0,1,0,0,MELB_URBAN,MELB_URBAN,STONNINGTON,METROPOLITAN SOUTH EAST REGION,TOORAK,2014,10,October
144.96458251344941,-37.855687896329016,3418177,10/10/2014,17.45.00,Yes,Collision with vehicle,Friday,RIGHT THROUGH,Unk.,144.96458,-37.85569,PORT PHILLIP,METROPOLITAN NORTH WEST REGION,2,1,0,0,1,1,2,0,1,0,1,0,0,0,0,0,0,0,0,1,No,0,2,0,1,0,0,MELB_URBAN,MELB_URBAN,PORT PHILLIP,METROPOLITAN NORTH WEST REGION,MIDDLE PARK,2014,10,October
145.01058528950398,-37.94498463372343,3418186,6/10/2014,18.08.00,Yes,Collision with vehicle,Monday,RIGHT NEAR (INTERSECTIONS ONLY),Dusk/Dawn,145.01058999999995,-37.94498,BAYSIDE,METROPOLITAN SOUTH EAST REGION,2,1,0,0,1,1,1,1,1,0,1,0,0,0,0,0,0,0,1,0,No,0,2,0,1,0,0,MELB_URBAN,MELB_URBAN,BAYSIDE,METROPOLITAN SOUTH EAST REGION,HAMPTON,2014,10,October
144.99031578088182,-37.77758346840014,3418190,6/10/2014,19.57.00,Yes,Collision with vehicle,Monday,VEHICLE OFF FOOTPATH STRIKES VEH ON CARRIAGEWAY,Dark Street lights on,144.99032,-37.77758,DAREBIN,METROPOLITAN NORTH WEST REGION,2,1,0,1,0,1,2,0,1,0,1,0,0,0,0,0,0,0,0,0,No,0,2,0,1,0,0,MELB_URBAN,MELB_URBAN,DAREBIN,METROPOLITAN NORTH WEST REGION,NORTHCOTE,2014,10,October
145.12700767931196,-37.910329718597815,3418191,3/10/2014,19.30.00,Yes,Collision with vehicle,Friday,RIGHT THROUGH,Dark Street lights on,145.12701,-37.91033,MONASH,METROPOLITAN SOUTH EAST REGION,2,1,0,0,1,1,2,0,1,0,1,0,0,0,0,0,0,0,0,0,No,0,2,0,1,0,0,MELB_URBAN,MELB_URBAN,MONASH,METROPOLITAN SOUTH EAST REGION,CLAYTON,2014,10,October
144.94548938405012,-37.79205048250729,3418221,4/10/2014,06.30.00,Yes,Collision with vehicle,Saturday,VEHICLE STRIKES DOOR OF PARKED/STATIONARY VEHICLE,Dusk/Dawn,144.94548999999995,-37.79205,MELBOURNE,METROPOLITAN NORTH WEST REGION,2,1,0,1,0,1,2,0,1,0,1,0,0,0,0,0,0,0,0,1,No,0,2,0,1,0,0,MELB_URBAN,MELB_URBAN,MELBOURNE,METROPOLITAN NORTH WEST REGION,PARKVILLE,2014,10,October
145.08481319323218,-37.76193062696032,3418225,22/10/2014,18.00.00,Yes,Collision with vehicle,Wednesday,OTHER OPPOSING MANOEUVRES NOT INCLUDED IN DCAs 120-125.,Dusk/Dawn,145.08481,-37.76193,MANNINGHAM,METROPOLITAN SOUTH EAST REGION,3,1,0,0,1,2,1,2,1,1,1,0,0,0,0,1,0,0,0,0,No,0,2,0,1,0,0,MELB_URBAN,MELB_URBAN,MANNINGHAM,METROPOLITAN SOUTH EAST REGION,BULLEEN,2014,10,October
145.00159008683383,-37.85772436884879,3418230,22/10/2014,14.51.00,No,Collision with vehicle,Wednesday,RIGHT NEAR (INTERSECTIONS ONLY),Day,145.00159,-37.85772,STONNINGTON,METROPOLITAN SOUTH EAST REGION,2,1,0,0,1,1,1,1,1,0,1,0,0,0,0,0,0,0,0,0,No,0,2,0,1,0,0,MELB_URBAN,MELB_URBAN,STONNINGTON,METROPOLITAN SOUTH EAST REGION,WINDSOR,2014,10,October
144.98288282571275,-37.880719455961646,3418233,6/10/2014,18.45.00,Yes,Collision with vehicle,Monday,CROSS TRAFFIC(INTERSECTIONS ONLY),Dusk/Dawn,144.98288,-37.880720000000004,PORT PHILLIP,METROPOLITAN NORTH WEST REGION,2,1,0,0,1,1,0,2,1,0,1,0,0,0,0,0,0,0,0,0,No,0,2,0,1,0,0,MELB_URBAN,MELB_URBAN,PORT PHILLIP,METROPOLITAN NORTH WEST REGION,ELWOOD,2014,10,October
144.25949618596036,-36.76851666676485,3418238,6/10/2014,16.20.00,No,No collision and no object struck,Monday,OFF CARRIAGEWAY TO LEFT,Day,144.2595,-36.76852,BENDIGO,NORTHERN REGION,1,1,0,1,0,0,1,0,1,0,0,0,0,0,0,0,0,0,0,0,Yes,0,1,0,0,0,0,LARGE_PROVINCIAL_CITIES,LARGE_PROVINCIAL_CITIES,BENDIGO,NORTHERN REGION,GOLDEN SQUARE,2014,10,October
144.9586667570069,-37.79350918743223,3418239,3/10/2014,13.00.00,No,Collision with vehicle,Friday,VEHICLE STRIKES DOOR OF PARKED/STATIONARY VEHICLE,Day,144.95866999999996,-37.79351,MELBOURNE,METROPOLITAN NORTH WEST REGION,2,1,0,0,1,1,2,0,1,0,1,0,0,0,0,0,0,0,0,0,No,0,2,0,1,0,0,MELB_URBAN,MELB_URBAN,MELBOURNE,METROPOLITAN NORTH WEST REGION,PARKVILLE,2014,10,October
145.7617026216954,-38.35095095544509,3418251,12/10/2014,10.55.00,No,Vehicle overturned (no collision),Sunday,OUT OF CONTROL ON CARRIAGEWAY (ON STRAIGHT),Day,145.7617,-38.35095,SOUTH GIPPSLAND,EASTERN REGION,1,1,1,0,0,0,1,0,1,0,0,0,0,0,0,0,0,0,0,0,No,0,1,0,0,0,0,RURAL_VICTORIA,RURAL_VICTORIA,SOUTH GIPPSLAND,"EASTERN REGION,EASTERN REGION",POOWONG,2014,10,October
145.00614435274218,-37.814285783877956,3418254,11/10/2014,15.30.00,Yes,Collision with vehicle,Saturday,CROSS TRAFFIC(INTERSECTIONS ONLY),Day,145.00614,-37.81429,YARRA,METROPOLITAN NORTH WEST REGION,2,1,0,1,0,1,2,0,1,0,1,0,0,0,0,0,0,0,0,1,No,0,2,0,1,0,0,MELB_URBAN,MELB_URBAN,YARRA,METROPOLITAN NORTH WEST REGION,RICHMOND,2014,10,October
144.96138295384316,-37.80667789731201,3418257,12/10/2014,13.30.00,No,Collision with vehicle,Sunday,LEFT TURN SIDESWIPE,Day,144.96138,-37.80668,MELBOURNE,METROPOLITAN NORTH WEST REGION,2,1,0,0,1,1,2,0,1,0,1,0,0,0,0,0,0,0,0,0,No,0,2,0,1,0,0,MELB_URBAN,MELB_URBAN,MELBOURNE,METROPOLITAN NORTH WEST REGION,MELBOURNE,2014,10,October
144.3499193924859,-36.771362333474585,3418264,18/10/2014,09.20.00,No,Collision with vehicle,Saturday,OTHER MANOEUVRING NOT INCLUDED IN DCAs 140-148,Day,144.34992,-36.771359999999994,BENDIGO,NORTHERN REGION,4,2,0,0,2,2,3,1,2,1,1,0,0,0,0,0,0,0,1,0,No,0,3,0,1,0,0,RURAL_VICTORIA,RURAL_VICTORIA,BENDIGO,NORTHERN REGION,JUNORTOUN,2014,10,October
144.98554147708597,-37.88803847884745,3418269,18/10/2014,12.00.00,No,Collision with vehicle,Saturday,VEHICLE COLLIDES WITH VEHICLE PARKED ON LEFT OF ROAD,Day,144.98554,-37.888040000000004,PORT PHILLIP,METROPOLITAN NORTH WEST REGION,2,1,0,0,1,1,0,0,1,1,0,0,0,0,0,0,0,0,0,0,No,0,2,0,1,0,0,MELB_URBAN,MELB_URBAN,PORT PHILLIP,METROPOLITAN NORTH WEST REGION,ELWOOD,2014,10,October