X,Y,OBJECTID,ACCIDENT_DATE,ACCIDENT_TIME,ALCOHOLTIME,ACCIDENT_TYPE,DAY_OF_WEEK,DCA_CODE,LIGHT_CONDITION,LONGITUDE,LATITUDE,LGA_NAME,REGION_NAME,TOTAL_PERSONS,INJ_OR_FATAL,FATALITY,SERIOUSINJURY,OTHERINJURY,NONINJURED,MALES,FEMALES,BICYCLIST,PASSENGER,DRIVER,PEDESTRIAN,PILLION,MOTORIST,UNKNOWN,PED_CYCLIST_5_12,PED_CYCLIST_13_18,OLD_PEDESTRIAN,OLD_DRIVER,YOUNG_DRIVER,ALCOHOL_RELATED,UNLICENCSED,NO_OF_VEHICLES,HEAVYVEHICLE,PASSENGERVEHICLE,MOTORCYCLE,PUBLICVEHICLE,DEG_URBAN_NAME,DEG_URBAN_ALL,LGA_NAME_ALL,REGION_NAME_ALL,Suburb,Year,Month,Month_name
144.97161376571466,-37.781982563401534,3423556,15/1/2015,22.30.00,Yes,Collision with vehicle,Thursday,CROSS TRAFFIC(INTERSECTIONS ONLY),Dark Street lights on,144.97161,-37.78198,YARRA,METROPOLITAN NORTH WEST REGION,2,1,0,0,1,1,1,1,1,0,1,0,0,0,0,0,0,0,0,0,No,0,2,0,1,0,0,MELB_URBAN,MELB_URBAN,YARRA,METROPOLITAN NORTH WEST REGION,CARLTON NORTH,2015,1,January
144.36480993010005,-38.15074652417047,3423563,6/2/2015,17.10.00,No,Collision with vehicle,Thursday,RIGHT THROUGH,Day,144.36481,-38.15075,GEELONG,SOUTH WESTERN REGION,2,1,0,0,1,1,0,1,1,0,1,0,0,0,0,0,0,0,0,0,No,0,2,0,1,0,0,LARGE_PROVINCIAL_CITIES,LARGE_PROVINCIAL_CITIES,GEELONG,SOUTH WESTERN REGION,GEELONG,2015,2,February
144.3781193877109,-38.16180037037568,3423571,11/2/2015,16.45.00,No,Collision with vehicle,Wednesday,LANE CHANGE RIGHT (NOT OVERTAKING),Day,144.37812,-38.1618,GEELONG,SOUTH WESTERN REGION,2,1,0,0,1,1,0,2,1,0,1,0,0,0,0,0,0,0,0,0,No,0,2,0,1,0,0,LARGE_PROVINCIAL_CITIES,LARGE_PROVINCIAL_CITIES,GEELONG,SOUTH WESTERN REGION,EAST GEELONG,2015,2,February
144.9674346592569,-37.79785052723535,3423578,14/2/2015,19.10.00,Yes,Collision with vehicle,Saturday,VEHICLE STRIKES DOOR OF PARKED/STATIONARY VEHICLE,Dusk/Dawn,144.96743,-37.79785,MELBOURNE,METROPOLITAN NORTH WEST REGION,3,1,0,0,1,2,2,1,1,1,1,0,0,0,0,0,0,0,0,0,No,0,2,0,1,0,0,MELB_URBAN,MELB_URBAN,MELBOURNE,METROPOLITAN NORTH WEST REGION,CARLTON,2015,2,February
144.95554539040162,-37.84978758903448,3423580,15/2/2015,11.08.00,No,Vehicle overturned (no collision),Sunday,OUT OF CONTROL ON CARRIAGEWAY (ON STRAIGHT),Day,144.95555,-37.84979000000001,PORT PHILLIP,METROPOLITAN NORTH WEST REGION,1,1,0,1,0,0,0,1,1,0,0,0,0,0,0,0,0,0,0,0,No,0,1,0,0,0,0,MELB_URBAN,MELB_URBAN,PORT PHILLIP,METROPOLITAN NORTH WEST REGION,ALBERT PARK,2015,2,February
144.97528800044952,-37.783579787727945,3423586,14/2/2015,14.45.00,Yes,Collision with vehicle,Saturday,VEHICLE COLLIDES WITH VEHICLE PARKED ON LEFT OF ROAD,Day,144.97529,-37.78358,YARRA,METROPOLITAN NORTH WEST REGION,2,1,0,1,0,1,2,0,1,0,1,0,0,0,0,0,0,0,0,0,No,0,2,0,1,0,0,MELB_URBAN,MELB_URBAN,YARRA,METROPOLITAN NORTH WEST REGION,CARLTON NORTH,2015,2,February
144.97794519844498,-37.84340776991704,3423592,12/2/2015,09.30.00,No,No collision and no object struck,Thursday,OFF CARRIAGEWAY TO LEFT,Day,144.97795,-37.84341,PORT PHILLIP,METROPOLITAN NORTH WEST REGION,2,1,0,0,1,1,2,0,1,0,1,0,0,0,0,0,0,0,0,0,No,0,2,0,1,0,0,MELB_URBAN,MELB_URBAN,PORT PHILLIP,METROPOLITAN NORTH WEST REGION,MELBOURNE,2015,2,February
144.3739701470269,-38.15761990958223,3423593,19/2/2015,15.30.00,No,Collision with vehicle,Thursday,VEHICLE STRIKES ANOTHER VEH WHILE EMERGING FROM DRIVEWAY,Day,144.37396999999999,-38.15762,GEELONG,SOUTH WESTERN REGION,2,1,0,0,1,1,1,1,1,0,1,0,0,0,0,0,0,0,0,0,No,0,2,0,1,0,0,LARGE_PROVINCIAL_CITIES,LARGE_PROVINCIAL_CITIES,GEELONG,SOUTH WESTERN REGION,EAST GEELONG,2015,2,February
145.02589006249084,-37.9862146391335,3423594,21/2/2015,10.15.00,No,Collision with vehicle,Saturday,VEHICLE COLLIDES WITH VEHICLE PARKED ON LEFT OF ROAD,Day,145.02589,-37.98621,BAYSIDE,METROPOLITAN SOUTH EAST REGION,1,1,0,1,0,0,1,0,1,0,0,0,0,0,0,0,0,0,0,0,No,0,2,0,1,0,0,MELB_URBAN,MELB_URBAN,BAYSIDE,METROPOLITAN SOUTH EAST REGION,BEAUMARIS,2015,2,February
144.9906509078674,-37.77208502743266,3423603,18/2/2015,08.30.00,No,Collision with vehicle,Wednesday,HEAD ON (NOT OVERTAKING),Day,144.99065,-37.77209000000001,DAREBIN,METROPOLITAN NORTH WEST REGION,2,2,0,0,2,0,2,0,2,0,0,0,0,0,0,0,0,0,0,0,No,0,2,0,0,0,0,MELB_URBAN,MELB_URBAN,DAREBIN,METROPOLITAN NORTH WEST REGION,NORTHCOTE,2015,2,February
144.8158800175122,-37.80193002940426,3423604,4/2/2015,18.44.00,Yes,Collision with vehicle,Wednesday,VEHICLE STRIKES ANOTHER VEH WHILE EMERGING FROM DRIVEWAY,Day,144.81588,-37.80193,BRIMBANK,METROPOLITAN NORTH WEST REGION,2,2,0,0,2,0,2,0,1,0,1,0,0,0,0,1,0,0,0,0,No,0,2,0,1,0,0,MELB_URBAN,MELB_URBAN,BRIMBANK,METROPOLITAN NORTH WEST REGION,SUNSHINE WEST,2015,2,February
144.988753728904,-37.851254653602005,3423605,6/2/2015,08.30.00,No,Collision with vehicle,Friday,LEFT NEAR (INTERSECTIONS ONLY),Day,144.98875,-37.85125,STONNINGTON,METROPOLITAN SOUTH EAST REGION,2,1,0,0,1,1,2,0,1,0,1,0,0,0,0,0,0,0,0,0,No,0,2,0,1,0,0,MELB_URBAN,MELB_URBAN,STONNINGTON,METROPOLITAN SOUTH EAST REGION,WINDSOR,2015,2,February
145.12881003404982,-37.845295819684594,3423609,29/1/2015,10.15.00,No,Collision with vehicle,Thursday,RIGHT NEAR (INTERSECTIONS ONLY),Day,145.12881000000004,-37.8453,WHITEHORSE,METROPOLITAN SOUTH EAST REGION,2,1,0,0,1,1,2,0,1,0,1,0,0,0,0,0,0,0,0,0,No,0,2,0,1,0,0,MELB_URBAN,MELB_URBAN,WHITEHORSE,METROPOLITAN SOUTH EAST REGION,BURWOOD,2015,1,January
143.8232921030878,-37.555855945747425,3423617,8/2/2015,16.00.00,Yes,Collision with vehicle,Sunday,ENTERING PARKING,Day,143.82329,-37.555859999999996,BALLARAT,WESTERN REGION,3,1,0,0,1,2,1,0,1,0,0,0,0,0,2,0,0,0,0,0,No,0,2,0,0,0,0,LARGE_PROVINCIAL_CITIES,LARGE_PROVINCIAL_CITIES,BALLARAT,WESTERN REGION,LAKE WENDOUREE,2015,2,February
144.29209618090988,-36.76912352641627,3423641,17/2/2015,07.40.00,No,Collision with vehicle,Tuesday,LEFT NEAR (INTERSECTIONS ONLY),Dusk/Dawn,144.2921,-36.76912,BENDIGO,NORTHERN REGION,2,1,0,0,1,1,2,0,1,0,1,0,0,0,0,0,0,0,0,0,No,0,2,0,1,0,0,LARGE_PROVINCIAL_CITIES,LARGE_PROVINCIAL_CITIES,BENDIGO,NORTHERN REGION,KENNINGTON,2015,2,February
144.99133740980238,-37.78846580872964,3423642,14/2/2015,11.40.00,No,Collision with vehicle,Friday,VEHICLE STRIKES DOOR OF PARKED/STATIONARY VEHICLE,Day,144.99133999999995,-37.788470000000004,YARRA,METROPOLITAN NORTH WEST REGION,3,1,0,0,1,2,1,1,1,1,1,0,0,0,0,0,0,0,0,0,No,0,2,0,1,0,0,MELB_URBAN,MELB_URBAN,YARRA,METROPOLITAN NORTH WEST REGION,CLIFTON HILL,2015,2,February
144.9602034452651,-37.84387873464661,3423647,21/2/2015,14.15.00,Yes,Collision with vehicle,Saturday,VEHICLE STRIKES DOOR OF PARKED/STATIONARY VEHICLE,Day,144.9602,-37.84388,PORT PHILLIP,METROPOLITAN NORTH WEST REGION,2,1,0,0,1,1,1,1,1,0,1,0,0,0,0,0,0,0,0,0,No,0,2,0,1,0,0,MELB_URBAN,MELB_URBAN,PORT PHILLIP,METROPOLITAN NORTH WEST REGION,ALBERT PARK,2015,2,February
145.58820042458348,-38.60381994805867,3423666,7/2/2015,13.25.00,No,Collision with vehicle,Friday,RIGHT THROUGH,Day,145.5882,-38.60382,BASS COAST,EASTERN REGION,2,1,0,0,1,1,1,1,1,0,1,0,0,0,0,0,0,0,1,0,No,0,2,0,1,0,0,TOWNS,TOWNS,BASS COAST,"EASTERN REGION,EASTERN REGION",WONTHAGGI,2015,2,February
145.1865472495665,-37.86969552632226,3423673,10/2/2015,18.45.00,Yes,Collision with vehicle,Tuesday,RIGHT FAR (INTERSECTIONS ONLY),Day,145.18655,-37.8697,MONASH,METROPOLITAN SOUTH EAST REGION,2,1,0,0,1,1,2,0,1,0,1,0,0,0,0,0,0,0,0,0,No,0,2,0,1,0,0,MELB_URBAN,MELB_URBAN,MONASH,METROPOLITAN SOUTH EAST REGION,GLEN WAVERLEY,2015,2,February
145.10145999759496,-37.911910003447545,3423676,12/2/2015,08.30.00,No,Collision with vehicle,Thursday,RIGHT FAR (INTERSECTIONS ONLY),Day,145.10146,-37.91191,MONASH,METROPOLITAN SOUTH EAST REGION,2,1,0,0,1,1,2,0,1,0,1,0,0,0,0,0,0,0,0,0,No,0,2,0,1,0,0,MELB_URBAN,MELB_URBAN,MONASH,METROPOLITAN SOUTH EAST REGION,OAKLEIGH SOUTH,2015,2,February
144.99364094061232,-37.861725367315046,3423681,10/2/2015,18.45.00,Yes,Collision with vehicle,Tuesday,VEHICLE STRIKES DOOR OF PARKED/STATIONARY VEHICLE,Day,144.99364,-37.86173,PORT PHILLIP,METROPOLITAN NORTH WEST REGION,2,1,0,0,1,1,1,0,1,0,0,0,0,0,1,0,0,0,0,0,No,0,2,0,0,0,0,MELB_URBAN,MELB_URBAN,PORT PHILLIP,METROPOLITAN NORTH WEST REGION,ST KILDA EAST,2015,2,February
145.0021694941021,-37.80074262776453,3423683,17/2/2015,08.35.00,No,Collision with vehicle,Tuesday,RIGHT THROUGH,Day,145.00217,-37.80074000000001,YARRA,METROPOLITAN NORTH WEST REGION,3,1,0,1,0,2,1,2,1,1,1,0,0,0,0,0,0,0,0,0,No,0,2,0,1,0,0,MELB_URBAN,MELB_URBAN,YARRA,METROPOLITAN NORTH WEST REGION,ABBOTSFORD,2015,2,February
145.09763794302387,-37.82388717615323,3423687,17/2/2015,09.15.00,No,No collision and no object struck,Tuesday,OUT OF CONTROL ON CARRIAGEWAY (ON STRAIGHT),Day,145.09763999999996,-37.82389000000001,BOROONDARA,METROPOLITAN SOUTH EAST REGION,3,1,0,1,0,2,2,1,1,1,1,0,0,0,0,0,0,0,0,0,No,0,2,0,1,0,0,MELB_URBAN,MELB_URBAN,BOROONDARA,METROPOLITAN SOUTH EAST REGION,SURREY HILLS,2015,2,February
145.30768376626517,-37.82057238916111,3423703,22/2/2015,09.40.00,Yes,Collision with vehicle,Sunday,LEFT TURN SIDESWIPE,Day,145.30768,-37.820570000000004,YARRA RANGES,METROPOLITAN SOUTH EAST REGION,2,1,0,1,0,1,2,0,1,0,1,0,0,0,0,0,0,0,0,0,No,0,2,0,1,0,0,MELB_URBAN,MELB_URBAN,YARRA RANGES,METROPOLITAN SOUTH EAST REGION,KILSYTH,2015,2,February
145.30852947644138,-38.01821611743432,3423707,17/2/2015,17.50.00,No,Collision with vehicle,Tuesday,VEHICLE OFF FOOTPATH STRIKES VEH ON CARRIAGEWAY,Day,145.30853000000005,-38.01822,CASEY,METROPOLITAN SOUTH EAST REGION,2,1,0,0,1,1,2,0,1,0,1,0,0,0,0,0,0,0,0,0,No,0,2,0,1,0,0,MELB_URBAN,MELB_URBAN,CASEY,METROPOLITAN SOUTH EAST REGION,NARRE WARREN,2015,2,February
145.1790340709303,-37.81215517199153,3423710,6/2/2015,08.45.00,No,Collision with vehicle,Friday,LEFT TURN SIDESWIPE,Day,145.17903,-37.81216,WHITEHORSE,METROPOLITAN SOUTH EAST REGION,2,1,0,0,1,1,2,0,1,0,1,0,0,0,0,0,0,0,0,0,No,0,2,0,1,0,0,MELB_URBAN,MELB_URBAN,WHITEHORSE,METROPOLITAN SOUTH EAST REGION,NUNAWADING,2015,2,February
145.2169300024166,-37.88903723042983,3423712,6/2/2015,17.38.00,Yes,Collision with vehicle,Friday,OTHER SAME DIRECTION-MANOUEVRES NOT INCLUDED IN DCAs 130-137,Day,145.21693,-37.88904,KNOX,METROPOLITAN SOUTH EAST REGION,2,1,0,1,0,1,1,0,1,0,0,0,0,1,0,0,0,0,0,0,No,0,2,0,0,1,0,MELB_URBAN,MELB_URBAN,KNOX,METROPOLITAN SOUTH EAST REGION,SCORESBY,2015,2,February
144.95889384035013,-37.81103836453913,3423723,12/2/2015,07.30.00,No,Collision with vehicle,Thursday,LEFT TURN SIDESWIPE,Dusk/Dawn,144.95889,-37.81104000000001,MELBOURNE,METROPOLITAN NORTH WEST REGION,2,1,0,0,1,1,1,1,1,0,1,0,0,0,0,0,0,0,0,0,No,0,2,0,0,0,1,MELBOURNE_CBD,"MELBOURNE_CBD,MELB_URBAN",MELBOURNE,METROPOLITAN NORTH WEST REGION,MELBOURNE,2015,2,February
144.27776849638337,-36.761836655765755,3423724,12/2/2015,17.00.00,No,Collision with vehicle,Wednesday,RIGHT THROUGH,Day,144.27777,-36.76184,BENDIGO,NORTHERN REGION,2,1,0,0,1,1,2,0,1,0,1,0,0,0,0,0,0,0,0,0,No,0,2,0,1,0,0,LARGE_PROVINCIAL_CITIES,LARGE_PROVINCIAL_CITIES,BENDIGO,NORTHERN REGION,BENDIGO,2015,2,February
145.13954703631947,-37.83080200896383,3423727,12/2/2015,18.00.00,Yes,Collision with vehicle,Thursday,RIGHT NEAR (INTERSECTIONS ONLY),Day,145.13955,-37.8308,WHITEHORSE,METROPOLITAN SOUTH EAST REGION,2,1,0,0,1,1,1,1,1,0,1,0,0,0,0,0,0,0,0,0,No,0,2,0,1,0,0,MELB_URBAN,MELB_URBAN,WHITEHORSE,METROPOLITAN SOUTH EAST REGION,BLACKBURN,2015,2,February
144.9758922238872,-37.8606500140013,3423728,12/2/2015,17.50.00,No,Collision with vehicle,Thursday,LEFT NEAR (INTERSECTIONS ONLY),Day,144.97589,-37.86065,PORT PHILLIP,METROPOLITAN NORTH WEST REGION,2,1,0,0,1,1,1,1,1,0,1,0,0,0,0,0,0,0,0,0,No,0,2,0,1,0,0,MELB_URBAN,MELB_URBAN,PORT PHILLIP,METROPOLITAN NORTH WEST REGION,ST KILDA,2015,2,February
144.8214584512033,-37.7935760238972,3423733,12/2/2015,19.50.00,Yes,Collision with vehicle,Wednesday,VEHICLE STRIKES ANOTHER VEH WHILE EMERGING FROM DRIVEWAY,Dusk/Dawn,144.82146,-37.79358,BRIMBANK,METROPOLITAN NORTH WEST REGION,2,1,0,0,1,1,2,0,1,0,1,0,0,0,0,1,0,0,0,0,No,0,2,0,1,0,0,MELB_URBAN,MELB_URBAN,BRIMBANK,METROPOLITAN NORTH WEST REGION,SUNSHINE WEST,2015,2,February
145.0473282550164,-37.83027931025682,3423736,16/2/2015,18.30.00,Yes,Vehicle overturned (no collision),Monday,OUT OF CONTROL ON CARRIAGEWAY (ON STRAIGHT),Day,145.04733000000004,-37.83028,BOROONDARA,METROPOLITAN SOUTH EAST REGION,2,1,0,0,1,1,1,1,1,0,1,0,0,0,0,0,0,0,0,0,No,0,2,0,1,0,0,MELB_URBAN,MELB_URBAN,BOROONDARA,METROPOLITAN SOUTH EAST REGION,HAWTHORN EAST,2015,2,February
144.9648103141479,-37.778598360922274,3423738,22/1/2015,17.55.00,No,Collision with vehicle,Thursday,LANE CHANGE LEFT (NOT OVERTAKING),Day,144.96481,-37.7786,YARRA,METROPOLITAN NORTH WEST REGION,3,1,0,1,0,2,1,2,1,1,1,0,0,0,0,0,0,0,0,0,No,0,2,0,1,0,0,MELB_URBAN,MELB_URBAN,"YARRA,MORELAND",METROPOLITAN NORTH WEST REGION,PRINCES HILL,2015,1,January
144.9658163191493,-37.756703044988775,3425766,5/3/2015,15.00.00,No,Collision with vehicle,Thursday,CROSS TRAFFIC(INTERSECTIONS ONLY),Day,144.96582,-37.7567,MORELAND,METROPOLITAN NORTH WEST REGION,2,1,0,0,1,1,1,1,1,0,1,0,0,0,0,0,0,0,1,0,No,0,2,0,1,0,0,MELB_URBAN,MELB_URBAN,MORELAND,METROPOLITAN NORTH WEST REGION,BRUNSWICK,2015,3,March
144.99244783633947,-37.85668585254378,3425772,5/2/2015,17.30.00,No,Collision with vehicle,Thursday,LEFT TURN SIDESWIPE,Day,144.99245,-37.85669,STONNINGTON,METROPOLITAN SOUTH EAST REGION,2,1,0,0,1,1,2,0,1,0,1,0,0,0,0,0,0,0,0,1,No,0,2,0,1,0,0,MELB_URBAN,MELB_URBAN,STONNINGTON,METROPOLITAN SOUTH EAST REGION,WINDSOR,2015,2,February
147.22916000475408,-36.810780017177045,3425773,6/3/2015,16.10.00,Yes,Collision with vehicle,Friday,HEAD ON (NOT OVERTAKING),Day,147.22916,-36.81078,ALPINE,NORTH EASTERN REGION,3,2,0,1,1,1,3,0,2,0,1,0,0,0,0,0,0,0,0,0,No,0,3,0,1,0,0,RURAL_VICTORIA,RURAL_VICTORIA,ALPINE,NORTH EASTERN REGION,BOGONG,2015,3,March
144.98607573733142,-37.80659423004953,3425774,6/3/2015,17.17.00,Yes,Collision with vehicle,Friday,RIGHT THROUGH,Dark Street lights on,144.98608000000004,-37.80659,YARRA,METROPOLITAN NORTH WEST REGION,2,1,0,1,0,1,1,1,1,0,1,0,0,0,0,0,0,0,0,1,No,0,2,0,1,0,0,MELB_URBAN,MELB_URBAN,YARRA,METROPOLITAN NORTH WEST REGION,COLLINGWOOD,2015,3,March
144.91368355439843,-38.38184105765753,3425784,10/2/2015,08.45.00,No,Collision with vehicle,Tuesday,VEHICLE OFF FOOTPATH STRIKES VEH ON CARRIAGEWAY,Day,144.91368,-38.381840000000004,MORNINGTON PENINSULA,METROPOLITAN SOUTH EAST REGION,2,1,0,0,1,1,1,1,1,0,1,0,0,0,0,1,0,0,0,0,No,0,2,0,1,0,0,MELB_URBAN,"RURAL_VICTORIA,MELB_URBAN",MORNINGTON PENINSULA,METROPOLITAN SOUTH EAST REGION,ROSEBUD,2015,2,February
144.99251916859836,-37.92786398819659,3425792,25/2/2015,09.20.00,No,Collision with vehicle,Wednesday,VEHICLE STRIKES DOOR OF PARKED/STATIONARY VEHICLE,Day,144.99251999999996,-37.927859999999995,BAYSIDE,METROPOLITAN SOUTH EAST REGION,2,2,0,0,2,0,2,0,1,0,1,0,0,0,0,0,0,0,0,0,No,0,2,0,0,0,0,MELB_URBAN,MELB_URBAN,BAYSIDE,METROPOLITAN SOUTH EAST REGION,BRIGHTON,2015,2,February
144.96298021955909,-37.816530461082756,3425798,25/2/2015,14.20.00,No,Collision with vehicle,Wednesday,VEHICLE STRIKES DOOR OF PARKED/STATIONARY VEHICLE,Day,144.96298000000004,-37.81653,MELBOURNE,METROPOLITAN NORTH WEST REGION,2,1,0,0,1,1,1,1,1,0,1,0,0,0,0,0,0,0,0,0,No,0,2,0,1,0,0,MELBOURNE_CBD,MELBOURNE_CBD,MELBOURNE,METROPOLITAN NORTH WEST REGION,MELBOURNE,2015,2,February
145.07876094333116,-37.73401008613664,3425803,2/3/2015,08.05.00,No,Collision with vehicle,Monday,VEHICLE STRIKES ANOTHER VEH WHILE EMERGING FROM DRIVEWAY,Day,145.07876000000005,-37.73401,BANYULE,METROPOLITAN NORTH WEST REGION,3,1,0,0,1,2,1,2,1,1,1,0,0,0,0,0,1,0,0,0,No,0,2,0,1,0,0,MELB_URBAN,MELB_URBAN,BANYULE,METROPOLITAN NORTH WEST REGION,YALLAMBIE,2015,3,March
145.03210075404044,-37.932646169302814,3425804,25/2/2015,18.00.00,Yes,Collision with vehicle,Wednesday,VEHICLE STRIKES ANOTHER VEH WHILE EMERGING FROM DRIVEWAY,Day,145.0321,-37.93265,BAYSIDE,METROPOLITAN SOUTH EAST REGION,2,1,0,0,1,1,2,0,1,0,1,0,0,0,0,0,0,0,0,0,No,0,2,0,1,0,0,MELB_URBAN,MELB_URBAN,BAYSIDE,METROPOLITAN SOUTH EAST REGION,BRIGHTON EAST,2015,2,February
144.94933267268962,-37.77283178014372,3425825,6/3/2015,21.10.00,Yes,Collision with vehicle,Friday,RIGHT THROUGH,Dark Street lights on,144.94933,-37.77283,MORELAND,METROPOLITAN NORTH WEST REGION,2,1,0,0,1,1,1,1,1,0,1,0,0,0,0,0,0,0,0,0,No,0,2,0,1,0,0,MELB_URBAN,MELB_URBAN,MORELAND,METROPOLITAN NORTH WEST REGION,BRUNSWICK WEST,2015,3,March
143.8852598919376,-37.56974557103344,3425831,9/3/2015,07.00.00,No,Collision with vehicle,Monday,LEFT NEAR (INTERSECTIONS ONLY),Dusk/Dawn,143.88526000000005,-37.56975,BALLARAT,WESTERN REGION,2,1,0,0,1,1,0,2,1,0,1,0,0,0,0,0,0,0,0,0,No,0,2,0,1,0,0,LARGE_PROVINCIAL_CITIES,LARGE_PROVINCIAL_CITIES,BALLARAT,WESTERN REGION,BALLARAT EAST,2015,3,March
144.3937707811319,-38.02641321153273,3425833,10/3/2015,19.15.00,Yes,Collision with vehicle,Tuesday,HEAD ON (NOT OVERTAKING),Dusk/Dawn,144.39377,-38.02641,GEELONG,SOUTH WESTERN REGION,2,1,0,0,1,1,2,0,1,0,1,0,0,0,0,0,1,0,0,0,No,0,2,0,1,0,0,SMALL_CITIES,SMALL_CITIES,GEELONG,SOUTH WESTERN REGION,LARA,2015,3,March
144.995469574011,-37.7395728467588,3425838,12/3/2015,09.07.00,No,Collision with vehicle,Thursday,ENTERING PARKING,Day,144.99546999999995,-37.73957,DAREBIN,METROPOLITAN NORTH WEST REGION,2,1,0,0,1,1,1,1,1,0,1,0,0,0,0,0,0,0,0,0,No,0,2,0,1,0,0,MELB_URBAN,MELB_URBAN,DAREBIN,METROPOLITAN NORTH WEST REGION,PRESTON,2015,3,March
144.99063933003976,-37.77208370203039,3425839,8/11/2014,14.00.00,Yes,Collision with vehicle,Saturday,VEHICLE OFF FOOTPATH STRIKES VEH ON CARRIAGEWAY,Unk.,144.99063999999996,-37.772079999999995,DAREBIN,METROPOLITAN NORTH WEST REGION,2,1,0,1,0,1,1,0,1,0,0,0,0,0,1,0,0,0,0,0,No,0,2,0,0,0,0,MELB_URBAN,MELB_URBAN,DAREBIN,METROPOLITAN NORTH WEST REGION,NORTHCOTE,2014,11,November
144.96097932456058,-37.77383024771958,3425840,23/2/2015,08.45.00,No,Collision with vehicle,Monday,RIGHT THROUGH,Day,144.96098,-37.77383,MORELAND,METROPOLITAN NORTH WEST REGION,2,1,0,0,1,1,0,2,1,0,1,0,0,0,0,0,0,0,0,0,No,0,2,0,1,0,0,MELB_URBAN,MELB_URBAN,MORELAND,METROPOLITAN NORTH WEST REGION,BRUNSWICK,2015,2,February
144.99016326675482,-37.78745798806097,3425851,25/2/2015,18.11.00,Yes,Collision with vehicle,Wednesday,LANE SIDE SWIPE (VEHICLES IN PARALLEL LANES),Day,144.99016,-37.787459999999996,YARRA,METROPOLITAN NORTH WEST REGION,2,1,0,1,0,1,1,1,1,0,1,0,0,0,0,0,0,0,0,0,No,0,2,0,1,0,0,MELB_URBAN,MELB_URBAN,YARRA,METROPOLITAN NORTH WEST REGION,FITZROY NORTH,2015,2,February
146.30821275827518,-36.376121519045945,3425857,2/3/2015,13.45.00,No,Collision with vehicle,Monday,VEHICLE STRIKES ANOTHER VEH WHILE EMERGING FROM DRIVEWAY,Day,146.30821,-36.37612,WANGARATTA,NORTH EASTERN REGION,2,1,0,0,1,1,1,1,1,0,1,0,0,0,0,0,0,0,0,0,No,0,2,0,1,0,0,SMALL_CITIES,SMALL_CITIES,WANGARATTA,NORTH EASTERN REGION,WANGARATTA,2015,3,March
144.69239205429153,-37.54901853844781,3425876,7/3/2015,09.10.00,No,No collision and no object struck,Saturday,OUT OF CONTROL ON CARRIAGEWAY (ON STRAIGHT),Day,144.69239,-37.54902,HUME,METROPOLITAN NORTH WEST REGION,1,1,0,0,1,0,1,0,1,0,0,0,0,0,0,0,0,0,0,0,No,0,1,0,0,0,0,RURAL_VICTORIA,RURAL_VICTORIA,HUME,METROPOLITAN NORTH WEST REGION,SUNBURY,2015,3,March
145.1262526445273,-37.714463293996616,3425878,3/3/2015,17.20.00,No,Collision with vehicle,Tuesday,VEHICLE STRIKES ANOTHER VEH WHILE EMERGING FROM DRIVEWAY,Dusk/Dawn,145.12625,-37.714459999999995,BANYULE,METROPOLITAN NORTH WEST REGION,2,1,0,0,1,1,1,1,1,0,1,0,0,0,0,0,0,0,0,0,No,0,2,0,1,0,0,MELB_URBAN,MELB_URBAN,BANYULE,METROPOLITAN NORTH WEST REGION,MONTMORENCY,2015,3,March
145.15968578034085,-38.117336046121174,3425880,12/3/2015,09.00.00,No,Collision with vehicle,Thursday,VEHICLE OFF FOOTPATH STRIKES VEH ON CARRIAGEWAY,Day,145.15968999999996,-38.11734000000001,FRANKSTON,METROPOLITAN SOUTH EAST REGION,2,1,0,0,1,1,0,2,1,0,1,0,0,0,0,0,0,0,0,0,No,0,2,0,1,0,0,MELB_URBAN,MELB_URBAN,FRANKSTON,METROPOLITAN SOUTH EAST REGION,FRANKSTON NORTH,2015,3,March
144.9551192460841,-37.81506021471093,3425882,12/3/2015,12.53.00,No,Collision with vehicle,Thursday,VEHICLE STRIKES DOOR OF PARKED/STATIONARY VEHICLE,Day,144.95512,-37.815059999999995,MELBOURNE,METROPOLITAN NORTH WEST REGION,2,1,0,0,1,1,2,0,1,0,1,0,0,0,0,0,0,0,0,0,No,0,2,0,1,0,0,MELBOURNE_CBD,MELBOURNE_CBD,MELBOURNE,METROPOLITAN NORTH WEST REGION,MELBOURNE,2015,3,March
146.83712201072711,-36.705098767301095,3425884,9/3/2015,19.04.00,Yes,No collision and no object struck,Monday,OUT OF CONTROL ON CARRIAGEWAY (ON STRAIGHT),Dusk/Dawn,146.83712,-36.7051,ALPINE,NORTH EASTERN REGION,1,1,0,1,0,0,0,1,1,0,0,0,0,0,0,0,0,0,0,0,No,0,1,0,0,0,0,RURAL_VICTORIA,RURAL_VICTORIA,ALPINE,NORTH EASTERN REGION,MOUNT BUFFALO,2015,3,March
144.83895996539914,-38.370839232779495,3425891,12/3/2015,09.45.00,No,Collision with vehicle,Thursday,LANE CHANGE LEFT (NOT OVERTAKING),Day,144.83896000000001,-38.37084,MORNINGTON PENINSULA,METROPOLITAN SOUTH EAST REGION,2,1,0,1,0,1,2,0,1,0,1,0,0,0,0,0,0,0,0,0,No,0,2,0,1,0,0,MELB_URBAN,MELB_URBAN,MORNINGTON PENINSULA,METROPOLITAN SOUTH EAST REGION,RYE,2015,3,March