X,Y,OBJECTID,ACCIDENT_DATE,ACCIDENT_TIME,ALCOHOLTIME,ACCIDENT_TYPE,DAY_OF_WEEK,DCA_CODE,LIGHT_CONDITION,LONGITUDE,LATITUDE,LGA_NAME,REGION_NAME,TOTAL_PERSONS,INJ_OR_FATAL,FATALITY,SERIOUSINJURY,OTHERINJURY,NONINJURED,MALES,FEMALES,BICYCLIST,PASSENGER,DRIVER,PEDESTRIAN,PILLION,MOTORIST,UNKNOWN,PED_CYCLIST_5_12,PED_CYCLIST_13_18,OLD_PEDESTRIAN,OLD_DRIVER,YOUNG_DRIVER,ALCOHOL_RELATED,UNLICENCSED,NO_OF_VEHICLES,HEAVYVEHICLE,PASSENGERVEHICLE,MOTORCYCLE,PUBLICVEHICLE,DEG_URBAN_NAME,DEG_URBAN_ALL,LGA_NAME_ALL,REGION_NAME_ALL,Suburb,Year,Month,Month_name
144.96385221416475,-37.75699453636413,3430999,8/7/2015,17.46.00,No,Collision with vehicle,Wednesday,RIGHT THROUGH,Dusk/Dawn,144.96385,-37.75699,MORELAND,METROPOLITAN NORTH WEST REGION,2,2,0,0,2,0,1,1,1,0,1,0,0,0,0,0,0,0,0,0,No,0,2,0,1,0,0,MELB_URBAN,MELB_URBAN,MORELAND,METROPOLITAN NORTH WEST REGION,BRUNSWICK,2015,7,July
142.16411243440137,-34.19221310558707,3431005,14/7/2015,19.15.00,Yes,Collision with vehicle,Tuesday,CROSS TRAFFIC(INTERSECTIONS ONLY),Dark Street lights on,142.16411000000005,-34.192209999999996,MILDURA,WESTERN REGION,2,1,0,1,0,1,2,0,1,0,1,0,0,0,0,0,0,0,0,0,Yes,0,2,0,1,0,0,SMALL_CITIES,SMALL_CITIES,MILDURA,WESTERN REGION,MILDURA,2015,7,July
144.97506940563932,-37.78491732692669,3431006,14/7/2015,19.30.00,Yes,Collision with vehicle,Monday,CROSS TRAFFIC(INTERSECTIONS ONLY),Dark Street lights on,144.97507,-37.78492,YARRA,METROPOLITAN NORTH WEST REGION,2,1,0,0,1,1,0,1,1,0,0,0,0,0,1,0,0,0,0,0,No,0,2,0,0,0,0,MELB_URBAN,MELB_URBAN,YARRA,METROPOLITAN NORTH WEST REGION,CARLTON NORTH,2015,7,July
144.9560840270524,-37.82933591040101,3431015,20/5/2015,08.45.00,No,Collision with vehicle,Wednesday,RIGHT THROUGH,Day,144.95608000000001,-37.82934,PORT PHILLIP,METROPOLITAN NORTH WEST REGION,2,1,0,0,1,1,1,1,1,0,1,0,0,0,0,0,0,0,0,0,No,0,2,0,1,0,0,MELB_URBAN,MELB_URBAN,PORT PHILLIP,METROPOLITAN NORTH WEST REGION,SOUTHBANK,2015,5,May
145.0564191903858,-37.760343272706116,3431021,20/6/2015,23.00.00,Yes,Collision with vehicle,Saturday,RIGHT THROUGH,Unk.,145.05642,-37.76034,BANYULE,METROPOLITAN NORTH WEST REGION,2,1,0,0,1,1,2,0,1,0,1,0,0,0,0,0,0,0,0,0,No,0,2,0,1,0,0,MELB_URBAN,MELB_URBAN,BANYULE,METROPOLITAN NORTH WEST REGION,EAGLEMONT,2015,6,June
144.95780863074438,-37.833090392559534,3431025,26/6/2015,14.30.00,No,Collision with vehicle,Friday,VEHICLE STRIKES DOOR OF PARKED/STATIONARY VEHICLE,Day,144.95781000000005,-37.83309000000001,PORT PHILLIP,METROPOLITAN NORTH WEST REGION,2,1,0,0,1,1,2,0,1,0,1,0,0,0,0,0,0,0,0,0,No,0,2,0,1,0,0,MELB_URBAN,MELB_URBAN,PORT PHILLIP,METROPOLITAN NORTH WEST REGION,SOUTH MELBOURNE,2015,6,June
143.8574891455363,-37.56338989865526,3431030,2/7/2015,18.00.00,Yes,Collision with vehicle,Thursday,LEAVING PARKING,Dark Street lights on,143.85748999999996,-37.56339000000001,BALLARAT,WESTERN REGION,2,1,0,1,0,1,2,0,1,0,1,0,0,0,0,0,0,0,0,0,No,0,2,0,1,0,0,LARGE_PROVINCIAL_CITIES,LARGE_PROVINCIAL_CITIES,BALLARAT,WESTERN REGION,BALLARAT CENTRAL,2015,7,July
144.99647962991997,-37.835239956757434,3431032,3/3/2015,17.00.00,No,Collision with vehicle,Tuesday,RIGHT THROUGH,Dusk/Dawn,144.99648,-37.83524,STONNINGTON,METROPOLITAN SOUTH EAST REGION,2,1,0,1,0,1,2,0,1,0,1,0,0,0,0,0,0,0,0,0,No,0,2,0,1,0,0,MELB_URBAN,MELB_URBAN,STONNINGTON,METROPOLITAN SOUTH EAST REGION,SOUTH YARRA,2015,3,March
145.0110507116896,-37.71205078771875,3431036,4/6/2015,07.00.00,No,Collision with vehicle,Thursday,RIGHT NEAR (INTERSECTIONS ONLY),Dusk/Dawn,145.01105,-37.71205,DAREBIN,METROPOLITAN NORTH WEST REGION,2,1,0,0,1,1,2,0,1,0,1,0,0,0,0,0,0,0,0,0,No,1,2,0,1,0,0,MELB_URBAN,MELB_URBAN,DAREBIN,METROPOLITAN NORTH WEST REGION,RESERVOIR,2015,6,June
145.30359495703087,-37.84715953130778,3431059,15/7/2015,08.06.00,No,Collision with vehicle,Wednesday,RIGHT NEAR (INTERSECTIONS ONLY),Dusk/Dawn,145.30358999999999,-37.847159999999995,KNOX,METROPOLITAN SOUTH EAST REGION,2,1,0,0,1,1,2,0,1,0,1,0,0,0,0,0,0,0,0,0,No,0,2,0,1,0,0,MELB_URBAN,MELB_URBAN,KNOX,METROPOLITAN SOUTH EAST REGION,BORONIA,2015,7,July
144.91783065886298,-37.75473006890264,3431061,15/7/2015,08.00.00,No,Collision with vehicle,Tuesday,ENTERING PARKING,Dusk/Dawn,144.91783,-37.75473,MOONEE VALLEY,METROPOLITAN NORTH WEST REGION,2,1,0,0,1,1,2,0,1,0,1,0,0,0,0,0,0,0,0,0,No,0,2,0,1,0,0,MELB_URBAN,MELB_URBAN,MOONEE VALLEY,METROPOLITAN NORTH WEST REGION,ESSENDON,2015,7,July
145.10668835640845,-37.91211358936047,3431075,26/6/2015,05.45.00,Yes,Collision with vehicle,Friday,REAR END(VEHICLES IN SAME LANE),Dark Street lights on,145.10669,-37.91211,MONASH,METROPOLITAN SOUTH EAST REGION,2,1,0,1,0,1,2,0,1,0,1,0,0,0,0,0,0,0,0,0,No,0,2,0,1,0,0,MELB_URBAN,MELB_URBAN,MONASH,METROPOLITAN SOUTH EAST REGION,OAKLEIGH SOUTH,2015,6,June
144.98189377248147,-37.78036041930501,3431090,3/7/2015,06.35.00,No,Collision with vehicle,Friday,VEHICLE OFF FOOTPATH STRIKES VEH ON CARRIAGEWAY,Dark No street lights,144.98189,-37.780359999999995,YARRA,METROPOLITAN NORTH WEST REGION,2,1,0,0,1,1,2,0,1,0,1,0,0,0,0,0,0,0,0,0,No,0,2,0,1,0,0,MELB_URBAN,MELB_URBAN,YARRA,METROPOLITAN NORTH WEST REGION,FITZROY NORTH,2015,7,July
144.8976198055171,-37.799541059971475,3431096,1/7/2015,17.35.00,No,Collision with vehicle,Wednesday,VEHICLE STRIKES DOOR OF PARKED/STATIONARY VEHICLE,Dark Street lights unknown,144.89762,-37.79954,MARIBYRNONG,METROPOLITAN NORTH WEST REGION,2,1,0,0,1,1,1,1,1,0,1,0,0,0,0,0,0,0,0,1,No,1,2,0,1,0,0,MELB_URBAN,MELB_URBAN,MARIBYRNONG,METROPOLITAN NORTH WEST REGION,FOOTSCRAY,2015,7,July
144.97309418245501,-37.7821441054267,3431122,30/5/2015,19.05.00,Yes,Collision with vehicle,Saturday,LANE SIDE SWIPE (VEHICLES IN PARALLEL LANES),Dark Street lights on,144.97308999999996,-37.78214000000001,YARRA,METROPOLITAN NORTH WEST REGION,3,1,0,0,1,2,2,1,1,1,1,0,0,0,0,0,0,0,0,0,No,0,2,0,1,0,0,MELB_URBAN,MELB_URBAN,YARRA,METROPOLITAN NORTH WEST REGION,CARLTON NORTH,2015,5,May
144.98337987927613,-37.855350774364936,3431174,20/9/2015,13.45.00,No,Collision with vehicle,,RIGHT TURN SIDESWIPE,Day,144.98338,-37.85535,STONNINGTON,METROPOLITAN NORTH WEST REGION,3,1,0,0,1,2,2,1,1,1,1,0,0,0,0,0,0,0,0,1,No,0,2,0,1,0,0,MELB_URBAN,MELB_URBAN,"STONNINGTON,PORT PHILLIP","METROPOLITAN NORTH WEST REGION,METROPOLITAN SOUTH EAST REGION",WINDSOR,2015,9,September
144.75378825702074,-36.12783396347098,3431175,20/9/2015,14.00.00,No,Collision with vehicle,Sunday,CROSS TRAFFIC(INTERSECTIONS ONLY),Day,144.75378999999995,-36.127829999999996,CAMPASPE,NORTHERN REGION,2,1,0,0,1,1,2,0,1,0,1,0,0,0,0,0,0,0,0,1,No,0,2,0,1,0,0,SMALL_CITIES,SMALL_CITIES,CAMPASPE,NORTHERN REGION,ECHUCA,2015,9,September
144.21253746271216,-36.887040729620814,3431177,20/9/2015,14.59.00,No,Collision with vehicle,Sunday,LANE CHANGE LEFT (NOT OVERTAKING),Day,144.21254,-36.88704,BENDIGO,NORTHERN REGION,2,1,0,1,0,1,0,2,1,0,1,0,0,0,0,0,0,0,0,1,No,0,2,0,1,0,0,RURAL_VICTORIA,RURAL_VICTORIA,BENDIGO,NORTHERN REGION,RAVENSWOOD,2015,9,September
145.26915806538582,-37.81766993427217,3431181,31/7/2015,17.30.00,No,Collision with vehicle,Thursday,REAR END(VEHICLES IN SAME LANE),Unk.,145.26916,-37.81767,MAROONDAH,METROPOLITAN SOUTH EAST REGION,2,1,0,0,1,1,2,0,1,0,1,0,0,0,0,0,0,0,0,0,No,0,2,0,1,0,0,MELB_URBAN,MELB_URBAN,MAROONDAH,METROPOLITAN SOUTH EAST REGION,CROYDON SOUTH,2015,7,July
144.87514002056838,-37.81074000212234,3431193,3/9/2015,08.40.00,No,Collision with vehicle,Thursday,VEHICLE STRIKES ANOTHER VEH WHILE EMERGING FROM DRIVEWAY,Day,144.87514,-37.81074,MARIBYRNONG,METROPOLITAN NORTH WEST REGION,2,1,0,0,1,1,1,1,1,0,1,0,0,0,0,1,0,0,0,0,No,0,2,0,1,0,0,MELB_URBAN,MELB_URBAN,MARIBYRNONG,METROPOLITAN NORTH WEST REGION,KINGSVILLE,2015,9,September
145.02888289960987,-37.80748059432185,3431205,4/9/2015,23.45.00,Yes,Collision with vehicle,Thursday,REAR END(VEHICLES IN SAME LANE),Dark Street lights on,145.02888000000004,-37.80748,BOROONDARA,METROPOLITAN SOUTH EAST REGION,2,1,0,0,1,1,2,0,1,0,1,0,0,0,0,0,0,0,0,0,No,0,2,0,1,0,0,MELB_URBAN,MELB_URBAN,BOROONDARA,METROPOLITAN SOUTH EAST REGION,KEW,2015,9,September
144.91409228572806,-38.35327421612264,3431210,14/9/2015,16.08.00,No,Collision with vehicle,Monday,RIGHT THROUGH,Dusk/Dawn,144.91409,-38.35327,MORNINGTON PENINSULA,METROPOLITAN SOUTH EAST REGION,2,1,0,0,1,1,2,0,1,0,1,0,0,0,0,0,0,0,0,0,No,0,2,0,1,0,0,MELB_URBAN,MELB_URBAN,MORNINGTON PENINSULA,METROPOLITAN SOUTH EAST REGION,ROSEBUD,2015,9,September
142.3693370478562,-38.296247020679694,3431214,14/9/2015,08.48.00,No,Collision with vehicle,Monday,VEHICLE OFF FOOTPATH STRIKES VEH ON CARRIAGEWAY,Day,142.36934,-38.29625,MOYNE,SOUTH WESTERN REGION,2,1,0,1,0,1,2,0,1,0,1,0,0,0,0,1,0,0,0,0,No,0,2,0,0,0,1,TOWNS,TOWNS,MOYNE,SOUTH WESTERN REGION,KOROIT,2015,9,September
145.05512929218543,-37.883642906109216,3431248,9/9/2015,10.21.00,No,Collision with vehicle,Wednesday,VEHICLE STRIKES ANOTHER VEH WHILE EMERGING FROM DRIVEWAY,Day,145.05513,-37.88364,GLEN EIRA,METROPOLITAN SOUTH EAST REGION,3,1,0,1,0,2,1,2,1,1,1,0,0,0,0,0,0,0,0,0,No,0,2,0,1,0,0,MELB_URBAN,MELB_URBAN,GLEN EIRA,METROPOLITAN SOUTH EAST REGION,CARNEGIE,2015,9,September
145.07518196979964,-37.85060256051742,3431252,9/9/2015,07.40.00,No,Collision with vehicle,Wednesday,CROSS TRAFFIC(INTERSECTIONS ONLY),Dusk/Dawn,145.07518000000005,-37.8506,BOROONDARA,METROPOLITAN SOUTH EAST REGION,2,1,0,0,1,1,1,1,1,0,1,0,0,0,0,0,0,0,0,0,No,0,2,0,1,0,0,MELB_URBAN,MELB_URBAN,BOROONDARA,METROPOLITAN SOUTH EAST REGION,GLEN IRIS,2015,9,September
145.00341052835955,-37.8629631083819,3431257,8/9/2015,18.50.00,Yes,No collision and no object struck,Tuesday,OFF CARRIAGEWAY TO LEFT,Dark Street lights on,145.00341,-37.86296,PORT PHILLIP,METROPOLITAN NORTH WEST REGION,2,1,0,0,1,1,0,1,1,0,0,0,0,0,1,0,0,0,0,0,No,0,2,0,0,0,0,MELB_URBAN,MELB_URBAN,PORT PHILLIP,METROPOLITAN NORTH WEST REGION,ST KILDA EAST,2015,9,September
144.97506940563932,-37.78491732692669,3431272,11/9/2015,08.10.00,No,Collision with vehicle,Thursday,CROSS TRAFFIC(INTERSECTIONS ONLY),Day,144.97507,-37.78492,YARRA,METROPOLITAN NORTH WEST REGION,2,1,0,0,1,1,1,0,1,0,1,0,0,0,0,0,0,0,0,0,No,0,2,0,1,0,0,MELB_URBAN,MELB_URBAN,YARRA,METROPOLITAN NORTH WEST REGION,CARLTON NORTH,2015,9,September
144.95532227704538,-37.80846574287409,3431273,12/9/2015,03.29.00,Yes,Collision with vehicle,Saturday,REAR END(VEHICLES IN SAME LANE),Dark Street lights on,144.95532,-37.80847,MELBOURNE,METROPOLITAN NORTH WEST REGION,2,1,0,1,0,1,1,0,1,0,0,0,0,0,1,0,0,0,0,0,No,0,2,0,0,0,0,MELB_URBAN,MELB_URBAN,MELBOURNE,METROPOLITAN NORTH WEST REGION,WEST MELBOURNE,2015,9,September
144.99630882929267,-37.807969881607114,3431276,20/9/2015,15.30.00,No,Collision with vehicle,Sunday,VEHICLE STRIKES DOOR OF PARKED/STATIONARY VEHICLE,Day,144.99631000000005,-37.80797000000001,YARRA,METROPOLITAN NORTH WEST REGION,2,1,0,0,1,1,1,1,1,0,1,0,0,0,0,0,0,0,0,0,No,0,2,0,1,0,0,MELB_URBAN,MELB_URBAN,YARRA,METROPOLITAN NORTH WEST REGION,ABBOTSFORD,2015,9,September
144.96718711073203,-37.816910845337524,3431281,6/8/2015,20.30.00,Yes,Collision with vehicle,Thursday,VEHICLE STRIKES DOOR OF PARKED/STATIONARY VEHICLE,Dark Street lights on,144.96719,-37.81691,MELBOURNE,METROPOLITAN NORTH WEST REGION,2,1,0,0,1,1,0,0,1,0,0,0,0,0,1,0,0,0,0,0,No,0,2,0,0,0,0,MELBOURNE_CBD,MELBOURNE_CBD,MELBOURNE,METROPOLITAN NORTH WEST REGION,MELBOURNE,2015,8,August
145.49817266503004,-36.44079625158349,3431292,3/9/2015,05.30.00,Yes,No collision and no object struck,Thursday,OFF CARRIAGEWAY TO RIGHT,Dusk/Dawn,145.49817,-36.4408,SHEPPARTON,NORTH EASTERN REGION,2,1,0,1,0,1,1,0,1,0,0,0,0,0,1,0,0,0,0,0,No,0,2,0,0,0,0,RURAL_VICTORIA,RURAL_VICTORIA,SHEPPARTON,NORTH EASTERN REGION,KIALLA EAST,2015,9,September
144.98151712375082,-37.79332855478315,3431302,9/9/2015,12.15.00,No,Collision with vehicle,Wednesday,VEHICLE OFF FOOTPATH STRIKES VEH ON CARRIAGEWAY,Day,144.98152,-37.79333,YARRA,METROPOLITAN NORTH WEST REGION,2,1,0,1,0,1,2,0,1,0,1,0,0,0,0,0,0,0,0,0,No,0,2,1,0,0,0,MELB_URBAN,MELB_URBAN,YARRA,METROPOLITAN NORTH WEST REGION,FITZROY NORTH,2015,9,September
144.93213123029014,-37.792946114191615,3431316,11/5/2015,18.00.00,Yes,Collision with vehicle,Monday,RIGHT FAR (INTERSECTIONS ONLY),Dark Street lights unknown,144.93213,-37.79295,MELBOURNE,METROPOLITAN NORTH WEST REGION,2,1,0,0,1,1,2,0,1,0,1,0,0,0,0,0,0,0,0,1,No,0,2,0,1,0,0,MELB_URBAN,MELB_URBAN,MELBOURNE,METROPOLITAN NORTH WEST REGION,KENSINGTON,2015,5,May
144.97928990265703,-37.79345119713261,3431332,30/4/2015,13.27.00,No,Collision with vehicle,Thursday,RIGHT THROUGH,Day,144.97929,-37.79345,YARRA,METROPOLITAN NORTH WEST REGION,2,1,0,0,1,1,2,0,1,0,1,0,0,0,0,0,0,0,0,1,No,0,2,0,1,0,0,MELB_URBAN,MELB_URBAN,YARRA,METROPOLITAN NORTH WEST REGION,FITZROY,2015,4,April
144.96839144051762,-37.81272311250247,3431343,28/5/2015,19.00.00,Yes,Collision with vehicle,Thursday,VEHICLE STRIKES DOOR OF PARKED/STATIONARY VEHICLE,Dark Street lights unknown,144.96839,-37.81272,MELBOURNE,METROPOLITAN NORTH WEST REGION,2,1,0,0,1,1,1,1,1,0,1,0,0,0,0,0,0,0,0,0,No,0,2,0,1,0,0,MELBOURNE_CBD,MELBOURNE_CBD,MELBOURNE,METROPOLITAN NORTH WEST REGION,MELBOURNE,2015,5,May
145.01398358097558,-37.8682067483851,3431349,4/9/2015,08.43.00,No,Collision with vehicle,Friday,RIGHT THROUGH,Day,145.01398,-37.86821,GLEN EIRA,METROPOLITAN SOUTH EAST REGION,2,1,0,0,1,1,1,1,1,0,1,0,0,0,0,0,0,0,0,0,No,0,2,0,1,0,0,MELB_URBAN,MELB_URBAN,GLEN EIRA,METROPOLITAN SOUTH EAST REGION,CAULFIELD NORTH,2015,9,September
145.0715306109361,-37.82983673972117,3431355,18/7/2015,12.40.00,No,No collision and no object struck,Saturday,OUT OF CONTROL ON CARRIAGEWAY (ON STRAIGHT),Day,145.07153,-37.829840000000004,BOROONDARA,METROPOLITAN SOUTH EAST REGION,1,1,0,1,0,0,1,0,1,0,0,0,0,0,0,0,0,0,0,0,No,0,1,0,0,0,0,MELB_URBAN,MELB_URBAN,BOROONDARA,METROPOLITAN SOUTH EAST REGION,CAMBERWELL,2015,7,July
145.10002762649924,-37.870769980597096,3431358,9/9/2015,16.00.00,No,Collision with vehicle,Wednesday,VEHICLE STRIKES ANOTHER VEH WHILE EMERGING FROM DRIVEWAY,Day,145.10003,-37.87077,MONASH,METROPOLITAN SOUTH EAST REGION,2,1,0,0,1,1,1,1,1,0,1,0,0,0,0,0,1,0,0,0,No,0,2,0,1,0,0,MELB_URBAN,MELB_URBAN,MONASH,METROPOLITAN SOUTH EAST REGION,ASHWOOD,2015,9,September
144.97064324345058,-37.79668079829383,3431370,15/9/2015,17.57.00,No,Collision with vehicle,Tuesday,RIGHT THROUGH,Dusk/Dawn,144.97064,-37.79668,MELBOURNE,METROPOLITAN NORTH WEST REGION,2,1,0,0,1,1,2,0,1,0,1,0,0,0,0,0,0,0,0,0,No,0,2,0,1,0,0,MELB_URBAN,MELB_URBAN,MELBOURNE,METROPOLITAN NORTH WEST REGION,CARLTON,2015,9,September
144.368243489311,-38.149412360417294,3431371,15/9/2015,18.10.00,Yes,Collision with vehicle,Monday,CROSS TRAFFIC(INTERSECTIONS ONLY),Dusk/Dawn,144.36824,-38.149409999999996,GEELONG,SOUTH WESTERN REGION,2,1,0,0,1,1,0,2,1,0,1,0,0,0,0,0,0,0,0,1,No,0,2,0,1,0,0,LARGE_PROVINCIAL_CITIES,LARGE_PROVINCIAL_CITIES,GEELONG,SOUTH WESTERN REGION,GEELONG,2015,9,September
145.01001526606225,-37.780282267506216,3431373,12/8/2015,18.15.00,Yes,Collision with vehicle,Wednesday,RIGHT THROUGH,Dark Street lights on,145.01002,-37.78028,DAREBIN,METROPOLITAN NORTH WEST REGION,2,1,0,0,1,1,2,0,1,0,1,0,0,0,0,0,0,0,0,0,No,0,2,0,1,0,0,MELB_URBAN,MELB_URBAN,DAREBIN,METROPOLITAN NORTH WEST REGION,NORTHCOTE,2015,8,August
144.98384677916738,-37.783308111740226,3431374,15/9/2015,19.15.00,Yes,Collision with vehicle,Monday,RIGHT THROUGH,Dark Street lights on,144.98385,-37.78331,YARRA,METROPOLITAN NORTH WEST REGION,2,1,0,0,1,1,1,1,1,0,1,0,0,0,0,0,0,0,0,0,No,0,2,0,1,0,0,MELB_URBAN,MELB_URBAN,YARRA,METROPOLITAN NORTH WEST REGION,FITZROY NORTH,2015,9,September
144.9934525970714,-37.85125024457,3431392,4/9/2015,12.05.00,No,Collision with vehicle,Friday,VEHICLE STRIKES DOOR OF PARKED/STATIONARY VEHICLE,Day,144.99345,-37.85125,STONNINGTON,METROPOLITAN SOUTH EAST REGION,2,2,0,0,2,0,2,0,1,0,1,0,0,0,0,0,0,0,0,0,No,0,2,0,1,0,0,MELB_URBAN,MELB_URBAN,STONNINGTON,METROPOLITAN SOUTH EAST REGION,PRAHRAN,2015,9,September
145.1776089295201,-37.97899987686689,3431395,4/9/2015,12.48.00,No,Collision with vehicle,Friday,VEHICLE COLLIDES WITH VEHICLE PARKED ON LEFT OF ROAD,Day,145.17761000000004,-37.979,DANDENONG,METROPOLITAN SOUTH EAST REGION,1,1,0,1,0,0,1,0,1,0,0,0,0,0,0,0,0,0,0,0,No,0,2,0,0,0,0,MELB_URBAN,MELB_URBAN,DANDENONG,METROPOLITAN SOUTH EAST REGION,NOBLE PARK,2015,9,September
144.9391230145846,-37.78599560828452,3431427,16/9/2015,08.05.00,No,Collision with vehicle,Tuesday,LEFT TURN SIDESWIPE,Day,144.93912,-37.786,MOONEE VALLEY,METROPOLITAN NORTH WEST REGION,2,1,0,0,1,1,1,1,1,0,1,0,0,0,0,0,0,0,0,0,No,0,2,0,1,0,0,MELB_URBAN,MELB_URBAN,MOONEE VALLEY,METROPOLITAN NORTH WEST REGION,FLEMINGTON,2015,9,September
145.03542473624648,-37.87697055786602,3431429,16/9/2015,07.40.00,No,Collision with vehicle,Wednesday,VEHICLE STRIKES ANOTHER VEH WHILE EMERGING FROM DRIVEWAY,Dusk/Dawn,145.03542,-37.87697,GLEN EIRA,METROPOLITAN SOUTH EAST REGION,2,1,0,1,0,1,1,1,1,0,1,0,0,0,0,0,0,0,0,0,No,0,2,0,1,0,0,MELB_URBAN,MELB_URBAN,GLEN EIRA,METROPOLITAN SOUTH EAST REGION,CAULFIELD NORTH,2015,9,September
145.02503835862308,-37.781875988918266,3431447,22/8/2015,08.15.00,No,Collision with vehicle,Saturday,LEFT NEAR (INTERSECTIONS ONLY),Day,145.02504,-37.78188,YARRA,METROPOLITAN NORTH WEST REGION,2,1,0,0,1,1,2,0,1,0,1,0,0,0,0,0,0,0,0,0,No,0,2,0,1,0,0,MELB_URBAN,MELB_URBAN,"YARRA,DAREBIN",METROPOLITAN NORTH WEST REGION,ALPHINGTON,2015,8,August
144.9290651090752,-37.70383725431774,3431448,2/9/2015,19.48.00,Yes,Collision with vehicle,Wednesday,CROSS TRAFFIC(INTERSECTIONS ONLY),Dark Street lights on,144.92907,-37.70384,MORELAND,METROPOLITAN NORTH WEST REGION,3,1,0,0,1,2,3,0,1,1,1,0,0,0,0,0,0,0,0,0,No,0,2,0,1,0,0,MELB_URBAN,MELB_URBAN,MORELAND,METROPOLITAN NORTH WEST REGION,GLENROY,2015,9,September
145.05609539316953,-37.97703693700253,3431452,4/9/2015,15.48.00,No,Collision with vehicle,Friday,CROSS TRAFFIC(INTERSECTIONS ONLY),Day,145.0561,-37.97704,KINGSTON,METROPOLITAN SOUTH EAST REGION,2,1,0,0,1,1,0,2,1,0,1,0,0,0,0,1,0,0,1,0,No,0,2,0,1,0,0,MELB_URBAN,MELB_URBAN,KINGSTON,METROPOLITAN SOUTH EAST REGION,MENTONE,2015,9,September
144.31187916023387,-38.32149416236722,3431479,16/9/2015,15.35.00,No,Collision with vehicle,Wednesday,U TURN,Day,144.31188,-38.321490000000004,SURF COAST,SOUTH WESTERN REGION,2,1,0,0,1,1,1,1,1,0,1,0,0,0,0,0,0,0,0,0,No,0,2,0,1,0,0,SMALL_CITIES,SMALL_CITIES,SURF COAST,SOUTH WESTERN REGION,TORQUAY,2015,9,September
145.01696079263047,-38.33307538522151,3431490,22/8/2015,09.00.00,No,No collision and no object struck,Saturday,OUT OF CONTROL ON CARRIAGEWAY (ON STRAIGHT),Day,145.01696,-38.333079999999995,MORNINGTON PENINSULA,METROPOLITAN SOUTH EAST REGION,2,1,0,1,0,1,1,0,1,0,1,0,0,0,0,0,0,0,0,0,No,0,2,0,1,0,0,RURAL_VICTORIA,RURAL_VICTORIA,MORNINGTON PENINSULA,METROPOLITAN SOUTH EAST REGION,DROMANA,2015,8,August
144.84504853296508,-37.850078000909726,3431506,5/9/2015,09.58.00,No,Collision with vehicle,Saturday,CROSS TRAFFIC(INTERSECTIONS ONLY),Day,144.84505,-37.85008,HOBSONS BAY,METROPOLITAN NORTH WEST REGION,3,1,0,0,1,2,2,0,1,1,1,0,0,0,0,0,0,0,0,0,No,0,2,0,1,0,0,MELB_URBAN,MELB_URBAN,HOBSONS BAY,METROPOLITAN NORTH WEST REGION,ALTONA NORTH,2015,9,September
145.10863830222996,-38.0387506462171,3431507,5/9/2015,07.40.00,Yes,Collision with vehicle,Saturday,LANE SIDE SWIPE (VEHICLES IN PARALLEL LANES),Dusk/Dawn,145.10863999999995,-38.03875,KINGSTON,METROPOLITAN SOUTH EAST REGION,2,1,0,0,1,1,0,1,1,0,0,0,0,0,1,0,0,0,0,0,No,0,2,0,0,0,0,MELB_URBAN,MELB_URBAN,KINGSTON,METROPOLITAN SOUTH EAST REGION,EDITHVALE,2015,9,September
145.97770382329253,-36.54629656434668,3431515,11/9/2015,06.50.00,No,Collision with vehicle,Friday,RIGHT THROUGH,Dusk/Dawn,145.9777,-36.5463,BENALLA,NORTH EASTERN REGION,2,1,0,1,0,1,2,0,1,0,1,0,0,0,0,0,0,0,1,0,No,0,2,0,1,0,0,TOWNS,TOWNS,BENALLA,NORTH EASTERN REGION,BENALLA,2015,9,September
144.9140188279637,-38.357210855277216,3431522,16/9/2015,18.25.00,Yes,Collision with vehicle,Wednesday,CROSS TRAFFIC(INTERSECTIONS ONLY),Dusk/Dawn,144.91402,-38.357209999999995,MORNINGTON PENINSULA,METROPOLITAN SOUTH EAST REGION,2,1,0,0,1,1,1,1,1,0,1,0,0,0,0,0,0,0,0,0,No,0,2,0,1,0,0,MELB_URBAN,MELB_URBAN,MORNINGTON PENINSULA,METROPOLITAN SOUTH EAST REGION,ROSEBUD,2015,9,September
145.0363744883591,-37.933169381371656,3431533,17/9/2015,08.45.00,No,Collision with vehicle,Thursday,RIGHT THROUGH,Day,145.03637,-37.933170000000004,GLEN EIRA,METROPOLITAN SOUTH EAST REGION,3,2,0,0,2,1,1,2,2,0,1,0,0,0,0,0,0,0,0,0,No,0,3,0,0,0,0,MELB_URBAN,MELB_URBAN,GLEN EIRA,METROPOLITAN SOUTH EAST REGION,BENTLEIGH,2015,9,September
145.10969128624615,-37.55785513430444,3431549,5/9/2015,08.50.00,No,Collision with vehicle,Saturday,CROSS TRAFFIC(INTERSECTIONS ONLY),Day,145.10969,-37.55786,WHITTLESEA,METROPOLITAN NORTH WEST REGION,2,1,0,0,1,1,1,1,1,0,1,0,0,0,0,0,0,0,0,0,No,0,2,0,1,0,0,RURAL_VICTORIA,RURAL_VICTORIA,WHITTLESEA,METROPOLITAN NORTH WEST REGION,YAN YEAN,2015,9,September