X,Y,OBJECTID,ACCIDENT_DATE,ACCIDENT_TIME,ALCOHOLTIME,ACCIDENT_TYPE,DAY_OF_WEEK,DCA_CODE,LIGHT_CONDITION,LONGITUDE,LATITUDE,LGA_NAME,REGION_NAME,TOTAL_PERSONS,INJ_OR_FATAL,FATALITY,SERIOUSINJURY,OTHERINJURY,NONINJURED,MALES,FEMALES,BICYCLIST,PASSENGER,DRIVER,PEDESTRIAN,PILLION,MOTORIST,UNKNOWN,PED_CYCLIST_5_12,PED_CYCLIST_13_18,OLD_PEDESTRIAN,OLD_DRIVER,YOUNG_DRIVER,ALCOHOL_RELATED,UNLICENCSED,NO_OF_VEHICLES,HEAVYVEHICLE,PASSENGERVEHICLE,MOTORCYCLE,PUBLICVEHICLE,DEG_URBAN_NAME,DEG_URBAN_ALL,LGA_NAME_ALL,REGION_NAME_ALL,Suburb,Year,Month,Month_name
144.95824971475346,-37.77683151406657,3431860,8/9/2015,09.11.00,No,Collision with vehicle,Tuesday,VEHICLE OFF FOOTPATH STRIKES VEH ON CARRIAGEWAY,Day,144.95825,-37.77683,MORELAND,METROPOLITAN NORTH WEST REGION,2,1,0,1,0,1,1,1,1,0,1,0,0,0,0,0,0,0,0,0,No,0,2,0,1,0,0,MELB_URBAN,MELB_URBAN,MORELAND,METROPOLITAN NORTH WEST REGION,BRUNSWICK,2015,9,September
147.06843359515042,-38.1114215376296,3431865,8/9/2015,08.40.00,No,Collision with vehicle,Tuesday,CROSS TRAFFIC(INTERSECTIONS ONLY),Day,147.06843,-38.11142,WELLINGTON,EASTERN REGION,2,1,0,1,0,1,1,1,1,0,1,0,0,0,0,0,0,0,0,0,No,0,2,0,1,0,0,SMALL_CITIES,SMALL_CITIES,WELLINGTON,"EASTERN REGION,EASTERN REGION",SALE,2015,9,September
144.98718000397372,-37.92559000043171,3431869,8/9/2015,12.01.00,No,Collision with vehicle,Tuesday,VEHICLE STRIKES ANOTHER VEH WHILE EMERGING FROM DRIVEWAY,Day,144.98718,-37.92559,BAYSIDE,METROPOLITAN SOUTH EAST REGION,2,1,0,0,1,1,1,1,1,0,1,0,0,0,0,0,0,0,1,0,No,0,2,0,1,0,0,MELB_URBAN,MELB_URBAN,BAYSIDE,METROPOLITAN SOUTH EAST REGION,BRIGHTON,2015,9,September
144.94763278458862,-37.79375780148618,3431893,19/9/2015,16.05.00,Yes,Collision with vehicle,Saturday,LANE CHANGE LEFT (NOT OVERTAKING),Day,144.94763,-37.79376,MELBOURNE,METROPOLITAN NORTH WEST REGION,2,1,0,0,1,1,1,1,1,0,1,0,0,0,0,0,0,0,0,0,No,0,2,0,1,0,0,MELB_URBAN,MELB_URBAN,MELBOURNE,METROPOLITAN NORTH WEST REGION,NORTH MELBOURNE,2015,9,September
145.06472717593556,-37.989210132759965,3431907,7/1/2015,12.00.00,No,Collision with vehicle,Wednesday,VEHICLE STRIKES DOOR OF PARKED/STATIONARY VEHICLE,Unk.,145.06473,-37.98921,KINGSTON,METROPOLITAN SOUTH EAST REGION,2,1,0,0,1,1,1,0,1,0,0,0,0,0,1,0,0,0,0,0,No,0,2,0,0,0,0,MELB_URBAN,MELB_URBAN,KINGSTON,METROPOLITAN SOUTH EAST REGION,MENTONE,2015,1,January
145.10746535379948,-38.353627900008384,3431914,8/9/2015,11.16.00,No,Collision with vehicle,Tuesday,RIGHT/LEFT. ONE VEH TURNING RIGHT THE OTHER LEFT.,Day,145.10747,-38.353629999999995,MORNINGTON PENINSULA,METROPOLITAN SOUTH EAST REGION,2,1,0,0,1,1,2,0,1,0,1,0,0,0,0,0,0,0,0,0,No,0,2,1,0,0,0,RURAL_VICTORIA,RURAL_VICTORIA,MORNINGTON PENINSULA,METROPOLITAN SOUTH EAST REGION,BALNARRING,2015,9,September
144.99192996745208,-37.768490156596336,3431918,5/9/2015,10.00.00,No,Collision with vehicle,Saturday,REAR END(VEHICLES IN SAME LANE),Day,144.99193,-37.76849,DAREBIN,METROPOLITAN NORTH WEST REGION,2,1,0,0,1,1,0,2,1,0,0,0,0,0,1,0,0,0,0,0,No,0,2,0,0,0,0,MELB_URBAN,MELB_URBAN,DAREBIN,METROPOLITAN NORTH WEST REGION,NORTHCOTE,2015,9,September
145.06786026860794,-37.866324550513895,3431932,14/9/2015,07.30.00,No,Collision with vehicle,Monday,CROSS TRAFFIC(INTERSECTIONS ONLY),Dusk/Dawn,145.06786,-37.86632,BOROONDARA,METROPOLITAN SOUTH EAST REGION,2,1,0,0,1,1,1,1,1,0,1,0,0,0,0,0,0,0,0,0,No,0,2,0,1,0,0,MELB_URBAN,MELB_URBAN,BOROONDARA,METROPOLITAN SOUTH EAST REGION,GLEN IRIS,2015,9,September
144.9654900118411,-37.81802002666785,3431975,23/8/2015,11.55.00,No,Collision with vehicle,Sunday,LANE SIDE SWIPE (VEHICLES IN PARALLEL LANES),Day,144.96549,-37.818020000000004,MELBOURNE,METROPOLITAN NORTH WEST REGION,3,1,0,0,1,2,3,0,1,1,1,0,0,0,0,0,0,0,0,1,No,0,2,0,1,0,0,MELBOURNE_CBD,"MELBOURNE_CBD,MELB_URBAN",MELBOURNE,METROPOLITAN NORTH WEST REGION,MELBOURNE,2015,8,August
145.10723489423725,-38.03639688898353,3431988,29/8/2015,08.05.00,No,Collision with vehicle,Friday,RIGHT THROUGH,Day,145.10723000000004,-38.0364,KINGSTON,METROPOLITAN SOUTH EAST REGION,2,1,0,0,1,1,2,0,1,0,1,0,0,0,0,0,0,0,0,0,No,0,2,0,1,0,0,MELB_URBAN,MELB_URBAN,KINGSTON,METROPOLITAN SOUTH EAST REGION,EDITHVALE,2015,8,August
144.96402930376996,-37.755959923927286,3431995,11/8/2015,18.00.00,Yes,Struck Pedestrian,Tuesday,PED NEAR SIDE. PED HIT BY VEHICLE FROM THE RIGHT.,Dark Street lights on,144.96403,-37.755959999999995,MORELAND,METROPOLITAN NORTH WEST REGION,2,2,0,0,2,0,2,0,1,0,0,1,0,0,0,0,0,1,0,0,No,0,1,0,0,0,0,MELB_URBAN,MELB_URBAN,MORELAND,METROPOLITAN NORTH WEST REGION,BRUNSWICK,2015,8,August
145.16809167672932,-37.868030204757524,3431999,11/8/2015,18.45.00,Yes,Collision with vehicle,Tuesday,REAR END(VEHICLES IN SAME LANE),Dark Street lights on,145.16808999999995,-37.86803,MONASH,METROPOLITAN SOUTH EAST REGION,2,1,0,0,1,1,1,1,1,0,1,0,0,0,0,0,0,0,0,0,No,0,2,0,1,0,0,MELB_URBAN,MELB_URBAN,MONASH,METROPOLITAN SOUTH EAST REGION,GLEN WAVERLEY,2015,8,August
145.0650343848904,-37.74288987307235,3432015,17/8/2015,18.30.00,Yes,Collision with vehicle,Monday,RIGHT THROUGH,Dark Street lights unknown,145.06503,-37.74289,BANYULE,METROPOLITAN NORTH WEST REGION,2,1,0,1,0,1,2,0,1,0,1,0,0,0,0,0,0,0,0,0,No,0,2,0,1,0,0,MELB_URBAN,MELB_URBAN,BANYULE,METROPOLITAN NORTH WEST REGION,ROSANNA,2015,8,August
144.9794995310209,-37.76727290070743,3432018,14/8/2015,10.48.00,No,Collision with vehicle,Friday,LANE SIDE SWIPE (VEHICLES IN PARALLEL LANES),Day,144.9795,-37.76727,MORELAND,METROPOLITAN NORTH WEST REGION,2,1,0,0,1,1,1,1,1,0,1,0,0,0,0,0,0,0,0,0,No,0,2,1,0,0,0,MELB_URBAN,MELB_URBAN,MORELAND,METROPOLITAN NORTH WEST REGION,BRUNSWICK EAST,2015,8,August
144.95473558038182,-37.850762014107495,3432070,23/8/2015,16.00.00,Yes,Collision with vehicle,Sunday,LEFT TURN SIDESWIPE,Day,144.95474,-37.85076,PORT PHILLIP,METROPOLITAN NORTH WEST REGION,2,1,0,0,1,1,1,0,1,0,0,0,0,0,1,0,0,0,0,0,No,0,2,0,0,0,0,MELB_URBAN,MELB_URBAN,PORT PHILLIP,METROPOLITAN NORTH WEST REGION,MIDDLE PARK,2015,8,August
144.29066614590363,-36.772904404140064,3432075,26/6/2015,15.30.00,No,Collision with vehicle,Friday,VEHICLE OFF FOOTPATH STRIKES VEH ON CARRIAGEWAY,Day,144.29067,-36.7729,BENDIGO,NORTHERN REGION,2,1,0,0,1,1,2,0,1,0,1,0,0,0,0,0,0,0,0,0,No,0,2,0,1,0,0,LARGE_PROVINCIAL_CITIES,LARGE_PROVINCIAL_CITIES,BENDIGO,NORTHERN REGION,FLORA HILL,2015,6,June
145.06303238609772,-37.775719686453684,3432080,20/8/2015,07.15.00,No,Collision with vehicle,Thursday,RIGHT NEAR (INTERSECTIONS ONLY),Dusk/Dawn,145.06303,-37.77572,BANYULE,METROPOLITAN NORTH WEST REGION,2,1,0,0,1,1,2,0,1,0,1,0,0,0,0,0,0,0,0,0,No,0,2,0,1,0,0,MELB_URBAN,MELB_URBAN,BANYULE,METROPOLITAN NORTH WEST REGION,IVANHOE EAST,2015,8,August
144.18908781106916,-37.3643402283715,3432083,29/8/2015,09.30.00,No,Collision with vehicle,Friday,LANE SIDE SWIPE (VEHICLES IN PARALLEL LANES),Day,144.18909,-37.36434000000001,HEPBURN,WESTERN REGION,2,1,0,0,1,1,1,0,1,0,1,0,0,0,0,0,0,0,0,0,No,0,2,0,1,0,0,RURAL_VICTORIA,RURAL_VICTORIA,HEPBURN,WESTERN REGION,MUSK,2015,8,August
144.96251867133947,-37.809977130648,3432084,28/8/2015,08.35.00,No,Collision with vehicle,Friday,LEFT TURN SIDESWIPE,Unk.,144.96251999999996,-37.809979999999996,MELBOURNE,METROPOLITAN NORTH WEST REGION,2,1,0,0,1,1,1,1,1,0,1,0,0,0,0,0,0,0,0,1,No,0,2,0,1,0,0,MELBOURNE_CBD,"MELBOURNE_CBD,MELB_URBAN",MELBOURNE,METROPOLITAN NORTH WEST REGION,MELBOURNE,2015,8,August
145.07870817339568,-37.74990763285369,3432094,12/8/2015,10.50.00,No,Collision with vehicle,Tuesday,RIGHT THROUGH,Day,145.07871,-37.74991,BANYULE,METROPOLITAN NORTH WEST REGION,2,1,0,0,1,1,1,1,1,0,1,0,0,0,0,0,1,0,0,0,No,0,2,0,1,0,0,MELB_URBAN,MELB_URBAN,BANYULE,METROPOLITAN NORTH WEST REGION,HEIDELBERG,2015,8,August
144.8935129054501,-37.73777995845592,3432099,12/8/2015,11.43.00,No,Collision with vehicle,Wednesday,LEFT NEAR (INTERSECTIONS ONLY),Day,144.89351000000005,-37.73778,MOONEE VALLEY,METROPOLITAN NORTH WEST REGION,2,1,0,0,1,1,1,1,1,0,1,0,0,0,0,0,0,0,0,0,No,0,2,0,1,0,0,MELB_URBAN,MELB_URBAN,MOONEE VALLEY,METROPOLITAN NORTH WEST REGION,ESSENDON,2015,8,August
144.96545362334862,-37.80058525004055,3432104,27/5/2015,08.30.00,No,Collision with vehicle,Wednesday,LEFT REAR,Dusk/Dawn,144.96545,-37.80059,MELBOURNE,METROPOLITAN NORTH WEST REGION,2,1,0,1,0,1,1,0,1,0,0,0,0,0,1,0,0,0,0,0,No,0,2,0,0,0,0,MELB_URBAN,MELB_URBAN,MELBOURNE,METROPOLITAN NORTH WEST REGION,CARLTON,2015,5,May
144.98239991152113,-37.85044046727933,3432126,24/8/2015,14.25.00,No,Collision with vehicle,Monday,LEFT TURN SIDESWIPE,Day,144.9824,-37.85044,MELBOURNE,METROPOLITAN NORTH WEST REGION,2,1,0,0,1,1,0,2,1,0,1,0,0,0,0,0,0,0,0,1,No,0,2,0,1,0,0,MELB_URBAN,MELB_URBAN,"PORT PHILLIP,MELBOURNE",METROPOLITAN NORTH WEST REGION,WINDSOR,2015,8,August
144.98598769886624,-37.80711373143404,3432129,24/8/2015,16.00.00,No,Collision with vehicle,Monday,LEFT TURN SIDESWIPE,Dusk/Dawn,144.98599,-37.807109999999994,YARRA,METROPOLITAN NORTH WEST REGION,3,1,0,0,1,2,1,2,1,1,1,0,0,0,0,0,0,0,0,0,No,0,2,0,1,0,0,MELB_URBAN,MELB_URBAN,YARRA,METROPOLITAN NORTH WEST REGION,COLLINGWOOD,2015,8,August
144.91459064705924,-37.801486295523006,3432149,7/8/2015,16.00.00,Yes,Collision with vehicle,Friday,VEHICLE STRIKES ANOTHER VEH WHILE EMERGING FROM DRIVEWAY,Day,144.91459,-37.80149,MELBOURNE,METROPOLITAN NORTH WEST REGION,2,1,0,0,1,1,2,0,1,0,1,0,0,0,0,0,0,0,0,0,No,0,2,0,1,0,0,MELB_URBAN,MELB_URBAN,MELBOURNE,METROPOLITAN NORTH WEST REGION,WEST MELBOURNE,2015,8,August
144.77868350943976,-37.862646367149374,3432182,25/8/2015,09.05.00,No,Collision with vehicle,Tuesday,TWO RIGHT TURNING (INTERSECTIONS ONLY),Day,144.77868,-37.86265,HOBSONS BAY,METROPOLITAN NORTH WEST REGION,2,1,0,0,1,1,1,0,1,0,0,0,0,0,1,0,0,0,0,0,No,0,2,0,0,0,0,MELB_URBAN,MELB_URBAN,HOBSONS BAY,METROPOLITAN NORTH WEST REGION,ALTONA MEADOWS,2015,8,August
145.23035998662482,-36.440113070968366,3432188,7/7/2015,13.45.00,No,Collision with vehicle,Monday,ENTERING PARKING,Day,145.23036000000005,-36.44011,SHEPPARTON,NORTH EASTERN REGION,2,1,0,0,1,1,1,1,1,0,1,0,0,0,0,0,0,0,0,0,No,0,2,0,1,0,0,TOWNS,TOWNS,SHEPPARTON,NORTH EASTERN REGION,TATURA,2015,7,July
147.62577119253734,-37.82699359297336,3432191,30/8/2015,12.20.00,No,Collision with vehicle,Sunday,VEHICLE STRIKES DOOR OF PARKED/STATIONARY VEHICLE,Day,147.62577,-37.82699,EAST GIPPSLAND,EASTERN REGION,4,1,0,1,0,3,1,3,1,1,2,0,0,0,0,0,0,0,0,0,No,0,3,0,2,0,0,SMALL_CITIES,SMALL_CITIES,EAST GIPPSLAND,"EASTERN REGION,EASTERN REGION",BAIRNSDALE,2015,8,August
145.0097102474727,-37.7819900252866,3432214,18/8/2015,18.30.00,Yes,Collision with vehicle,Tuesday,RIGHT THROUGH,Dark Street lights on,145.00971,-37.78199,DAREBIN,METROPOLITAN NORTH WEST REGION,2,1,0,1,0,1,2,0,1,0,1,0,0,0,0,0,0,0,0,0,No,0,2,0,1,0,0,MELB_URBAN,MELB_URBAN,DAREBIN,METROPOLITAN NORTH WEST REGION,NORTHCOTE,2015,8,August
144.96701895827363,-37.81655030780381,3432223,1/4/2015,06.45.00,No,No collision and no object struck,Wednesday,OTHER ACCIDENTS NOT CLASSIFIABLE ELSEWHERE,Dusk/Dawn,144.96702,-37.81655,MELBOURNE,METROPOLITAN NORTH WEST REGION,1,1,0,1,0,0,1,0,1,0,0,0,0,0,0,0,0,0,0,0,No,0,1,0,0,0,0,MELBOURNE_CBD,MELBOURNE_CBD,MELBOURNE,METROPOLITAN NORTH WEST REGION,MELBOURNE,2015,4,April
144.72255967676122,-37.58414985289072,3432230,15/3/2015,18.00.00,Yes,Collision with vehicle,Sunday,VEHICLE STRIKES ANOTHER VEH WHILE EMERGING FROM DRIVEWAY,Dusk/Dawn,144.72256000000004,-37.58415,HUME,METROPOLITAN NORTH WEST REGION,2,1,0,0,1,1,1,0,1,0,0,0,0,0,1,0,0,0,0,0,No,0,2,0,0,0,0,SMALL_CITIES,SMALL_CITIES,HUME,METROPOLITAN NORTH WEST REGION,SUNBURY,2015,3,March
145.0882000027097,-37.893089999612435,3432233,25/8/2015,10.01.00,No,Collision with vehicle,Tuesday,REAR END(VEHICLES IN SAME LANE),Day,145.0882,-37.89309,MONASH,METROPOLITAN SOUTH EAST REGION,2,1,0,1,0,1,1,1,1,0,1,0,0,0,0,0,0,0,0,0,No,0,2,0,1,0,0,MELB_URBAN,MELB_URBAN,MONASH,METROPOLITAN SOUTH EAST REGION,HUGHESDALE,2015,8,August
145.1408637695953,-37.80741041427446,3432250,3/8/2015,08.15.00,Yes,Collision with vehicle,Sunday,VEHICLE STRIKES ANOTHER VEH WHILE EMERGING FROM DRIVEWAY,Day,145.14086,-37.80741,WHITEHORSE,METROPOLITAN SOUTH EAST REGION,2,1,0,0,1,1,2,0,1,0,1,0,0,0,0,0,1,0,0,0,No,0,2,0,1,0,0,MELB_URBAN,MELB_URBAN,WHITEHORSE,METROPOLITAN SOUTH EAST REGION,BOX HILL NORTH,2015,8,August
145.11820917826918,-37.9323498892791,3432253,13/8/2015,11.00.00,No,Collision with vehicle,Thursday,LANE SIDE SWIPE (VEHICLES IN PARALLEL LANES),Day,145.11821,-37.93235,KINGSTON,METROPOLITAN SOUTH EAST REGION,2,1,0,1,0,1,1,1,1,0,1,0,0,0,0,0,0,0,0,0,No,1,2,1,0,0,0,MELB_URBAN,MELB_URBAN,KINGSTON,METROPOLITAN SOUTH EAST REGION,CLAYTON SOUTH,2015,8,August
144.97268801304196,-37.78465727992077,3432254,4/8/2015,08.40.00,No,Collision with vehicle,Tuesday,CROSS TRAFFIC(INTERSECTIONS ONLY),Day,144.97269,-37.784659999999995,YARRA,METROPOLITAN NORTH WEST REGION,2,1,0,1,0,1,2,0,1,0,1,0,0,0,0,0,0,0,0,0,No,0,2,0,1,0,0,MELB_URBAN,MELB_URBAN,YARRA,METROPOLITAN NORTH WEST REGION,CARLTON NORTH,2015,8,August
145.09299737285244,-37.88069969262372,3432258,30/7/2014,20.50.00,Yes,Collision with vehicle,Tuesday,RIGHT THROUGH,Dark Street lights on,145.093,-37.8807,MONASH,METROPOLITAN SOUTH EAST REGION,2,1,0,0,1,1,1,1,1,0,1,0,0,0,0,0,0,0,0,0,No,0,2,0,1,0,0,MELB_URBAN,MELB_URBAN,MONASH,METROPOLITAN SOUTH EAST REGION,CHADSTONE,2014,7,July
144.95420272927942,-37.80692291430144,3432261,12/8/2015,06.10.00,No,Collision with vehicle,Wednesday,LEFT NEAR (INTERSECTIONS ONLY),Dusk/Dawn,144.9542,-37.80692,MELBOURNE,METROPOLITAN NORTH WEST REGION,2,1,0,0,1,1,1,1,1,0,1,0,0,0,0,0,0,0,0,0,No,0,2,0,1,0,0,MELB_URBAN,MELB_URBAN,MELBOURNE,METROPOLITAN NORTH WEST REGION,WEST MELBOURNE,2015,8,August
145.0073194369281,-37.81674269211939,3432289,17/8/2015,17.20.00,Yes,Collision with vehicle,Sunday,CROSS TRAFFIC(INTERSECTIONS ONLY),Dusk/Dawn,145.00732,-37.81674,YARRA,METROPOLITAN NORTH WEST REGION,2,1,0,0,1,1,2,0,1,0,1,0,0,0,0,0,0,0,0,0,No,0,2,0,1,0,0,MELB_URBAN,MELB_URBAN,YARRA,METROPOLITAN NORTH WEST REGION,RICHMOND,2015,8,August
144.98783002430747,-37.88278989431579,3432318,13/8/2015,18.00.00,Yes,Collision with vehicle,Thursday,ENTERING PARKING,Dusk/Dawn,144.98783,-37.88279,PORT PHILLIP,METROPOLITAN NORTH WEST REGION,2,1,0,0,1,1,2,0,1,0,1,0,0,0,0,0,0,0,0,0,No,0,2,0,1,0,0,MELB_URBAN,MELB_URBAN,PORT PHILLIP,METROPOLITAN NORTH WEST REGION,ELWOOD,2015,8,August
144.9587496536816,-37.799851900088356,3432325,13/8/2015,08.30.00,No,Collision with vehicle,Thursday,VEHICLE STRIKES DOOR OF PARKED/STATIONARY VEHICLE,Unk.,144.95875,-37.79985,MELBOURNE,METROPOLITAN NORTH WEST REGION,3,1,0,0,1,2,1,1,1,0,0,0,0,0,2,0,0,0,0,0,No,0,2,0,0,0,0,MELB_URBAN,MELB_URBAN,MELBOURNE,METROPOLITAN NORTH WEST REGION,PARKVILLE,2015,8,August
144.97785032461113,-37.80581801921426,3432326,30/7/2015,11.10.00,No,Collision with vehicle,Thursday,VEHICLE STRIKES DOOR OF PARKED/STATIONARY VEHICLE,Day,144.97785,-37.805820000000004,YARRA,METROPOLITAN NORTH WEST REGION,2,1,0,0,1,1,0,1,1,0,0,0,0,0,1,0,0,0,0,0,No,0,2,0,0,0,0,MELB_URBAN,MELB_URBAN,YARRA,METROPOLITAN NORTH WEST REGION,FITZROY,2015,7,July
144.99328338643974,-37.797936976118095,3432330,20/8/2015,17.00.00,No,Collision with vehicle,Thursday,VEHICLE OFF FOOTPATH STRIKES VEH ON CARRIAGEWAY,Dusk/Dawn,144.99328,-37.797940000000004,YARRA,METROPOLITAN NORTH WEST REGION,2,1,0,0,1,1,2,0,1,0,1,0,0,0,0,0,0,0,0,0,No,0,2,0,1,0,0,MELB_URBAN,MELB_URBAN,YARRA,METROPOLITAN NORTH WEST REGION,COLLINGWOOD,2015,8,August
144.99673602897337,-37.84722017442542,3432347,8/8/2015,08.50.00,No,Collision with vehicle,Saturday,RIGHT THROUGH,Day,144.99674,-37.84722,STONNINGTON,METROPOLITAN SOUTH EAST REGION,2,1,0,0,1,1,1,1,1,0,1,0,0,0,0,0,0,0,0,1,No,0,2,0,1,0,0,MELB_URBAN,MELB_URBAN,STONNINGTON,METROPOLITAN SOUTH EAST REGION,SOUTH YARRA,2015,8,August
144.89295066864676,-37.79898624218625,3432363,13/8/2015,13.30.00,No,Collision with vehicle,Thursday,VEHICLE STRIKES DOOR OF PARKED/STATIONARY VEHICLE,Day,144.89295,-37.79899,MARIBYRNONG,METROPOLITAN NORTH WEST REGION,2,1,0,0,1,1,1,1,1,0,0,0,0,0,1,0,0,0,0,0,No,0,2,0,0,0,0,MELB_URBAN,MELB_URBAN,MARIBYRNONG,METROPOLITAN NORTH WEST REGION,FOOTSCRAY,2015,8,August
144.97957080468674,-37.84727981113248,3432368,19/8/2015,09.30.00,No,Collision with vehicle,Wednesday,LEFT TURN SIDESWIPE,Day,144.97957,-37.84728,MELBOURNE,METROPOLITAN NORTH WEST REGION,2,1,0,0,1,1,1,1,1,0,1,0,0,0,0,0,0,0,0,0,No,0,2,0,1,0,0,MELB_URBAN,MELB_URBAN,"PORT PHILLIP,MELBOURNE",METROPOLITAN NORTH WEST REGION,MELBOURNE,2015,8,August
145.0420647877203,-37.956237457930605,3432373,19/8/2015,14.04.00,No,Collision with vehicle,Wednesday,VEHICLE OFF FOOTPATH STRIKES VEH ON CARRIAGEWAY,Day,145.04206000000005,-37.95624,BAYSIDE,METROPOLITAN SOUTH EAST REGION,2,1,0,1,0,1,1,1,1,0,1,0,0,0,0,0,0,0,0,1,No,0,2,0,1,0,0,MELB_URBAN,MELB_URBAN,BAYSIDE,METROPOLITAN SOUTH EAST REGION,CHELTENHAM,2015,8,August
145.0419300153994,-37.83936631751561,3432375,23/7/2015,18.00.00,Yes,Collision with vehicle,Thursday,RIGHT THROUGH,Dusk/Dawn,145.04193,-37.83937,BOROONDARA,METROPOLITAN SOUTH EAST REGION,2,1,0,0,1,1,2,0,1,0,1,0,0,0,0,0,0,0,0,0,No,0,2,0,1,0,0,MELB_URBAN,MELB_URBAN,BOROONDARA,METROPOLITAN SOUTH EAST REGION,HAWTHORN,2015,7,July
145.0116837833163,-37.76812372899489,3432377,20/8/2015,09.00.00,No,Collision with vehicle,Thursday,CROSS TRAFFIC(INTERSECTIONS ONLY),Day,145.01168,-37.76812,DAREBIN,METROPOLITAN NORTH WEST REGION,2,1,0,0,1,1,0,2,1,0,1,0,0,0,0,0,0,0,0,0,No,0,2,0,1,0,0,MELB_URBAN,MELB_URBAN,DAREBIN,METROPOLITAN NORTH WEST REGION,NORTHCOTE,2015,8,August
144.9584114369499,-37.73076412857243,3432389,26/8/2015,14.10.00,No,Collision with vehicle,Wednesday,CROSS TRAFFIC(INTERSECTIONS ONLY),Day,144.95841000000001,-37.73076,MORELAND,METROPOLITAN NORTH WEST REGION,2,1,0,0,1,1,1,1,1,0,1,0,0,0,0,0,0,0,0,1,No,0,2,0,1,0,0,MELB_URBAN,MELB_URBAN,MORELAND,METROPOLITAN NORTH WEST REGION,COBURG NORTH,2015,8,August
144.92890071394774,-37.78809586331421,3432394,8/8/2015,11.15.00,No,Collision with vehicle,Saturday,RIGHT THROUGH,Day,144.9289,-37.7881,MELBOURNE,METROPOLITAN NORTH WEST REGION,2,1,0,0,1,1,1,1,1,0,1,0,0,0,0,0,0,0,0,1,No,0,2,0,1,0,0,MELB_URBAN,MELB_URBAN,"MOONEE VALLEY,MELBOURNE",METROPOLITAN NORTH WEST REGION,KENSINGTON,2015,8,August
145.14026923762444,-37.71831410019213,3432407,13/8/2015,15.00.00,No,Collision with vehicle,Thursday,RIGHT THROUGH,Day,145.14027,-37.718309999999995,NILLUMBIK,METROPOLITAN NORTH WEST REGION,2,1,0,0,1,1,1,1,1,0,1,0,0,0,0,0,0,0,0,0,No,0,2,0,1,0,0,MELB_URBAN,MELB_URBAN,NILLUMBIK,METROPOLITAN NORTH WEST REGION,ELTHAM,2015,8,August
145.01190377531788,-37.93853043655314,3432436,26/8/2015,16.51.00,No,Collision with vehicle,Wednesday,VEHICLE STRIKES ANOTHER VEH WHILE EMERGING FROM DRIVEWAY,Day,145.0119,-37.93853,BAYSIDE,METROPOLITAN SOUTH EAST REGION,2,1,0,0,1,1,2,0,1,0,1,0,0,0,0,1,0,0,0,0,No,0,2,0,1,0,0,MELB_URBAN,MELB_URBAN,BAYSIDE,METROPOLITAN SOUTH EAST REGION,HAMPTON,2015,8,August
144.9690006814276,-37.792325985010734,3432438,26/8/2015,14.10.00,No,Collision with vehicle,Wednesday,VEHICLE STRIKES ANOTHER VEH WHILE EMERGING FROM DRIVEWAY,Day,144.969,-37.79233,MELBOURNE,METROPOLITAN NORTH WEST REGION,2,1,0,0,1,1,1,1,1,0,1,0,0,0,0,0,0,0,0,1,No,0,2,0,1,0,0,MELB_URBAN,MELB_URBAN,"YARRA,MELBOURNE",METROPOLITAN NORTH WEST REGION,CARLTON,2015,8,August
144.38875936709087,-38.180043558105424,3432462,12/8/2015,16.20.00,No,Collision with vehicle,Wednesday,OTHER ACCIDENTS NOT CLASSIFIABLE ELSEWHERE,Day,144.38876000000005,-38.18004000000001,GEELONG,SOUTH WESTERN REGION,2,1,0,1,0,1,2,0,1,0,1,0,0,0,0,0,0,0,0,0,Yes,0,2,0,1,0,0,LARGE_PROVINCIAL_CITIES,LARGE_PROVINCIAL_CITIES,GEELONG,SOUTH WESTERN REGION,WHITTINGTON,2015,8,August
144.88255447912482,-37.81760053165952,3432465,14/8/2015,16.35.00,Yes,Collision with vehicle,Friday,VEHICLE STRIKES ANOTHER VEH WHILE EMERGING FROM DRIVEWAY,Day,144.88255,-37.8176,MARIBYRNONG,METROPOLITAN NORTH WEST REGION,2,1,0,0,1,1,1,0,1,0,0,0,0,0,1,0,0,0,0,0,No,0,2,0,0,0,0,MELB_URBAN,MELB_URBAN,MARIBYRNONG,METROPOLITAN NORTH WEST REGION,YARRAVILLE,2015,8,August
144.79033554055582,-37.79180171199655,3432490,27/8/2015,05.40.00,Yes,Collision with vehicle,Thursday,RIGHT NEAR (INTERSECTIONS ONLY),Dark Street lights on,144.79034,-37.7918,BRIMBANK,METROPOLITAN NORTH WEST REGION,2,1,0,1,0,1,2,0,1,0,1,0,0,0,0,0,0,0,0,0,No,0,2,0,1,0,0,MELB_URBAN,MELB_URBAN,BRIMBANK,METROPOLITAN NORTH WEST REGION,SUNSHINE WEST,2015,8,August
144.99116423105414,-37.824911360210095,3432508,9/8/2015,10.30.00,No,No collision and no object struck,Sunday,OFF CARRIAGEWAY TO LEFT,Day,144.99116,-37.824909999999996,YARRA,METROPOLITAN NORTH WEST REGION,1,1,0,0,1,0,0,1,1,0,0,0,0,0,0,0,0,0,0,0,No,0,1,0,0,0,0,MELB_URBAN,MELB_URBAN,YARRA,METROPOLITAN NORTH WEST REGION,RICHMOND,2015,8,August
145.03371542944188,-37.93284215402739,3432522,15/8/2015,08.30.00,No,Collision with vehicle,Friday,LEFT TURN SIDESWIPE,Day,145.03372,-37.93284,BAYSIDE,METROPOLITAN SOUTH EAST REGION,2,1,0,0,1,1,1,0,1,0,0,0,0,0,1,0,1,0,0,0,No,0,2,0,0,0,0,MELB_URBAN,MELB_URBAN,BAYSIDE,METROPOLITAN SOUTH EAST REGION,BRIGHTON EAST,2015,8,August