X,Y,OBJECTID,ACCIDENT_DATE,ACCIDENT_TIME,ALCOHOLTIME,ACCIDENT_TYPE,DAY_OF_WEEK,DCA_CODE,LIGHT_CONDITION,LONGITUDE,LATITUDE,LGA_NAME,REGION_NAME,TOTAL_PERSONS,INJ_OR_FATAL,FATALITY,SERIOUSINJURY,OTHERINJURY,NONINJURED,MALES,FEMALES,BICYCLIST,PASSENGER,DRIVER,PEDESTRIAN,PILLION,MOTORIST,UNKNOWN,PED_CYCLIST_5_12,PED_CYCLIST_13_18,OLD_PEDESTRIAN,OLD_DRIVER,YOUNG_DRIVER,ALCOHOL_RELATED,UNLICENCSED,NO_OF_VEHICLES,HEAVYVEHICLE,PASSENGERVEHICLE,MOTORCYCLE,PUBLICVEHICLE,DEG_URBAN_NAME,DEG_URBAN_ALL,LGA_NAME_ALL,REGION_NAME_ALL,Suburb,Year,Month,Month_name
144.9990959557401,-37.89889459900953,3428181,13/6/2015,08.45.00,No,Collision with vehicle,Saturday,CROSS TRAFFIC(INTERSECTIONS ONLY),Dusk/Dawn,144.9991,-37.89889,BAYSIDE,METROPOLITAN SOUTH EAST REGION,2,1,0,0,1,1,1,1,1,0,1,0,0,0,0,0,0,0,0,0,No,0,2,0,1,0,0,MELB_URBAN,MELB_URBAN,BAYSIDE,METROPOLITAN SOUTH EAST REGION,BRIGHTON,2015,6,June
145.10794447746937,-38.17345398950502,3428183,13/6/2015,08.30.00,No,Collision with vehicle,Saturday,CROSS TRAFFIC(INTERSECTIONS ONLY),Dusk/Dawn,145.10793999999999,-38.17345,MORNINGTON PENINSULA,METROPOLITAN SOUTH EAST REGION,2,1,0,0,1,1,1,1,1,0,1,0,0,0,0,0,0,0,0,0,No,0,2,0,1,0,0,MELB_URBAN,MELB_URBAN,"FRANKSTON,MORNINGTON PENINSULA",METROPOLITAN SOUTH EAST REGION,FRANKSTON SOUTH,2015,6,June
144.97615014229342,-37.79808917266993,3428186,12/6/2015,18.30.00,Yes,Collision with vehicle,Friday,VEHICLE OFF FOOTPATH STRIKES VEH ON CARRIAGEWAY,Dark Street lights on,144.97615,-37.79809,YARRA,METROPOLITAN NORTH WEST REGION,2,1,0,0,1,1,1,1,1,0,0,0,0,1,0,0,0,0,0,0,No,1,2,0,0,1,0,MELB_URBAN,MELB_URBAN,YARRA,METROPOLITAN NORTH WEST REGION,FITZROY,2015,6,June
145.00017375370032,-37.941826474543866,3428189,13/6/2015,11.50.00,No,Collision with vehicle,Saturday,RIGHT THROUGH,Day,145.00017,-37.941829999999996,BAYSIDE,METROPOLITAN SOUTH EAST REGION,2,1,0,1,0,1,1,0,1,0,0,0,0,0,1,0,0,0,0,0,No,0,2,0,0,0,0,MELB_URBAN,MELB_URBAN,BAYSIDE,METROPOLITAN SOUTH EAST REGION,HAMPTON,2015,6,June
145.00250343462983,-37.82589040664645,3428221,30/8/2014,17.35.00,Yes,No collision and no object struck,Saturday,OUT OF CONTROL ON CARRIAGEWAY (ON STRAIGHT),Dusk/Dawn,145.0025,-37.82589,YARRA,METROPOLITAN NORTH WEST REGION,2,1,0,0,1,1,0,1,1,0,0,0,0,0,1,0,0,0,0,0,No,0,2,0,0,0,0,MELB_URBAN,MELB_URBAN,YARRA,METROPOLITAN NORTH WEST REGION,RICHMOND,2014,8,August
145.06843996281276,-37.676513123096036,3428235,13/6/2015,10.20.00,No,Collision with vehicle,Saturday,VEHICLE STRIKES ANOTHER VEH WHILE EMERGING FROM DRIVEWAY,Day,145.06843999999995,-37.67651,WHITTLESEA,METROPOLITAN NORTH WEST REGION,3,2,0,0,2,1,0,3,1,0,1,1,0,0,0,2,0,0,0,0,No,1,2,0,1,0,0,MELB_URBAN,MELB_URBAN,WHITTLESEA,METROPOLITAN NORTH WEST REGION,MILL PARK,2015,6,June
144.35819893189347,-38.08291995351164,3428264,3/6/2015,13.30.00,No,Collision with vehicle,Wednesday,VEHICLE STRIKES ANOTHER VEH WHILE EMERGING FROM DRIVEWAY,Day,144.3582,-38.08292,GEELONG,SOUTH WESTERN REGION,3,1,0,0,1,2,1,2,1,1,1,0,0,0,0,0,0,0,1,0,No,0,2,0,1,0,0,LARGE_PROVINCIAL_CITIES,LARGE_PROVINCIAL_CITIES,GEELONG,SOUTH WESTERN REGION,CORIO,2015,6,June
144.99600593248698,-37.80989959297678,3428274,26/5/2015,19.30.00,Yes,Collision with vehicle,Tuesday,U TURN,Dark Street lights on,144.99601,-37.8099,YARRA,METROPOLITAN NORTH WEST REGION,2,1,0,1,0,1,2,0,1,0,1,0,0,0,0,0,0,0,0,0,No,0,2,0,1,0,0,MELB_URBAN,MELB_URBAN,YARRA,METROPOLITAN NORTH WEST REGION,ABBOTSFORD,2015,5,May
144.99236413284962,-37.85712050184089,3428287,13/6/2015,06.10.00,Yes,Collision with vehicle,Saturday,VEHICLE STRIKES DOOR OF PARKED/STATIONARY VEHICLE,Dusk/Dawn,144.99236000000005,-37.85712,STONNINGTON,METROPOLITAN SOUTH EAST REGION,2,1,0,1,0,1,1,1,1,0,1,0,0,0,0,0,0,0,0,1,No,0,2,0,1,0,0,MELB_URBAN,MELB_URBAN,STONNINGTON,METROPOLITAN SOUTH EAST REGION,WINDSOR,2015,6,June
144.9762997130442,-37.87111001995976,3428296,14/6/2015,10.45.00,No,Collision with vehicle,Sunday,VEHICLE STRIKES ANOTHER VEH WHILE EMERGING FROM DRIVEWAY,Day,144.9763,-37.871109999999994,PORT PHILLIP,METROPOLITAN NORTH WEST REGION,2,1,0,0,1,1,2,0,1,0,1,0,0,0,0,0,0,0,0,0,No,0,2,0,1,0,0,MELB_URBAN,MELB_URBAN,PORT PHILLIP,METROPOLITAN NORTH WEST REGION,ST KILDA,2015,6,June
145.00250218314267,-37.86285261585408,3428299,19/6/2015,05.45.00,Yes,Collision with vehicle,Friday,RIGHT NEAR (INTERSECTIONS ONLY),Dark Street lights on,145.0025,-37.86285,PORT PHILLIP,METROPOLITAN NORTH WEST REGION,2,1,0,0,1,1,2,0,1,0,1,0,0,0,0,0,1,0,0,0,No,0,2,0,1,0,0,MELB_URBAN,MELB_URBAN,PORT PHILLIP,METROPOLITAN NORTH WEST REGION,ST KILDA EAST,2015,6,June
144.96771158238138,-37.81737343649272,3428309,17/6/2015,17.20.00,No,Collision with vehicle,Tuesday,VEHICLE STRIKES DOOR OF PARKED/STATIONARY VEHICLE,Dusk/Dawn,144.96771,-37.817370000000004,MELBOURNE,METROPOLITAN NORTH WEST REGION,3,1,0,0,1,2,3,0,1,1,1,0,0,0,0,0,0,0,0,0,No,0,2,0,1,0,0,MELBOURNE_CBD,"MELBOURNE_CBD,MELB_URBAN",MELBOURNE,METROPOLITAN NORTH WEST REGION,MELBOURNE,2015,6,June
144.70808166011204,-37.584614664524615,3428315,3/6/2015,17.55.00,No,Collision with vehicle,Wednesday,LEFT NEAR (INTERSECTIONS ONLY),Dark Street lights on,144.70808,-37.58461,HUME,METROPOLITAN NORTH WEST REGION,2,1,0,0,1,1,1,1,1,0,1,0,0,0,0,0,0,0,0,0,No,0,2,0,1,0,0,SMALL_CITIES,"SMALL_CITIES,RURAL_VICTORIA",HUME,METROPOLITAN NORTH WEST REGION,SUNBURY,2015,6,June
144.96060417752628,-37.77611653255999,3428321,12/5/2015,09.50.00,No,No collision and no object struck,Tuesday,OUT OF CONTROL ON CARRIAGEWAY (ON STRAIGHT),Day,144.9606,-37.77612,MORELAND,METROPOLITAN NORTH WEST REGION,1,1,0,0,1,0,0,1,1,0,0,0,0,0,0,0,0,0,0,0,No,0,1,0,0,0,0,MELB_URBAN,MELB_URBAN,MORELAND,METROPOLITAN NORTH WEST REGION,BRUNSWICK,2015,5,May
145.00939664243325,-37.760500485195024,3428339,14/6/2015,11.10.00,No,Collision with vehicle,,CROSS TRAFFIC(INTERSECTIONS ONLY),Day,145.0094,-37.7605,DAREBIN,METROPOLITAN NORTH WEST REGION,2,1,0,0,1,1,2,0,1,0,1,0,0,0,0,0,0,0,0,0,No,0,2,0,1,0,0,MELB_URBAN,MELB_URBAN,DAREBIN,METROPOLITAN NORTH WEST REGION,THORNBURY,2015,6,June
145.09610719109824,-37.64390927947297,3428343,14/6/2015,10.50.00,No,Collision with vehicle,Sunday,LEFT NEAR (INTERSECTIONS ONLY),Day,145.09611,-37.64391,WHITTLESEA,METROPOLITAN NORTH WEST REGION,2,1,0,0,1,1,2,0,1,0,1,0,0,0,0,0,0,0,0,0,No,0,2,0,1,0,0,MELB_URBAN,MELB_URBAN,WHITTLESEA,METROPOLITAN NORTH WEST REGION,SOUTH MORANG,2015,6,June
145.03823998975975,-37.87381785659285,3428366,3/6/2015,23.15.00,Yes,Collision with vehicle,Wednesday,VEHICLE OFF FOOTPATH STRIKES VEH ON CARRIAGEWAY,Dark Street lights on,145.03824,-37.87382,GLEN EIRA,METROPOLITAN SOUTH EAST REGION,2,1,0,1,0,1,1,1,1,0,1,0,0,0,0,0,0,0,0,1,No,0,2,0,1,0,0,MELB_URBAN,MELB_URBAN,GLEN EIRA,METROPOLITAN SOUTH EAST REGION,CAULFIELD NORTH,2015,6,June
144.3576614626874,-38.15102680355399,3428377,3/6/2015,10.40.00,No,Collision with vehicle,Tuesday,VEHICLE STRIKES DOOR OF PARKED/STATIONARY VEHICLE,Day,144.35766,-38.15103,GEELONG,SOUTH WESTERN REGION,2,1,0,1,0,1,2,0,1,0,1,0,0,0,0,0,0,0,0,0,No,0,2,0,1,0,0,LARGE_PROVINCIAL_CITIES,LARGE_PROVINCIAL_CITIES,GEELONG,SOUTH WESTERN REGION,GEELONG,2015,6,June
144.99466432473156,-37.92500931995346,3428381,27/3/2015,09.30.00,No,Collision with vehicle,Friday,CROSS TRAFFIC(INTERSECTIONS ONLY),Day,144.99466,-37.92501,BAYSIDE,METROPOLITAN SOUTH EAST REGION,2,1,0,0,1,1,2,0,1,0,1,0,0,0,0,0,0,0,0,0,No,0,2,0,1,0,0,MELB_URBAN,MELB_URBAN,BAYSIDE,METROPOLITAN SOUTH EAST REGION,BRIGHTON,2015,3,March
145.04833243780325,-37.93460272625265,3428431,9/6/2015,16.40.00,No,Collision with vehicle,Tuesday,RIGHT THROUGH,Dusk/Dawn,145.04833,-37.9346,GLEN EIRA,METROPOLITAN SOUTH EAST REGION,2,2,0,0,2,0,1,1,1,0,1,0,0,0,0,0,1,0,0,0,No,0,2,0,1,0,0,MELB_URBAN,MELB_URBAN,GLEN EIRA,METROPOLITAN SOUTH EAST REGION,BENTLEIGH,2015,6,June
144.9680086022293,-37.81728698370083,3428452,3/6/2015,10.00.00,No,Collision with vehicle,Wednesday,VEHICLE STRIKES ANOTHER VEH WHILE EMERGING FROM DRIVEWAY,Day,144.96801000000005,-37.81729,MELBOURNE,METROPOLITAN NORTH WEST REGION,2,1,0,1,0,1,1,1,1,0,1,0,0,0,0,0,0,0,0,0,No,0,2,0,1,0,0,MELBOURNE_CBD,"MELBOURNE_CBD,MELB_URBAN",MELBOURNE,METROPOLITAN NORTH WEST REGION,MELBOURNE,2015,6,June
145.01023587472298,-37.77903474567285,3428453,19/6/2015,17.15.00,No,Collision with vehicle,Thursday,RIGHT THROUGH,Dusk/Dawn,145.01023999999995,-37.77903,DAREBIN,METROPOLITAN NORTH WEST REGION,2,1,0,0,1,1,0,2,1,0,1,0,0,0,0,0,0,0,0,0,No,0,2,0,1,0,0,MELB_URBAN,MELB_URBAN,DAREBIN,METROPOLITAN NORTH WEST REGION,NORTHCOTE,2015,6,June
144.9503286186496,-37.81347993898633,3428455,11/6/2015,18.40.00,Yes,Collision with vehicle,Thursday,LEFT NEAR (INTERSECTIONS ONLY),Dark Street lights unknown,144.95033,-37.81348,MELBOURNE,METROPOLITAN NORTH WEST REGION,2,1,0,0,1,1,2,0,1,0,1,0,0,0,0,0,0,0,0,0,No,0,2,0,1,0,0,MELB_URBAN,MELB_URBAN,MELBOURNE,METROPOLITAN NORTH WEST REGION,DOCKLANDS,2015,6,June
145.03356801670787,-37.94775994952483,3428488,27/5/2015,10.30.00,No,No collision and no object struck,Wednesday,OUT OF CONTROL ON CARRIAGEWAY (ON STRAIGHT),Day,145.03357,-37.947759999999995,BAYSIDE,METROPOLITAN SOUTH EAST REGION,2,1,0,0,1,1,1,0,1,0,0,0,0,0,1,0,0,0,0,0,No,0,2,0,0,0,0,MELB_URBAN,MELB_URBAN,BAYSIDE,METROPOLITAN SOUTH EAST REGION,HIGHETT,2015,5,May
144.96980919580253,-37.85345064628953,3428491,9/6/2015,17.00.00,No,Collision with vehicle,Tuesday,VEHICLE STRIKES DOOR OF PARKED/STATIONARY VEHICLE,Dusk/Dawn,144.96981,-37.85345,PORT PHILLIP,METROPOLITAN NORTH WEST REGION,2,1,0,0,1,1,1,1,1,0,1,0,0,0,0,0,0,0,0,0,No,0,2,0,1,0,0,MELB_URBAN,MELB_URBAN,PORT PHILLIP,METROPOLITAN NORTH WEST REGION,MIDDLE PARK,2015,6,June
144.85061960765628,-37.78689577190365,3428526,4/6/2015,15.05.00,No,Collision with vehicle,Thursday,REAR END(VEHICLES IN SAME LANE),Day,144.85062,-37.7869,MARIBYRNONG,METROPOLITAN NORTH WEST REGION,2,2,0,0,2,0,0,2,1,0,1,0,0,0,0,0,0,0,0,0,No,0,2,0,1,0,0,MELB_URBAN,MELB_URBAN,MARIBYRNONG,METROPOLITAN NORTH WEST REGION,BRAYBROOK,2015,6,June
144.9760559732182,-37.86462238464957,3428537,7/6/2015,22.00.00,Yes,Collision with vehicle,Sunday,VEHICLE STRIKES DOOR OF PARKED/STATIONARY VEHICLE,Dark Street lights on,144.97606000000005,-37.86462,PORT PHILLIP,METROPOLITAN NORTH WEST REGION,2,1,0,1,0,1,1,0,1,0,0,0,0,0,1,0,0,0,0,0,No,0,2,0,0,0,0,MELB_URBAN,MELB_URBAN,PORT PHILLIP,METROPOLITAN NORTH WEST REGION,ST KILDA,2015,6,June
144.9942991604789,-37.846049893196785,3428552,10/6/2015,11.15.00,No,No collision and no object struck,Wednesday,OUT OF CONTROL ON CARRIAGEWAY (ON STRAIGHT),Day,144.9943,-37.84605,STONNINGTON,METROPOLITAN SOUTH EAST REGION,2,1,0,0,1,1,1,0,1,0,0,0,0,0,1,0,0,0,0,0,No,0,2,0,0,0,0,MELB_URBAN,MELB_URBAN,STONNINGTON,METROPOLITAN SOUTH EAST REGION,SOUTH YARRA,2015,6,June
145.01590921401612,-37.97549254845436,3428566,20/6/2015,10.25.00,No,Collision with vehicle,Saturday,RIGHT NEAR (INTERSECTIONS ONLY),Day,145.01591000000005,-37.97549,BAYSIDE,METROPOLITAN SOUTH EAST REGION,2,1,0,0,1,1,1,1,1,0,1,0,0,0,0,0,0,0,0,0,No,0,2,0,1,0,0,MELB_URBAN,MELB_URBAN,BAYSIDE,METROPOLITAN SOUTH EAST REGION,BLACK ROCK,2015,6,June
145.01343777887968,-37.75771355579036,3428581,5/6/2015,08.50.00,No,Collision with vehicle,Friday,CROSS TRAFFIC(INTERSECTIONS ONLY),Dusk/Dawn,145.01344,-37.757709999999996,DAREBIN,METROPOLITAN NORTH WEST REGION,2,1,0,0,1,1,1,1,1,0,1,0,0,0,0,0,0,0,0,0,No,0,2,0,1,0,0,MELB_URBAN,MELB_URBAN,DAREBIN,METROPOLITAN NORTH WEST REGION,THORNBURY,2015,6,June
145.12850531408284,-38.10402041612653,3428624,22/5/2015,06.58.00,No,Collision with vehicle,Friday,U TURN,Dusk/Dawn,145.12851,-38.10402,FRANKSTON,METROPOLITAN SOUTH EAST REGION,2,1,0,0,1,1,1,1,1,0,1,0,0,0,0,0,0,0,0,0,No,0,2,0,1,0,0,MELB_URBAN,MELB_URBAN,FRANKSTON,METROPOLITAN SOUTH EAST REGION,SEAFORD,2015,5,May
144.9507998009757,-37.79628016338549,3428638,10/6/2015,21.33.00,Yes,Collision with vehicle,Wednesday,LEFT NEAR (INTERSECTIONS ONLY),Dark Street lights on,144.9508,-37.796279999999996,MELBOURNE,METROPOLITAN NORTH WEST REGION,2,1,0,1,0,1,1,1,1,0,1,0,0,0,0,0,0,0,0,0,No,0,2,0,1,0,0,MELB_URBAN,MELB_URBAN,MELBOURNE,METROPOLITAN NORTH WEST REGION,NORTH MELBOURNE,2015,6,June
146.239410973277,-38.621780741718005,3428641,11/6/2015,07.10.00,No,No collision and no object struck,Thursday,OUT OF CONTROL ON CARRIAGEWAY (ON STRAIGHT),Dark No street lights,146.23941000000005,-38.62178,SOUTH GIPPSLAND,EASTERN REGION,1,1,1,0,0,0,1,0,1,0,0,0,0,0,0,0,0,0,0,0,No,0,1,0,0,0,0,RURAL_VICTORIA,RURAL_VICTORIA,SOUTH GIPPSLAND,"EASTERN REGION,EASTERN REGION",FOSTER,2015,6,June
145.1160813614066,-38.051595295556616,3428643,11/6/2015,16.00.00,No,Collision with vehicle,Thursday,RIGHT THROUGH,Dusk/Dawn,145.11608,-38.0516,KINGSTON,METROPOLITAN SOUTH EAST REGION,2,1,0,0,1,1,2,0,1,0,1,0,0,0,0,0,0,0,0,1,No,0,2,0,1,0,0,MELB_URBAN,MELB_URBAN,KINGSTON,METROPOLITAN SOUTH EAST REGION,CHELSEA,2015,6,June
145.08309406828198,-37.76291056753495,3428661,3/6/2015,13.37.00,No,Collision with vehicle,Wednesday,VEHICLE STRIKES ANOTHER VEH WHILE EMERGING FROM DRIVEWAY,Day,145.08309,-37.76291,MANNINGHAM,METROPOLITAN SOUTH EAST REGION,2,1,0,0,1,1,1,1,1,0,1,0,0,0,0,0,1,0,0,0,No,0,2,0,1,0,0,MELB_URBAN,MELB_URBAN,MANNINGHAM,METROPOLITAN SOUTH EAST REGION,BULLEEN,2015,6,June
145.0617554768668,-37.90666973328917,3428665,20/6/2015,06.00.00,Yes,Collision with vehicle,Saturday,LEFT NEAR (INTERSECTIONS ONLY),Dark Street lights on,145.06176000000005,-37.90667,GLEN EIRA,METROPOLITAN SOUTH EAST REGION,2,1,0,1,0,1,1,1,1,0,1,0,0,0,0,0,0,0,0,0,No,0,2,0,1,0,0,MELB_URBAN,MELB_URBAN,GLEN EIRA,METROPOLITAN SOUTH EAST REGION,BENTLEIGH EAST,2015,6,June
144.92834103914743,-37.73037375929557,3428669,21/6/2015,12.05.00,No,Collision with vehicle,Sunday,RIGHT THROUGH,Day,144.92834,-37.73037,MORELAND,METROPOLITAN NORTH WEST REGION,2,1,0,0,1,1,2,0,1,0,1,0,0,0,0,0,0,0,1,0,No,0,2,0,1,0,0,MELB_URBAN,MELB_URBAN,MORELAND,METROPOLITAN NORTH WEST REGION,PASCOE VALE,2015,6,June
144.9822404683438,-37.86155317018102,3428679,21/5/2015,17.58.00,No,Collision with vehicle,Thursday,RIGHT THROUGH,Dark Street lights on,144.98224,-37.86155,PORT PHILLIP,METROPOLITAN NORTH WEST REGION,2,1,0,0,1,1,1,1,1,0,1,0,0,0,0,0,0,0,0,1,No,0,2,0,1,0,0,MELB_URBAN,MELB_URBAN,PORT PHILLIP,METROPOLITAN NORTH WEST REGION,ST KILDA,2015,5,May
145.00464001119374,-37.805830083215106,3428690,20/5/2015,08.30.00,No,No collision and no object struck,Wednesday,OUT OF CONTROL ON CARRIAGEWAY (ON BEND),Day,145.00464,-37.80583,BOROONDARA,METROPOLITAN SOUTH EAST REGION,1,1,0,1,0,0,1,0,1,0,0,0,0,0,0,0,0,0,0,0,No,0,1,0,0,0,0,MELB_URBAN,MELB_URBAN,BOROONDARA,METROPOLITAN SOUTH EAST REGION,KEW,2015,5,May
144.8893407351238,-37.79861534555428,3428716,10/5/2015,19.45.00,Yes,Collision with vehicle,Sunday,VEHICLE STRIKES DOOR OF PARKED/STATIONARY VEHICLE,Dark Street lights on,144.88934,-37.79862,MARIBYRNONG,METROPOLITAN NORTH WEST REGION,2,1,0,1,0,1,2,0,1,0,1,0,0,0,0,0,0,0,0,0,No,0,2,0,1,0,0,MELB_URBAN,MELB_URBAN,MARIBYRNONG,METROPOLITAN NORTH WEST REGION,FOOTSCRAY,2015,5,May
144.96231095945458,-37.754510113773996,3428724,18/5/2015,08.30.00,No,Collision with vehicle,Monday,VEHICLE STRIKES ANOTHER VEH WHILE EMERGING FROM DRIVEWAY,Day,144.96231,-37.754509999999996,MORELAND,METROPOLITAN NORTH WEST REGION,2,1,0,0,1,1,1,1,1,0,1,0,0,0,0,0,0,0,0,1,No,0,2,0,1,0,0,MELB_URBAN,MELB_URBAN,MORELAND,METROPOLITAN NORTH WEST REGION,COBURG,2015,5,May
144.26225051892152,-36.770730636115296,3428728,21/5/2015,21.57.00,Yes,Collision with vehicle,Wednesday,HEAD ON (NOT OVERTAKING),Dark Street lights on,144.26225,-36.77073,BENDIGO,NORTHERN REGION,2,1,0,0,1,1,0,2,1,0,1,0,0,0,0,0,1,0,0,0,No,0,2,0,1,0,0,LARGE_PROVINCIAL_CITIES,LARGE_PROVINCIAL_CITIES,BENDIGO,NORTHERN REGION,GOLDEN SQUARE,2015,5,May
144.98898377934572,-37.90079045207473,3428738,7/5/2015,08.00.00,No,Collision with vehicle,Thursday,OTHER SAME DIRECTION-MANOUEVRES NOT INCLUDED IN DCAs 130-137,Day,144.98898,-37.90079,BAYSIDE,METROPOLITAN SOUTH EAST REGION,2,1,0,1,0,1,2,0,2,0,0,0,0,0,0,0,0,0,0,0,No,0,2,0,0,0,0,MELB_URBAN,MELB_URBAN,BAYSIDE,METROPOLITAN SOUTH EAST REGION,BRIGHTON,2015,5,May
144.59167984937088,-37.61210002911801,3433754,3/10/2015,12.41.00,No,Collision with vehicle,Saturday,HEAD ON (NOT OVERTAKING),Day,144.59168,-37.6121,MELTON,METROPOLITAN NORTH WEST REGION,2,1,0,1,0,1,0,1,1,0,1,0,0,0,0,0,0,0,0,0,No,0,2,0,1,0,0,RURAL_VICTORIA,RURAL_VICTORIA,MELTON,METROPOLITAN NORTH WEST REGION,TOOLERN VALE,2015,10,October
145.05811087485753,-37.77267537533966,3433765,9/10/2015,10.30.00,No,Collision with vehicle,Friday,LEFT REAR,Day,145.05811,-37.77268,BANYULE,METROPOLITAN NORTH WEST REGION,2,1,0,0,1,1,1,1,1,0,1,0,0,0,0,0,0,0,0,0,No,0,2,0,1,0,0,MELB_URBAN,MELB_URBAN,BANYULE,METROPOLITAN NORTH WEST REGION,IVANHOE EAST,2015,10,October
144.36461624076563,-38.092432237204974,3433791,27/9/2015,16.15.00,Yes,Collision with vehicle,Sunday,CROSS TRAFFIC(INTERSECTIONS ONLY),Day,144.36462,-38.09243,GEELONG,SOUTH WESTERN REGION,2,1,0,1,0,1,2,0,1,0,1,0,0,0,0,0,0,0,0,0,No,0,2,0,1,0,0,LARGE_PROVINCIAL_CITIES,LARGE_PROVINCIAL_CITIES,GEELONG,SOUTH WESTERN REGION,NORLANE,2015,9,September
144.99919511568018,-37.76765558411803,3433797,19/6/2015,09.00.00,No,No collision and no object struck,Friday,OUT OF CONTROL ON CARRIAGEWAY (ON STRAIGHT),Day,144.9992,-37.76766,DAREBIN,METROPOLITAN NORTH WEST REGION,1,1,0,0,1,0,1,0,1,0,0,0,0,0,0,0,0,0,0,0,No,0,1,0,0,0,0,MELB_URBAN,MELB_URBAN,DAREBIN,METROPOLITAN NORTH WEST REGION,NORTHCOTE,2015,6,June
144.9639745260055,-37.822719513970156,3433819,7/10/2015,06.30.00,No,No collision and no object struck,Wednesday,OUT OF CONTROL ON CARRIAGEWAY (ON STRAIGHT),Dusk/Dawn,144.96397,-37.822720000000004,MELBOURNE,METROPOLITAN NORTH WEST REGION,2,1,0,0,1,1,1,0,1,0,1,0,0,0,0,0,0,0,0,0,No,0,2,0,1,0,0,MELB_URBAN,MELB_URBAN,MELBOURNE,METROPOLITAN NORTH WEST REGION,SOUTHBANK,2015,10,October
144.96315931889373,-37.81424771478841,3433837,19/8/2015,06.45.00,No,No collision and no object struck,Wednesday,OFF CARRIAGEWAY TO LEFT,Dusk/Dawn,144.96316000000004,-37.81425,MELBOURNE,METROPOLITAN NORTH WEST REGION,2,1,0,1,0,1,1,0,1,0,1,0,0,0,0,0,0,0,0,0,No,0,2,0,1,0,0,MELBOURNE_CBD,MELBOURNE_CBD,MELBOURNE,METROPOLITAN NORTH WEST REGION,MELBOURNE,2015,8,August
145.01243897147336,-37.694970754724814,3433841,28/9/2015,07.50.00,No,Collision with vehicle,Monday,LEFT TURN SIDESWIPE,Dusk/Dawn,145.01244,-37.69497,WHITTLESEA,METROPOLITAN NORTH WEST REGION,2,1,0,0,1,1,0,2,1,0,1,0,0,0,0,0,0,0,0,1,No,0,2,0,1,0,0,MELB_URBAN,MELB_URBAN,"WHITTLESEA,DAREBIN",METROPOLITAN NORTH WEST REGION,THOMASTOWN,2015,9,September
144.957948779896,-37.81797732827621,3433842,28/8/2015,17.00.00,No,Collision with vehicle,Thursday,VEHICLE STRIKES DOOR OF PARKED/STATIONARY VEHICLE,Dusk/Dawn,144.95795,-37.81798,MELBOURNE,METROPOLITAN NORTH WEST REGION,2,1,0,0,1,1,1,0,1,0,1,0,0,0,0,0,0,0,0,0,No,0,2,0,1,0,0,MELBOURNE_CBD,MELBOURNE_CBD,MELBOURNE,METROPOLITAN NORTH WEST REGION,MELBOURNE,2015,8,August
145.1491470059563,-37.72693437588183,3433852,4/10/2015,10.19.00,No,Collision with vehicle,Sunday,RIGHT THROUGH,Day,145.14915,-37.726929999999996,NILLUMBIK,METROPOLITAN NORTH WEST REGION,2,1,0,0,1,1,0,2,1,0,1,0,0,0,0,0,0,0,0,0,No,0,2,0,1,0,0,MELB_URBAN,MELB_URBAN,NILLUMBIK,METROPOLITAN NORTH WEST REGION,ELTHAM,2015,10,October
145.29908405137772,-38.06548050825311,3433858,4/10/2015,13.12.00,No,Collision with vehicle,,VEHICLE OFF FOOTPATH STRIKES VEH ON CARRIAGEWAY,Day,145.29908,-38.06548,CASEY,METROPOLITAN SOUTH EAST REGION,3,1,0,1,0,2,1,2,1,1,1,0,0,0,0,1,0,0,0,0,No,0,2,0,1,0,0,MELB_URBAN,MELB_URBAN,CASEY,METROPOLITAN SOUTH EAST REGION,NARRE WARREN SOUTH,2015,10,October
144.98597297826157,-37.871825784031,3433863,2/10/2015,20.00.00,Yes,No collision and no object struck,Friday,OFF CARRIAGEWAY TO LEFT,Dark Street lights on,144.98597,-37.871829999999996,PORT PHILLIP,METROPOLITAN NORTH WEST REGION,2,1,0,1,0,1,0,1,1,0,0,0,0,0,1,0,0,0,0,0,No,0,2,0,0,0,0,MELB_URBAN,MELB_URBAN,PORT PHILLIP,METROPOLITAN NORTH WEST REGION,ELWOOD,2015,10,October
144.77643457875132,-37.879844875085894,3433870,9/10/2015,18.45.00,Yes,Collision with vehicle,Friday,CROSS TRAFFIC(INTERSECTIONS ONLY),Dusk/Dawn,144.77643,-37.87984,HOBSONS BAY,METROPOLITAN NORTH WEST REGION,2,1,0,0,1,1,1,1,1,0,1,0,0,0,0,0,1,0,0,0,No,0,2,0,1,0,0,MELB_URBAN,MELB_URBAN,HOBSONS BAY,METROPOLITAN NORTH WEST REGION,ALTONA MEADOWS,2015,10,October
144.97679199091985,-37.83903151477129,3433881,20/9/2015,14.00.00,No,Collision with vehicle,Sunday,VEHICLE STRIKES DOOR OF PARKED/STATIONARY VEHICLE,Day,144.97679,-37.83903,MELBOURNE,METROPOLITAN NORTH WEST REGION,2,1,0,0,1,1,2,0,1,0,1,0,0,0,0,0,0,0,0,0,No,0,2,0,1,0,0,MELB_URBAN,MELB_URBAN,MELBOURNE,METROPOLITAN NORTH WEST REGION,MELBOURNE,2015,9,September