X,Y,OBJECTID,ACCIDENT_DATE,ACCIDENT_TIME,ALCOHOLTIME,ACCIDENT_TYPE,DAY_OF_WEEK,DCA_CODE,LIGHT_CONDITION,LONGITUDE,LATITUDE,LGA_NAME,REGION_NAME,TOTAL_PERSONS,INJ_OR_FATAL,FATALITY,SERIOUSINJURY,OTHERINJURY,NONINJURED,MALES,FEMALES,BICYCLIST,PASSENGER,DRIVER,PEDESTRIAN,PILLION,MOTORIST,UNKNOWN,PED_CYCLIST_5_12,PED_CYCLIST_13_18,OLD_PEDESTRIAN,OLD_DRIVER,YOUNG_DRIVER,ALCOHOL_RELATED,UNLICENCSED,NO_OF_VEHICLES,HEAVYVEHICLE,PASSENGERVEHICLE,MOTORCYCLE,PUBLICVEHICLE,DEG_URBAN_NAME,DEG_URBAN_ALL,LGA_NAME_ALL,REGION_NAME_ALL,Suburb,Year,Month,Month_name
145.0518716853459,-37.98590501298658,3433416,1/4/2015,08.30.00,No,Collision with vehicle,Wednesday,REAR END(VEHICLES IN SAME LANE),Day,145.05187,-37.98591,KINGSTON,METROPOLITAN SOUTH EAST REGION,3,2,0,0,2,1,1,0,1,0,0,0,0,0,2,0,0,0,0,0,No,0,2,0,0,0,0,MELB_URBAN,MELB_URBAN,"KINGSTON,BAYSIDE",METROPOLITAN SOUTH EAST REGION,BEAUMARIS,2015,4,April
144.95484638636782,-37.77077484555827,3433425,31/10/2015,01.56.00,Yes,Collision with vehicle,Saturday,VEHICLE COLLIDES WITH VEHICLE PARKED ON LEFT OF ROAD,Dark Street lights on,144.95485,-37.77077,MORELAND,METROPOLITAN NORTH WEST REGION,3,1,0,0,1,2,2,1,1,0,2,0,0,0,0,0,0,0,0,1,No,0,3,0,2,0,0,MELB_URBAN,MELB_URBAN,MORELAND,METROPOLITAN NORTH WEST REGION,BRUNSWICK,2015,10,October
145.18139430186716,-37.66597008334017,3433432,31/10/2015,07.31.00,Yes,Collision with vehicle,Saturday,LEFT NEAR (INTERSECTIONS ONLY),Dusk/Dawn,145.18139,-37.66597,NILLUMBIK,METROPOLITAN NORTH WEST REGION,2,1,0,1,0,1,0,2,1,0,1,0,0,0,0,0,0,0,0,0,No,0,2,0,1,0,0,MELB_URBAN,MELB_URBAN,NILLUMBIK,METROPOLITAN NORTH WEST REGION,WATTLE GLEN,2015,10,October
145.01948567712975,-37.727741740538775,3433439,14/10/2015,05.45.00,Yes,Collision with vehicle,Wednesday,LEFT NEAR (INTERSECTIONS ONLY),Dusk/Dawn,145.01949,-37.727740000000004,DAREBIN,METROPOLITAN NORTH WEST REGION,2,1,0,0,1,1,2,0,1,0,1,0,0,0,0,0,0,0,0,0,No,0,2,0,1,0,0,MELB_URBAN,MELB_URBAN,DAREBIN,METROPOLITAN NORTH WEST REGION,RESERVOIR,2015,10,October
144.9602338508116,-37.7780441926496,3433443,16/10/2015,23.45.00,Yes,Collision with vehicle,Friday,RIGHT THROUGH,Dark Street lights on,144.96023,-37.778040000000004,MELBOURNE,METROPOLITAN NORTH WEST REGION,2,1,0,0,1,1,0,2,1,0,1,0,0,0,0,0,0,0,0,0,No,0,2,0,1,0,0,MELB_URBAN,MELB_URBAN,"MORELAND,MELBOURNE",METROPOLITAN NORTH WEST REGION,BRUNSWICK,2015,10,October
144.91511042637853,-37.78096635066612,3433455,15/10/2015,07.45.00,No,No collision and no object struck,Thursday,OFF CARRIAGEWAY TO LEFT,Dusk/Dawn,144.91511,-37.78097,MELBOURNE,METROPOLITAN NORTH WEST REGION,1,1,0,0,1,0,1,0,1,0,0,0,0,0,0,0,0,0,0,0,No,0,1,0,0,0,0,MELB_URBAN,MELB_URBAN,"MOONEE VALLEY,MELBOURNE",METROPOLITAN NORTH WEST REGION,FLEMINGTON,2015,10,October
144.9627792060366,-37.81658827035461,3433462,23/10/2015,17.12.00,Yes,Collision with vehicle,Friday,VEHICLE STRIKES DOOR OF PARKED/STATIONARY VEHICLE,Dusk/Dawn,144.96278,-37.81659000000001,MELBOURNE,METROPOLITAN NORTH WEST REGION,2,1,0,0,1,1,2,0,1,0,1,0,0,0,0,0,0,0,0,0,No,0,2,0,1,0,0,MELBOURNE_CBD,MELBOURNE_CBD,MELBOURNE,METROPOLITAN NORTH WEST REGION,MELBOURNE,2015,10,October
145.20716942297372,-37.816663491992415,3433472,26/10/2015,17.55.00,No,Collision with vehicle,Monday,VEHICLE STRIKES ANOTHER VEH WHILE EMERGING FROM DRIVEWAY,Dusk/Dawn,145.20717,-37.81666,WHITEHORSE,METROPOLITAN SOUTH EAST REGION,4,1,0,0,1,3,2,2,1,2,1,0,0,0,0,1,0,0,0,1,No,0,2,0,1,0,0,MELB_URBAN,MELB_URBAN,WHITEHORSE,METROPOLITAN SOUTH EAST REGION,MITCHAM,2015,10,October
145.1821592203561,-38.11573426080281,3433477,30/10/2015,20.00.00,Yes,Collision with vehicle,Friday,LANE SIDE SWIPE (VEHICLES IN PARALLEL LANES),Dark Street lights unknown,145.18216,-38.11573,FRANKSTON,METROPOLITAN SOUTH EAST REGION,2,1,0,0,1,1,1,0,1,0,0,0,0,0,1,0,0,0,0,0,No,0,2,0,0,0,0,MELB_URBAN,MELB_URBAN,FRANKSTON,METROPOLITAN SOUTH EAST REGION,CARRUM DOWNS,2015,10,October
145.03931077010168,-37.77494786716778,3433490,17/10/2015,10.28.00,No,Collision with vehicle,Friday,RIGHT THROUGH,Day,145.03931,-37.77495,BANYULE,METROPOLITAN NORTH WEST REGION,2,1,0,0,1,1,1,1,1,0,1,0,0,0,0,0,0,0,0,0,No,0,2,0,1,0,0,MELB_URBAN,MELB_URBAN,BANYULE,METROPOLITAN NORTH WEST REGION,IVANHOE,2015,10,October
144.98836855212525,-37.79313095779009,3433494,12/10/2015,08.30.00,No,Collision with vehicle,Monday,LEFT NEAR (INTERSECTIONS ONLY),Day,144.98837,-37.79313,YARRA,METROPOLITAN NORTH WEST REGION,2,1,0,0,1,1,1,1,1,0,1,0,0,0,0,0,0,0,0,0,No,0,2,0,1,0,0,MELB_URBAN,MELB_URBAN,YARRA,METROPOLITAN NORTH WEST REGION,CLIFTON HILL,2015,10,October
145.10546778705117,-37.900820625577715,3433502,21/10/2015,19.10.00,Yes,Collision with vehicle,Wednesday,RIGHT THROUGH,Dusk/Dawn,145.10547,-37.90082,MONASH,METROPOLITAN SOUTH EAST REGION,2,1,0,0,1,1,1,1,1,0,1,0,0,0,0,0,0,0,0,0,No,0,2,0,1,0,0,MELB_URBAN,MELB_URBAN,MONASH,METROPOLITAN SOUTH EAST REGION,OAKLEIGH EAST,2015,10,October
145.22942301804926,-37.817259959422216,3433510,21/10/2015,17.20.00,No,Collision with vehicle,Wednesday,VEHICLE STRIKES DOOR OF PARKED/STATIONARY VEHICLE,Dusk/Dawn,145.22942,-37.81726,MAROONDAH,METROPOLITAN SOUTH EAST REGION,2,1,0,0,1,1,2,0,1,0,1,0,0,0,0,0,0,0,0,0,No,0,2,0,1,0,0,MELB_URBAN,MELB_URBAN,MAROONDAH,METROPOLITAN SOUTH EAST REGION,RINGWOOD,2015,10,October
144.27724615109213,-36.76024286273929,3433511,17/9/2015,19.00.00,Yes,Collision with vehicle,Thursday,ENTERING PARKING,Dusk/Dawn,144.27725,-36.76024,BENDIGO,NORTHERN REGION,2,1,0,0,1,1,2,0,1,0,1,0,0,0,0,0,1,0,0,0,No,0,2,0,1,0,0,LARGE_PROVINCIAL_CITIES,LARGE_PROVINCIAL_CITIES,BENDIGO,NORTHERN REGION,BENDIGO,2015,9,September
145.02299054406254,-37.84249006780015,3433513,14/10/2015,18.45.00,Yes,Collision with vehicle,Tuesday,REAR END(VEHICLES IN SAME LANE),Dusk/Dawn,145.02299,-37.84249000000001,STONNINGTON,METROPOLITAN SOUTH EAST REGION,2,1,0,0,1,1,1,0,1,0,0,0,0,0,1,0,0,0,0,0,No,0,2,0,0,0,0,MELB_URBAN,MELB_URBAN,STONNINGTON,METROPOLITAN SOUTH EAST REGION,TOORAK,2015,10,October
144.8593394890461,-37.722021607958006,3433523,26/10/2015,18.30.00,Yes,Collision with vehicle,Monday,OTHER ACCIDENTS NOT CLASSIFIABLE ELSEWHERE,Day,144.85934,-37.72202,BRIMBANK,METROPOLITAN NORTH WEST REGION,2,1,0,0,1,1,1,0,1,0,1,0,0,0,0,0,1,0,0,0,No,0,2,0,1,0,0,MELB_URBAN,MELB_URBAN,BRIMBANK,METROPOLITAN NORTH WEST REGION,KEILOR PARK,2015,10,October
144.95677296882764,-37.801049105311506,3433533,30/10/2015,14.20.00,No,Collision with vehicle,Friday,LANE SIDE SWIPE (VEHICLES IN PARALLEL LANES),Day,144.95677,-37.80105,MELBOURNE,METROPOLITAN NORTH WEST REGION,2,1,0,0,1,1,0,1,1,0,0,0,0,0,1,0,0,0,0,0,No,0,2,0,0,0,0,MELB_URBAN,MELB_URBAN,MELBOURNE,METROPOLITAN NORTH WEST REGION,MELBOURNE,2015,10,October
144.9969496441122,-37.77962182297783,3433536,30/10/2015,12.15.00,No,Collision with vehicle,Thursday,RIGHT THROUGH,Day,144.99695,-37.77962,DAREBIN,METROPOLITAN NORTH WEST REGION,2,1,0,0,1,1,1,1,1,0,1,0,0,0,0,0,0,0,0,0,No,0,2,0,1,0,0,MELB_URBAN,MELB_URBAN,DAREBIN,METROPOLITAN NORTH WEST REGION,NORTHCOTE,2015,10,October
145.16833275717693,-37.67163070265214,3433538,31/10/2015,10.30.00,No,Collision with vehicle,Saturday,REAR END(VEHICLES IN SAME LANE),Day,145.16833,-37.67163,NILLUMBIK,METROPOLITAN NORTH WEST REGION,2,1,0,1,0,1,1,0,1,0,0,0,0,0,1,0,0,0,0,0,No,0,2,0,0,0,0,MELB_URBAN,MELB_URBAN,NILLUMBIK,METROPOLITAN NORTH WEST REGION,DIAMOND CREEK,2015,10,October
144.85459768826234,-37.74002241660531,3433541,17/10/2015,14.45.00,No,Collision with vehicle,Friday,LANE SIDE SWIPE (VEHICLES IN PARALLEL LANES),Day,144.8546,-37.74002,MOONEE VALLEY,METROPOLITAN NORTH WEST REGION,2,2,0,0,2,0,1,1,1,0,1,0,0,0,0,0,0,0,0,0,No,0,2,0,1,0,0,MELB_URBAN,MELB_URBAN,MOONEE VALLEY,METROPOLITAN NORTH WEST REGION,KEILOR EAST,2015,10,October
144.9296273315036,-37.70085707358928,3433557,29/9/2015,17.30.00,No,Collision with vehicle,Tuesday,CROSS TRAFFIC(INTERSECTIONS ONLY),Dusk/Dawn,144.92963,-37.70086,MORELAND,METROPOLITAN NORTH WEST REGION,2,1,0,0,1,1,1,1,1,0,1,0,0,0,0,0,0,0,0,1,No,0,2,0,1,0,0,MELB_URBAN,MELB_URBAN,MORELAND,METROPOLITAN NORTH WEST REGION,GLENROY,2015,9,September
144.28347330207978,-36.7501732179138,3433559,30/9/2015,16.30.00,No,Collision with vehicle,Wednesday,REAR END(VEHICLES IN SAME LANE),Day,144.28347,-36.750170000000004,BENDIGO,NORTHERN REGION,2,1,0,0,1,1,1,1,1,0,1,0,0,0,0,0,0,0,0,0,No,0,2,0,1,0,0,LARGE_PROVINCIAL_CITIES,LARGE_PROVINCIAL_CITIES,BENDIGO,NORTHERN REGION,BENDIGO,2015,9,September
145.03748157566167,-38.235335132201115,3433567,24/10/2015,09.45.00,No,Collision with vehicle,Saturday,LEFT NEAR (INTERSECTIONS ONLY),Day,145.03748000000004,-38.23534,MORNINGTON PENINSULA,METROPOLITAN SOUTH EAST REGION,2,1,0,0,1,1,1,0,1,0,1,0,0,0,0,0,0,0,0,0,No,0,2,0,1,0,0,MELB_URBAN,MELB_URBAN,MORNINGTON PENINSULA,METROPOLITAN SOUTH EAST REGION,MORNINGTON,2015,10,October
145.00749969736876,-37.9296516524357,3433591,2/10/2015,07.50.00,No,Collision with vehicle,Friday,VEHICLE STRIKES DOOR OF PARKED/STATIONARY VEHICLE,Dusk/Dawn,145.0075,-37.92965,BAYSIDE,METROPOLITAN SOUTH EAST REGION,2,1,0,1,0,1,1,1,1,0,1,0,0,0,0,0,1,0,0,0,No,0,2,0,1,0,0,MELB_URBAN,MELB_URBAN,BAYSIDE,METROPOLITAN SOUTH EAST REGION,BRIGHTON EAST,2015,10,October
145.03790212507334,-38.21534448235632,3433596,2/10/2015,12.03.00,No,Collision with vehicle,Friday,LEFT TURN SIDESWIPE,Day,145.0379,-38.21534000000001,MORNINGTON PENINSULA,METROPOLITAN SOUTH EAST REGION,2,1,0,0,1,1,1,1,1,0,1,0,0,0,0,0,0,0,0,0,No,0,2,0,1,0,0,MELB_URBAN,MELB_URBAN,MORNINGTON PENINSULA,METROPOLITAN SOUTH EAST REGION,MORNINGTON,2015,10,October
144.96261016255832,-37.809950345255494,3433600,1/10/2015,07.30.00,No,Collision with vehicle,Thursday,RIGHT THROUGH,Day,144.96261,-37.80995,MELBOURNE,METROPOLITAN NORTH WEST REGION,2,1,0,1,0,1,1,1,1,0,1,0,0,0,0,0,0,0,0,0,No,0,2,0,1,0,0,MELBOURNE_CBD,"MELBOURNE_CBD,MELB_URBAN",MELBOURNE,METROPOLITAN NORTH WEST REGION,MELBOURNE,2015,10,October
144.96939730406675,-37.804059709462976,3433617,13/10/2015,09.00.00,No,Collision with vehicle,Tuesday,RIGHT THROUGH,Day,144.9694,-37.80406,MELBOURNE,METROPOLITAN NORTH WEST REGION,2,1,0,0,1,1,1,1,1,0,1,0,0,0,0,0,0,0,0,0,No,0,2,0,1,0,0,MELB_URBAN,MELB_URBAN,MELBOURNE,METROPOLITAN NORTH WEST REGION,CARLTON,2015,10,October
144.98454632777253,-37.79736183775968,3433630,26/9/2015,10.45.00,No,No collision and no object struck,Friday,OUT OF CONTROL ON CARRIAGEWAY (ON STRAIGHT),Day,144.98455,-37.79736,YARRA,METROPOLITAN NORTH WEST REGION,1,1,0,1,0,0,0,1,1,0,0,0,0,0,0,0,0,0,0,0,No,0,1,0,0,0,0,MELB_URBAN,MELB_URBAN,YARRA,METROPOLITAN NORTH WEST REGION,COLLINGWOOD,2015,9,September
145.32225979519575,-37.56013032934164,3433631,26/9/2015,10.10.00,No,Collision with vehicle,Saturday,HEAD ON (NOT OVERTAKING),Day,145.32226,-37.56013,NILLUMBIK,METROPOLITAN NORTH WEST REGION,2,1,0,1,0,1,2,0,1,0,1,0,0,0,0,0,0,0,0,0,No,0,2,0,1,0,0,RURAL_VICTORIA,RURAL_VICTORIA,NILLUMBIK,METROPOLITAN NORTH WEST REGION,KINGLAKE,2015,9,September
145.05707227808003,-37.86007437571862,3433633,26/9/2015,08.30.00,No,Collision with vehicle,Saturday,LANE CHANGE LEFT (NOT OVERTAKING),Day,145.05706999999995,-37.86007,STONNINGTON,METROPOLITAN SOUTH EAST REGION,2,2,0,1,1,0,1,1,1,0,1,0,0,0,0,0,0,0,0,0,No,0,2,0,1,0,0,MELB_URBAN,MELB_URBAN,STONNINGTON,METROPOLITAN SOUTH EAST REGION,GLEN IRIS,2015,9,September
144.7113412028198,-37.61008039070391,3433656,8/10/2015,10.30.00,No,Collision with vehicle,Thursday,LANE CHANGE LEFT (NOT OVERTAKING),Day,144.71133999999995,-37.610079999999996,HUME,METROPOLITAN NORTH WEST REGION,2,1,1,0,0,1,2,0,1,0,1,0,0,0,0,0,0,0,0,0,No,0,2,0,1,0,0,RURAL_VICTORIA,RURAL_VICTORIA,HUME,METROPOLITAN NORTH WEST REGION,SUNBURY,2015,10,October
145.02523573140172,-37.81130892668072,3433665,8/10/2015,18.50.00,Yes,Collision with vehicle,Wednesday,RIGHT THROUGH,Dusk/Dawn,145.02524,-37.81131,BOROONDARA,METROPOLITAN SOUTH EAST REGION,2,1,0,0,1,1,1,1,1,0,1,0,0,0,0,0,0,0,0,0,No,0,2,0,1,0,0,MELB_URBAN,MELB_URBAN,BOROONDARA,METROPOLITAN SOUTH EAST REGION,KEW,2015,10,October
144.99930053866885,-37.91098782889952,3433668,8/10/2015,18.50.00,Yes,Collision with vehicle,Wednesday,CROSS TRAFFIC(INTERSECTIONS ONLY),Dusk/Dawn,144.9993,-37.91099000000001,BAYSIDE,METROPOLITAN SOUTH EAST REGION,2,1,0,1,0,1,2,0,1,0,1,0,0,0,0,0,0,0,0,1,No,0,2,0,1,0,0,MELB_URBAN,MELB_URBAN,BAYSIDE,METROPOLITAN SOUTH EAST REGION,BRIGHTON,2015,10,October
144.9584548464673,-37.79255197794337,3433673,11/9/2015,14.30.00,No,Collision with vehicle,Friday,REAR END(VEHICLES IN SAME LANE),Day,144.95845,-37.79255,MELBOURNE,METROPOLITAN NORTH WEST REGION,2,1,0,0,1,1,1,0,1,0,1,0,0,0,0,0,0,0,0,0,No,0,2,0,1,0,0,MELB_URBAN,MELB_URBAN,MELBOURNE,METROPOLITAN NORTH WEST REGION,PARKVILLE,2015,9,September
145.11020829576663,-38.04056680179247,3433676,13/10/2015,19.15.00,Yes,Collision with vehicle,Tuesday,RIGHT THROUGH,Dusk/Dawn,145.11021000000005,-38.04057,KINGSTON,METROPOLITAN SOUTH EAST REGION,2,1,0,1,0,1,1,1,1,0,1,0,0,0,0,0,0,0,0,1,No,0,2,0,1,0,0,MELB_URBAN,MELB_URBAN,KINGSTON,METROPOLITAN SOUTH EAST REGION,EDITHVALE,2015,10,October
145.11062102454528,-37.76308040514471,3433678,13/10/2015,17.55.00,No,Struck Pedestrian,Tuesday,FAR SIDE. PED HIT BY VEHICLE FROM THE LEFT,Dusk/Dawn,145.11061999999995,-37.76308,MANNINGHAM,METROPOLITAN SOUTH EAST REGION,2,2,0,2,0,0,1,1,1,0,0,1,0,0,0,1,0,0,0,0,No,0,1,0,0,0,0,MELB_URBAN,MELB_URBAN,MANNINGHAM,METROPOLITAN SOUTH EAST REGION,TEMPLESTOWE LOWER,2015,10,October
144.9688979802173,-37.82030107105983,3433684,26/9/2015,08.40.00,No,Collision with vehicle,Saturday,LANE SIDE SWIPE (VEHICLES IN PARALLEL LANES),Day,144.9689,-37.8203,MELBOURNE,METROPOLITAN NORTH WEST REGION,2,1,0,0,1,1,1,0,1,0,1,0,0,0,0,0,0,0,0,0,No,0,2,1,0,0,0,MELB_URBAN,MELB_URBAN,MELBOURNE,METROPOLITAN NORTH WEST REGION,MELBOURNE,2015,9,September
144.32124974832496,-38.185822840633,3433688,26/9/2015,18.00.00,Yes,Collision with vehicle,Saturday,OTHER ADJACENT (INTERSECTIONS ONLY),Dusk/Dawn,144.32125,-38.18582,GEELONG,SOUTH WESTERN REGION,2,1,0,1,0,1,0,2,1,0,1,0,0,0,0,0,0,0,0,0,No,0,2,0,1,0,0,LARGE_PROVINCIAL_CITIES,LARGE_PROVINCIAL_CITIES,GEELONG,SOUTH WESTERN REGION,HIGHTON,2015,9,September
143.8224407819163,-37.547960132163965,3433698,2/10/2015,12.30.00,No,Collision with vehicle,Thursday,DOUBLE PARKED,Day,143.82244,-37.547959999999996,BALLARAT,WESTERN REGION,3,1,0,0,1,2,1,0,1,0,0,0,0,0,2,0,0,0,0,0,No,0,2,0,0,0,0,LARGE_PROVINCIAL_CITIES,LARGE_PROVINCIAL_CITIES,BALLARAT,WESTERN REGION,LAKE WENDOUREE,2015,10,October
144.89368780438602,-37.84958094003839,3433707,22/1/2015,17.50.00,No,Collision with vehicle,Thursday,VEHICLE STRIKES DOOR OF PARKED/STATIONARY VEHICLE,Day,144.89369,-37.849579999999996,HOBSONS BAY,METROPOLITAN NORTH WEST REGION,3,1,0,0,1,2,2,1,1,0,0,0,0,0,2,0,0,0,0,0,No,0,2,0,0,0,0,MELB_URBAN,MELB_URBAN,HOBSONS BAY,METROPOLITAN NORTH WEST REGION,NEWPORT,2015,1,January
144.78162273562566,-37.71255513320534,3433714,8/10/2015,15.30.00,No,Collision with vehicle,Thursday,LEFT TURN SIDESWIPE,Day,144.78162,-37.712559999999996,BRIMBANK,METROPOLITAN NORTH WEST REGION,2,2,0,0,2,0,2,0,1,0,1,0,0,0,0,0,1,0,0,1,No,0,2,0,1,0,0,MELB_URBAN,MELB_URBAN,BRIMBANK,METROPOLITAN NORTH WEST REGION,DELAHEY,2015,10,October
144.9571787615865,-37.813390352101905,3433725,9/9/2015,08.50.00,No,Collision with vehicle,Wednesday,VEHICLE STRIKES DOOR OF PARKED/STATIONARY VEHICLE,Day,144.95718,-37.81339000000001,MELBOURNE,METROPOLITAN NORTH WEST REGION,3,1,0,0,1,2,2,1,1,1,1,0,0,0,0,0,0,0,0,0,No,0,2,0,1,0,0,MELBOURNE_CBD,MELBOURNE_CBD,MELBOURNE,METROPOLITAN NORTH WEST REGION,MELBOURNE,2015,9,September
144.99797633925306,-37.82541958917985,3433727,1/10/2015,12.15.00,No,Collision with vehicle,Thursday,VEHICLE STRIKES DOOR OF PARKED/STATIONARY VEHICLE,Day,144.99798,-37.82542,YARRA,METROPOLITAN NORTH WEST REGION,2,1,0,0,1,1,2,0,1,0,1,0,0,0,0,0,0,0,0,0,No,0,2,0,1,0,0,MELB_URBAN,MELB_URBAN,YARRA,METROPOLITAN NORTH WEST REGION,RICHMOND,2015,10,October
144.98222885075126,-37.88603718276064,3435746,22/10/2015,06.00.00,Yes,Collision with vehicle,Thursday,VEHICLE COLLIDES WITH VEHICLE PARKED ON LEFT OF ROAD,Dark Street lights on,144.98223000000004,-37.88604,PORT PHILLIP,METROPOLITAN NORTH WEST REGION,1,1,0,1,0,0,1,0,1,0,0,0,0,0,0,0,0,0,0,0,No,0,2,0,1,0,0,MELB_URBAN,MELB_URBAN,PORT PHILLIP,METROPOLITAN NORTH WEST REGION,ELWOOD,2015,10,October
145.1826055322366,-37.9563813007788,3435758,16/11/2015,06.50.00,No,Collision with vehicle,Monday,OTHER ADJACENT (INTERSECTIONS ONLY),Dusk/Dawn,145.18261,-37.956379999999996,DANDENONG,METROPOLITAN SOUTH EAST REGION,2,1,1,0,0,1,2,0,1,0,1,0,0,0,0,0,0,0,0,0,No,0,2,0,1,0,0,MELB_URBAN,MELB_URBAN,DANDENONG,METROPOLITAN SOUTH EAST REGION,NOBLE PARK,2015,11,November
144.30462133376483,-36.77305729705483,3435779,4/11/2015,15.45.00,No,Collision with vehicle,Wednesday,VEHICLE STRIKES ANOTHER VEH WHILE EMERGING FROM DRIVEWAY,Day,144.30462,-36.77306,BENDIGO,NORTHERN REGION,2,1,0,1,0,1,2,0,1,0,1,0,0,0,0,1,0,0,0,0,No,0,2,0,1,0,0,LARGE_PROVINCIAL_CITIES,LARGE_PROVINCIAL_CITIES,BENDIGO,NORTHERN REGION,KENNINGTON,2015,11,November
147.62313433793423,-37.82394590817142,3435780,4/11/2015,17.02.00,No,Collision with vehicle,Tuesday,VEHICLE OFF FOOTPATH STRIKES VEH ON CARRIAGEWAY,Day,147.62313,-37.82395,EAST GIPPSLAND,EASTERN REGION,2,1,0,0,1,1,1,1,1,0,1,0,0,0,0,0,1,0,0,0,No,0,2,0,1,0,0,SMALL_CITIES,SMALL_CITIES,EAST GIPPSLAND,"EASTERN REGION,EASTERN REGION",BAIRNSDALE,2015,11,November
144.9598295639787,-37.76677226400197,3435782,29/10/2015,12.00.00,No,No collision and no object struck,Thursday,OUT OF CONTROL ON CARRIAGEWAY (ON STRAIGHT),Day,144.95983,-37.76677,MORELAND,METROPOLITAN NORTH WEST REGION,2,1,0,1,0,1,1,0,1,0,0,0,0,0,1,0,0,0,0,0,No,0,2,0,0,0,0,MELB_URBAN,MELB_URBAN,MORELAND,METROPOLITAN NORTH WEST REGION,BRUNSWICK,2015,10,October
144.92733435257318,-37.773580209027536,3435784,4/11/2015,16.50.00,No,Collision with vehicle,Wednesday,RIGHT THROUGH,Day,144.92733,-37.773579999999995,MOONEE VALLEY,METROPOLITAN NORTH WEST REGION,2,1,0,0,1,1,2,0,1,0,1,0,0,0,0,0,0,0,0,0,No,0,2,0,1,0,0,MELB_URBAN,MELB_URBAN,MOONEE VALLEY,METROPOLITAN NORTH WEST REGION,ASCOT VALE,2015,11,November
144.99337114072785,-37.85185034448392,3435785,3/11/2015,22.44.00,Yes,Collision with vehicle,Tuesday,RIGHT THROUGH,Dark Street lights on,144.99337,-37.85185,STONNINGTON,METROPOLITAN SOUTH EAST REGION,6,1,0,0,1,5,2,2,1,4,1,0,0,0,0,0,0,0,0,0,No,0,2,0,1,0,0,MELB_URBAN,MELB_URBAN,STONNINGTON,METROPOLITAN SOUTH EAST REGION,WINDSOR,2015,11,November
146.64862316116708,-38.22701039930741,3435794,10/11/2015,09.30.00,No,Collision with vehicle,Tuesday,REAR END(VEHICLES IN SAME LANE),Day,146.64862,-38.22701,LATROBE,EASTERN REGION,2,1,0,0,1,1,0,1,1,0,0,0,0,0,1,0,0,0,0,0,No,0,2,0,0,0,0,RURAL_VICTORIA,RURAL_VICTORIA,LATROBE,"EASTERN REGION,EASTERN REGION",FLYNN,2015,11,November
144.26542127827872,-36.784820780666436,3435796,2/11/2015,10.30.00,No,No collision and no object struck,Monday,OUT OF CONTROL ON CARRIAGEWAY (ON STRAIGHT),Day,144.26542,-36.78482,BENDIGO,NORTHERN REGION,2,1,0,0,1,1,1,0,1,0,0,0,0,0,1,0,0,0,0,0,No,0,2,0,0,0,0,LARGE_PROVINCIAL_CITIES,LARGE_PROVINCIAL_CITIES,BENDIGO,NORTHERN REGION,GOLDEN GULLY,2015,11,November
144.96605073802098,-37.73565404081024,3435802,10/11/2015,09.20.00,No,Collision with vehicle,Monday,RIGHT THROUGH,Day,144.96605,-37.73565,MORELAND,METROPOLITAN NORTH WEST REGION,2,1,0,0,1,1,2,0,1,0,1,0,0,0,0,0,0,0,0,1,No,0,2,0,1,0,0,MELB_URBAN,MELB_URBAN,MORELAND,METROPOLITAN NORTH WEST REGION,COBURG,2015,11,November
145.18624267477517,-37.83632042222445,3435812,16/11/2015,16.00.00,No,Collision with vehicle,Monday,LEFT NEAR (INTERSECTIONS ONLY),Day,145.18624,-37.83632,WHITEHORSE,METROPOLITAN SOUTH EAST REGION,2,1,0,0,1,1,1,1,1,0,1,0,0,0,0,0,0,0,0,0,No,0,2,0,1,0,0,MELB_URBAN,MELB_URBAN,WHITEHORSE,METROPOLITAN SOUTH EAST REGION,VERMONT,2015,11,November
144.90063016495856,-37.79988909239357,3435817,21/11/2015,08.10.00,No,Collision with vehicle,Saturday,VEHICLE COLLIDES WITH VEHICLE PARKED ON LEFT OF ROAD,Day,144.90063,-37.79989000000001,MARIBYRNONG,METROPOLITAN NORTH WEST REGION,2,2,0,0,2,0,2,0,1,0,0,1,0,0,0,0,0,0,0,0,No,0,2,1,0,0,0,MELB_URBAN,MELB_URBAN,MARIBYRNONG,METROPOLITAN NORTH WEST REGION,FOOTSCRAY,2015,11,November
144.97532046541218,-37.80555712536335,3435821,20/11/2015,09.35.00,No,Collision with vehicle,Friday,VEHICLE STRIKES DOOR OF PARKED/STATIONARY VEHICLE,Day,144.97531999999995,-37.80556,YARRA,METROPOLITAN NORTH WEST REGION,2,1,0,0,1,1,2,0,1,0,1,0,0,0,0,0,0,0,0,0,No,0,2,0,1,0,0,MELB_URBAN,MELB_URBAN,YARRA,METROPOLITAN NORTH WEST REGION,FITZROY,2015,11,November
144.96987574674577,-37.75926695504583,3435831,5/11/2015,07.30.00,No,Collision with vehicle,Thursday,CROSS TRAFFIC(INTERSECTIONS ONLY),Dusk/Dawn,144.96988000000005,-37.75927,MORELAND,METROPOLITAN NORTH WEST REGION,2,1,0,1,0,1,1,1,1,0,1,0,0,0,0,0,0,0,0,0,No,0,2,0,1,0,0,MELB_URBAN,MELB_URBAN,MORELAND,METROPOLITAN NORTH WEST REGION,BRUNSWICK,2015,11,November