X,Y,OBJECTID,ACCIDENT_DATE,ACCIDENT_TIME,ALCOHOLTIME,ACCIDENT_TYPE,DAY_OF_WEEK,DCA_CODE,LIGHT_CONDITION,LONGITUDE,LATITUDE,LGA_NAME,REGION_NAME,TOTAL_PERSONS,INJ_OR_FATAL,FATALITY,SERIOUSINJURY,OTHERINJURY,NONINJURED,MALES,FEMALES,BICYCLIST,PASSENGER,DRIVER,PEDESTRIAN,PILLION,MOTORIST,UNKNOWN,PED_CYCLIST_5_12,PED_CYCLIST_13_18,OLD_PEDESTRIAN,OLD_DRIVER,YOUNG_DRIVER,ALCOHOL_RELATED,UNLICENCSED,NO_OF_VEHICLES,HEAVYVEHICLE,PASSENGERVEHICLE,MOTORCYCLE,PUBLICVEHICLE,DEG_URBAN_NAME,DEG_URBAN_ALL,LGA_NAME_ALL,REGION_NAME_ALL,Suburb,Year,Month,Month_name
144.96134031144595,-37.845594280874465,3436916,15/12/2015,09.00.00,No,Collision with vehicle,Tuesday,LANE SIDE SWIPE (VEHICLES IN PARALLEL LANES),Day,144.96133999999995,-37.84559,PORT PHILLIP,METROPOLITAN NORTH WEST REGION,2,1,0,0,1,1,2,0,1,0,1,0,0,0,0,0,0,0,0,0,No,0,2,0,1,0,0,MELB_URBAN,MELB_URBAN,PORT PHILLIP,METROPOLITAN NORTH WEST REGION,MIDDLE PARK,2015,12,December
144.99588501041734,-37.83818224742323,3436918,15/12/2015,07.45.00,No,Collision with vehicle,Tuesday,RIGHT THROUGH,Day,144.99589,-37.83818,STONNINGTON,METROPOLITAN SOUTH EAST REGION,2,1,0,0,1,1,1,1,1,0,1,0,0,0,0,0,0,0,0,0,No,0,2,0,1,0,0,MELB_URBAN,MELB_URBAN,STONNINGTON,METROPOLITAN SOUTH EAST REGION,SOUTH YARRA,2015,12,December
144.28981918007514,-36.79397969946566,3436926,18/12/2015,22.00.00,Yes,Other accident,Friday,OTHER ACCIDENTS NOT CLASSIFIABLE ELSEWHERE,Dark Street lights on,144.28982,-36.79398,BENDIGO,NORTHERN REGION,1,1,0,1,0,0,1,0,1,0,0,0,0,0,0,0,0,0,0,0,No,0,1,0,0,0,0,LARGE_PROVINCIAL_CITIES,LARGE_PROVINCIAL_CITIES,BENDIGO,NORTHERN REGION,SPRING GULLY,2015,12,December
144.95146825855414,-37.80113999791283,3436928,7/12/2015,01.00.00,Yes,Collision with vehicle,Monday,LEFT TURN SIDESWIPE,Dark Street lights on,144.95147,-37.801140000000004,MELBOURNE,METROPOLITAN NORTH WEST REGION,2,1,0,1,0,1,1,0,1,0,1,0,0,0,0,0,0,0,0,0,No,0,2,0,1,0,0,MELB_URBAN,MELB_URBAN,MELBOURNE,METROPOLITAN NORTH WEST REGION,NORTH MELBOURNE,2015,12,December
144.9615822854509,-37.816932490891034,3436987,22/12/2015,15.20.00,No,Collision with vehicle,Monday,REAR END(VEHICLES IN SAME LANE),Day,144.96158,-37.81693,MELBOURNE,METROPOLITAN NORTH WEST REGION,2,1,0,1,0,1,2,0,1,0,1,0,0,0,0,0,0,0,0,0,No,0,2,0,1,0,0,MELBOURNE_CBD,MELBOURNE_CBD,MELBOURNE,METROPOLITAN NORTH WEST REGION,MELBOURNE,2015,12,December
145.00348018651786,-37.9517810596182,3437013,15/12/2015,17.44.00,No,Collision with vehicle,Tuesday,REAR END(VEHICLES IN SAME LANE),Day,145.00348,-37.95178,BAYSIDE,METROPOLITAN SOUTH EAST REGION,2,1,0,0,1,1,1,1,1,0,1,0,0,0,0,0,0,0,0,0,No,0,2,0,1,0,0,MELB_URBAN,MELB_URBAN,BAYSIDE,METROPOLITAN SOUTH EAST REGION,SANDRINGHAM,2015,12,December
144.97764018481027,-37.80312002014353,3437014,14/12/2015,17.15.00,Yes,Collision with vehicle,Sunday,U TURN,Day,144.97763999999995,-37.80312,YARRA,METROPOLITAN NORTH WEST REGION,2,1,0,0,1,1,1,0,1,0,0,0,0,0,1,0,0,0,0,0,No,0,2,0,0,0,0,MELB_URBAN,MELB_URBAN,YARRA,METROPOLITAN NORTH WEST REGION,FITZROY,2015,12,December
144.98790933313734,-37.86805331816864,3437024,16/12/2015,11.00.00,No,Collision with vehicle,Wednesday,VEHICLE STRIKES DOOR OF PARKED/STATIONARY VEHICLE,Day,144.98791,-37.86805,PORT PHILLIP,METROPOLITAN NORTH WEST REGION,2,1,0,0,1,1,0,1,1,0,1,0,0,0,0,0,0,0,0,0,No,0,2,0,1,0,0,MELB_URBAN,MELB_URBAN,PORT PHILLIP,METROPOLITAN NORTH WEST REGION,ST KILDA,2015,12,December
145.01298345026288,-37.82733810530874,3437063,30/12/2015,16.15.00,No,No collision and no object struck,Tuesday,OUT OF CONTROL ON CARRIAGEWAY (ON STRAIGHT),Day,145.01298,-37.82734,YARRA,METROPOLITAN NORTH WEST REGION,1,1,0,0,1,0,1,0,1,0,0,0,0,0,0,0,0,0,0,0,No,0,1,0,0,0,0,MELB_URBAN,MELB_URBAN,YARRA,METROPOLITAN NORTH WEST REGION,RICHMOND,2015,12,December
144.94879394143675,-37.77569235934887,3437065,16/12/2015,09.44.00,No,Collision with vehicle,Wednesday,VEHICLE OFF FOOTPATH STRIKES VEH ON CARRIAGEWAY,Day,144.94879,-37.775690000000004,MORELAND,METROPOLITAN NORTH WEST REGION,3,1,0,0,1,2,1,2,1,0,2,0,0,0,0,0,0,0,0,1,No,0,3,1,1,0,0,MELB_URBAN,MELB_URBAN,MORELAND,METROPOLITAN NORTH WEST REGION,BRUNSWICK WEST,2015,12,December
145.02878476153788,-37.62302552852953,3437101,22/12/2015,13.00.00,No,Collision with vehicle,Tuesday,RIGHT REAR.,Day,145.02878,-37.62303,WHITTLESEA,METROPOLITAN NORTH WEST REGION,3,1,0,1,0,2,1,0,1,0,0,0,0,0,2,0,0,0,0,0,No,0,2,0,0,0,0,MELB_URBAN,"RURAL_VICTORIA,MELB_URBAN",WHITTLESEA,METROPOLITAN NORTH WEST REGION,EPPING,2015,12,December
144.96135241994426,-37.77156056473375,3437129,11/12/2015,08.00.00,No,Collision with vehicle,Friday,LEFT TURN SIDESWIPE,Dusk/Dawn,144.96135,-37.77156,MORELAND,METROPOLITAN NORTH WEST REGION,2,1,0,0,1,1,1,0,1,0,0,0,0,0,1,0,0,0,0,0,No,0,2,0,0,0,0,MELB_URBAN,MELB_URBAN,MORELAND,METROPOLITAN NORTH WEST REGION,BRUNSWICK,2015,12,December
144.45304190512175,-37.25020054865408,3437160,11/12/2015,09.15.00,No,Collision with vehicle,Thursday,LEFT FAR (INTERSECTIONS ONLY),Day,144.45304,-37.2502,MACEDON RANGES,NORTHERN REGION,2,1,0,0,1,1,2,0,1,0,1,0,0,0,0,0,1,0,0,0,No,0,2,0,1,0,0,TOWNS,TOWNS,MACEDON RANGES,NORTHERN REGION,KYNETON,2015,12,December
144.963824280579,-37.81568875766992,3437163,9/12/2015,17.20.00,No,Collision with vehicle,Wednesday,VEHICLE STRIKES DOOR OF PARKED/STATIONARY VEHICLE,Day,144.96382,-37.815690000000004,MELBOURNE,METROPOLITAN NORTH WEST REGION,3,1,0,0,1,2,2,1,1,1,1,0,0,0,0,0,0,0,0,1,No,0,2,0,1,0,0,MELBOURNE_CBD,MELBOURNE_CBD,MELBOURNE,METROPOLITAN NORTH WEST REGION,MELBOURNE,2015,12,December
144.96955308799247,-37.80314488332329,3437170,16/12/2015,17.30.00,No,Collision with vehicle,Tuesday,RIGHT THROUGH,Day,144.96955,-37.80314,MELBOURNE,METROPOLITAN NORTH WEST REGION,2,1,0,0,1,1,0,2,1,0,1,0,0,0,0,0,0,0,0,0,No,0,2,0,1,0,0,MELB_URBAN,MELB_URBAN,MELBOURNE,METROPOLITAN NORTH WEST REGION,CARLTON,2015,12,December
144.99272876763186,-37.722459866243646,3437185,21/12/2015,14.33.00,No,Collision with vehicle,Sunday,VEHICLE OFF FOOTPATH STRIKES VEH ON CARRIAGEWAY,Day,144.99273,-37.72246,DAREBIN,METROPOLITAN NORTH WEST REGION,2,1,0,1,0,1,1,1,1,0,1,0,0,0,0,0,1,0,0,1,No,0,2,0,1,0,0,MELB_URBAN,MELB_URBAN,DAREBIN,METROPOLITAN NORTH WEST REGION,RESERVOIR,2015,12,December
145.12861004127194,-37.569870412447436,3437214,12/12/2015,13.40.00,No,Vehicle overturned (no collision),Saturday,OFF CARRIAGEWAY TO LEFT,Day,145.12861,-37.56987,WHITTLESEA,METROPOLITAN NORTH WEST REGION,2,1,0,0,1,1,2,0,1,0,1,0,0,0,0,0,0,0,0,0,No,0,2,0,1,0,0,MELB_URBAN,"RURAL_VICTORIA,MELB_URBAN",WHITTLESEA,METROPOLITAN NORTH WEST REGION,YAN YEAN,2015,12,December
145.07274918450932,-37.92287434105453,3437219,12/12/2015,16.00.00,Yes,Collision with vehicle,Friday,VEHICLE STRIKES ANOTHER VEH WHILE EMERGING FROM DRIVEWAY,Day,145.07275,-37.92287,GLEN EIRA,METROPOLITAN SOUTH EAST REGION,2,1,0,1,0,1,1,1,1,0,1,0,0,0,0,0,0,0,0,0,No,0,2,0,1,0,0,MELB_URBAN,MELB_URBAN,GLEN EIRA,METROPOLITAN SOUTH EAST REGION,BENTLEIGH EAST,2015,12,December
145.02589011132446,-37.83320008982604,3437237,21/12/2015,16.45.00,No,Collision with vehicle,Monday,VEHICLE COLLIDES WITH VEHICLE PARKED ON LEFT OF ROAD,Day,145.02589,-37.8332,YARRA,METROPOLITAN NORTH WEST REGION,2,1,0,1,0,1,1,0,1,0,1,0,0,0,0,0,1,0,0,0,No,0,2,0,1,0,0,MELB_URBAN,MELB_URBAN,YARRA,METROPOLITAN NORTH WEST REGION,BURNLEY,2015,12,December
144.98851971706569,-37.7510917026717,3437258,24/12/2015,14.00.00,No,Collision with vehicle,Thursday,VEHICLE STRIKES DOOR OF PARKED/STATIONARY VEHICLE,Day,144.98852,-37.75109000000001,DAREBIN,METROPOLITAN NORTH WEST REGION,2,1,0,0,1,1,1,1,1,0,1,0,0,0,0,0,0,0,0,0,No,0,2,0,1,0,0,MELB_URBAN,MELB_URBAN,DAREBIN,METROPOLITAN NORTH WEST REGION,PRESTON,2015,12,December
144.9570452251262,-37.825349408136454,3437289,9/12/2015,08.20.00,No,No collision and no object struck,Wednesday,OUT OF CONTROL ON CARRIAGEWAY (ON STRAIGHT),Unk.,144.95705,-37.82535,MELBOURNE,METROPOLITAN NORTH WEST REGION,2,1,0,0,1,1,1,0,1,0,0,0,0,0,1,0,0,0,0,0,No,0,2,0,0,0,0,MELB_URBAN,MELB_URBAN,MELBOURNE,METROPOLITAN NORTH WEST REGION,SOUTHBANK,2015,12,December
144.98070771883397,-37.798577357535294,3437291,22/12/2015,09.05.00,No,Collision with vehicle,Tuesday,LEFT TURN SIDESWIPE,Day,144.98071000000004,-37.79858,YARRA,METROPOLITAN NORTH WEST REGION,3,1,0,0,1,2,1,2,1,1,1,0,0,0,0,0,0,0,0,0,No,0,2,0,1,0,0,MELB_URBAN,MELB_URBAN,YARRA,METROPOLITAN NORTH WEST REGION,FITZROY,2015,12,December
144.96890262162304,-37.82933061775212,3437322,13/12/2015,09.30.00,Yes,Collision with vehicle,Sunday,LEFT NEAR (INTERSECTIONS ONLY),Day,144.9689,-37.82933,MELBOURNE,METROPOLITAN NORTH WEST REGION,2,1,0,0,1,1,2,0,1,0,1,0,0,0,0,0,0,0,0,0,No,0,2,0,1,0,0,MELB_URBAN,MELB_URBAN,MELBOURNE,METROPOLITAN NORTH WEST REGION,SOUTHBANK,2015,12,December
145.15201228675542,-37.85251646185467,3437324,13/12/2015,11.40.00,No,Collision with vehicle,Sunday,RIGHT THROUGH,Day,145.15201000000005,-37.85252,WHITEHORSE,METROPOLITAN SOUTH EAST REGION,7,3,0,0,3,4,2,3,1,4,2,0,0,0,0,0,0,0,0,1,No,0,3,0,2,0,0,MELB_URBAN,MELB_URBAN,WHITEHORSE,METROPOLITAN SOUTH EAST REGION,BURWOOD EAST,2015,12,December
144.92170057264127,-37.7667966616342,3437329,16/12/2015,15.48.00,No,Collision with vehicle,Tuesday,VEHICLE STRIKES DOOR OF PARKED/STATIONARY VEHICLE,Day,144.9217,-37.7668,MOONEE VALLEY,METROPOLITAN NORTH WEST REGION,3,1,0,0,1,2,2,1,1,1,1,0,0,0,0,0,0,0,0,1,No,0,2,0,1,0,0,MELB_URBAN,MELB_URBAN,MOONEE VALLEY,METROPOLITAN NORTH WEST REGION,MOONEE PONDS,2015,12,December
143.56217082279738,-35.3518699906047,3437334,16/12/2015,07.00.00,No,Collision with vehicle,Wednesday,VEHICLE COLLIDES WITH VEHICLE PARKED ON LEFT OF ROAD,Day,143.56217,-35.35187,SWAN HILL,NORTHERN REGION,1,1,0,0,1,0,1,0,1,0,0,0,0,0,0,0,0,0,0,0,No,0,2,0,1,0,0,TOWNS,TOWNS,SWAN HILL,NORTHERN REGION,SWAN HILL,2015,12,December
144.9639745260055,-37.822719513970156,3437351,27/12/2015,16.10.00,Yes,Collision with vehicle,Sunday,LEFT NEAR (INTERSECTIONS ONLY),Day,144.96397,-37.822720000000004,MELBOURNE,METROPOLITAN NORTH WEST REGION,2,1,0,1,0,1,2,0,1,0,1,0,0,0,0,0,0,0,0,0,No,0,2,0,1,0,0,MELB_URBAN,MELB_URBAN,MELBOURNE,METROPOLITAN NORTH WEST REGION,SOUTHBANK,2015,12,December
145.27973073083226,-37.903664070400936,3437369,13/12/2015,16.15.00,Yes,Collision with vehicle,Sunday,RIGHT FAR (INTERSECTIONS ONLY),Day,145.27973,-37.903659999999995,KNOX,METROPOLITAN SOUTH EAST REGION,2,2,0,0,2,0,2,0,1,0,1,0,0,0,0,0,1,0,0,0,No,0,2,0,1,0,0,MELB_URBAN,MELB_URBAN,KNOX,METROPOLITAN SOUTH EAST REGION,ROWVILLE,2015,12,December
144.9548527846416,-37.79950779792272,3437374,30/11/2015,12.45.00,No,Collision with vehicle,Monday,VEHICLE STRIKES DOOR OF PARKED/STATIONARY VEHICLE,Day,144.95485,-37.79951,MELBOURNE,METROPOLITAN NORTH WEST REGION,2,1,0,0,1,1,1,1,1,0,1,0,0,0,0,0,0,0,0,0,No,0,2,0,1,0,0,MELB_URBAN,MELB_URBAN,MELBOURNE,METROPOLITAN NORTH WEST REGION,NORTH MELBOURNE,2015,11,November
145.03806997805222,-37.65018001630536,3437377,16/12/2015,13.45.00,No,Collision with vehicle,Wednesday,VEHICLE STRIKES ANOTHER VEH WHILE EMERGING FROM DRIVEWAY,Day,145.03807,-37.65018,WHITTLESEA,METROPOLITAN NORTH WEST REGION,2,1,0,1,0,1,0,2,1,0,1,0,0,0,0,0,0,0,0,1,No,0,2,0,1,0,0,MELB_URBAN,MELB_URBAN,WHITTLESEA,METROPOLITAN NORTH WEST REGION,EPPING,2015,12,December
145.05512513752345,-37.89939740135413,3437383,17/12/2015,17.45.00,No,Collision with vehicle,Thursday,CROSS TRAFFIC(INTERSECTIONS ONLY),Day,145.05513,-37.8994,GLEN EIRA,METROPOLITAN SOUTH EAST REGION,2,1,0,0,1,1,0,2,1,0,1,0,0,0,0,0,0,0,0,0,No,0,2,0,1,0,0,MELB_URBAN,MELB_URBAN,GLEN EIRA,METROPOLITAN SOUTH EAST REGION,CARNEGIE,2015,12,December
144.9112101861662,-37.753940870281966,3437387,17/12/2015,15.10.00,No,Collision with vehicle,Wednesday,CROSS TRAFFIC(INTERSECTIONS ONLY),Day,144.91121,-37.75394,MOONEE VALLEY,METROPOLITAN NORTH WEST REGION,2,1,0,0,1,1,0,1,1,0,1,0,0,0,0,0,0,0,0,0,No,0,2,0,1,0,0,MELB_URBAN,MELB_URBAN,MOONEE VALLEY,METROPOLITAN NORTH WEST REGION,ESSENDON,2015,12,December
144.23113066892037,-38.37255647768145,3437390,19/12/2015,06.44.00,Yes,collision with some other object,Saturday,STRUCK OBJECT ON CARRIAGEWAY,Dusk/Dawn,144.23113,-38.37256,SURF COAST,SOUTH WESTERN REGION,1,1,0,1,0,0,0,1,1,0,0,0,0,0,0,0,0,0,0,0,No,0,1,0,0,0,0,RURAL_VICTORIA,RURAL_VICTORIA,SURF COAST,SOUTH WESTERN REGION,ANGLESEA,2015,12,December
144.9546184708166,-37.7993212094862,3437394,22/12/2015,15.45.00,No,Collision with vehicle,Tuesday,VEHICLE STRIKES DOOR OF PARKED/STATIONARY VEHICLE,Day,144.95462,-37.79932,MELBOURNE,METROPOLITAN NORTH WEST REGION,2,1,0,0,1,1,1,1,1,0,1,0,0,0,0,0,0,0,0,0,No,0,2,0,1,0,0,MELB_URBAN,MELB_URBAN,MELBOURNE,METROPOLITAN NORTH WEST REGION,PARKVILLE,2015,12,December
144.97993057592237,-37.866997251846094,3437404,28/12/2015,09.50.00,No,Collision with vehicle,Monday,REAR END(VEHICLES IN SAME LANE),Day,144.97993,-37.867,PORT PHILLIP,METROPOLITAN NORTH WEST REGION,3,1,0,0,1,2,3,0,1,1,1,0,0,0,0,0,0,0,0,1,No,0,2,0,1,0,0,MELB_URBAN,MELB_URBAN,PORT PHILLIP,METROPOLITAN NORTH WEST REGION,ST KILDA,2015,12,December
145.11222672485755,-38.15252320765377,3437409,28/12/2015,13.30.00,No,Collision with vehicle,Monday,RIGHT THROUGH,Day,145.11223,-38.15252,FRANKSTON,METROPOLITAN SOUTH EAST REGION,6,1,0,1,0,5,5,1,1,4,1,0,0,0,0,0,0,0,0,0,No,0,2,0,1,0,0,MELB_URBAN,MELB_URBAN,FRANKSTON,METROPOLITAN SOUTH EAST REGION,FRANKSTON,2015,12,December
145.14351986205298,-38.13367996170525,3437415,16/12/2015,15.00.00,No,Collision with vehicle,Wednesday,VEHICLE COLLIDES WITH VEHICLE PARKED ON LEFT OF ROAD,Day,145.14352,-38.13368,FRANKSTON,METROPOLITAN SOUTH EAST REGION,1,1,0,1,0,0,1,0,1,0,0,0,0,0,0,0,1,0,0,0,No,0,2,0,1,0,0,MELB_URBAN,MELB_URBAN,FRANKSTON,METROPOLITAN SOUTH EAST REGION,FRANKSTON,2015,12,December
144.9852182263711,-37.7934598137626,3437421,11/12/2015,10.55.00,No,Collision with vehicle,Friday,RIGHT THROUGH,Day,144.98522,-37.793459999999996,YARRA,METROPOLITAN NORTH WEST REGION,2,1,0,0,1,1,2,0,1,0,1,0,0,0,0,0,1,0,0,0,No,0,2,0,1,0,0,MELB_URBAN,MELB_URBAN,YARRA,METROPOLITAN NORTH WEST REGION,CLIFTON HILL,2015,12,December
144.95177886494957,-37.84932147630129,3437422,13/12/2015,09.00.00,Yes,Collision with vehicle,Sunday,REAR END(VEHICLES IN SAME LANE),Day,144.95178,-37.84932,PORT PHILLIP,METROPOLITAN NORTH WEST REGION,2,1,0,0,1,1,2,0,1,0,1,0,0,0,0,0,0,0,0,0,No,0,2,0,1,0,0,MELB_URBAN,MELB_URBAN,PORT PHILLIP,METROPOLITAN NORTH WEST REGION,ALBERT PARK,2015,12,December
144.95168595651825,-37.80816310030081,3437427,2/7/2015,16.00.00,No,Collision with vehicle,Wednesday,VEHICLE STRIKES DOOR OF PARKED/STATIONARY VEHICLE,Dusk/Dawn,144.95168999999999,-37.80816,MELBOURNE,METROPOLITAN NORTH WEST REGION,2,1,0,1,0,1,1,0,1,0,0,0,0,0,1,0,0,0,0,0,No,0,2,0,0,0,0,MELB_URBAN,MELB_URBAN,MELBOURNE,METROPOLITAN NORTH WEST REGION,WEST MELBOURNE,2015,7,July
145.0111845603122,-37.69634281245543,3437431,17/12/2015,15.34.00,No,Collision with vehicle,Thursday,VEHICLE OFF FOOTPATH STRIKES VEH ON CARRIAGEWAY,Day,145.01118,-37.69634,DAREBIN,METROPOLITAN NORTH WEST REGION,2,1,0,0,1,1,0,2,1,0,1,0,0,0,0,0,0,0,0,0,No,0,2,0,1,0,0,MELB_URBAN,MELB_URBAN,DAREBIN,METROPOLITAN NORTH WEST REGION,RESERVOIR,2015,12,December
144.94470812559481,-37.796180949184944,3437439,18/12/2015,07.35.00,No,Collision with vehicle,Friday,RIGHT FAR (INTERSECTIONS ONLY),Day,144.94471000000001,-37.79618,MELBOURNE,METROPOLITAN NORTH WEST REGION,2,1,0,0,1,1,0,2,1,0,1,0,0,0,0,0,0,0,0,0,No,0,2,0,1,0,0,MELB_URBAN,MELB_URBAN,MELBOURNE,METROPOLITAN NORTH WEST REGION,NORTH MELBOURNE,2015,12,December
144.6862127914945,-37.88287832241281,3437441,2/12/2015,08.25.00,No,Collision with vehicle,Wednesday,OTHER ACCIDENTS NOT CLASSIFIABLE ELSEWHERE,Day,144.68621000000005,-37.88288,WYNDHAM,METROPOLITAN NORTH WEST REGION,2,1,0,1,0,1,2,0,1,0,1,0,0,0,0,0,0,0,0,1,No,0,2,0,1,0,0,MELB_URBAN,MELB_URBAN,WYNDHAM,METROPOLITAN NORTH WEST REGION,HOPPERS CROSSING,2015,12,December
144.8113586610406,-37.72569392185253,3437443,22/12/2015,19.44.00,Yes,Collision with vehicle,Tuesday,LEFT NEAR (INTERSECTIONS ONLY),Dusk/Dawn,144.81136,-37.72569,BRIMBANK,METROPOLITAN NORTH WEST REGION,3,1,0,0,1,2,2,1,2,0,1,0,0,0,0,1,0,0,0,0,No,0,3,0,1,0,0,MELB_URBAN,MELB_URBAN,BRIMBANK,METROPOLITAN NORTH WEST REGION,KEILOR DOWNS,2015,12,December
145.02834067876302,-37.86237361311199,3437459,28/12/2015,13.30.00,No,Collision with vehicle,Sunday,ENTERING PARKING,Day,145.02834,-37.86237,STONNINGTON,METROPOLITAN SOUTH EAST REGION,2,1,0,1,0,1,0,2,1,0,1,0,0,0,0,0,0,0,0,0,No,0,2,0,1,0,0,MELB_URBAN,MELB_URBAN,STONNINGTON,METROPOLITAN SOUTH EAST REGION,MALVERN,2015,12,December
145.14804241588752,-38.140490666810585,3437460,28/12/2015,17.00.00,No,Collision with vehicle,Monday,VEHICLE STRIKES ANOTHER VEH WHILE EMERGING FROM DRIVEWAY,Day,145.14803999999995,-38.14049,FRANKSTON,METROPOLITAN SOUTH EAST REGION,2,1,0,0,1,1,1,0,1,0,1,0,0,0,0,1,0,0,0,0,No,0,2,0,1,0,0,MELB_URBAN,MELB_URBAN,FRANKSTON,METROPOLITAN SOUTH EAST REGION,FRANKSTON,2015,12,December
145.41580805297872,-36.36839402291217,3437473,13/12/2015,19.10.00,Yes,Collision with vehicle,Sunday,CROSS TRAFFIC(INTERSECTIONS ONLY),Dusk/Dawn,145.41581000000005,-36.36839000000001,SHEPPARTON,NORTH EASTERN REGION,2,1,0,0,1,1,1,1,1,0,1,0,0,0,0,0,0,0,0,0,No,0,2,0,1,0,0,SMALL_CITIES,SMALL_CITIES,SHEPPARTON,NORTH EASTERN REGION,SHEPPARTON,2015,12,December
145.0200024826359,-37.80674740691516,3437501,22/12/2015,07.15.00,No,Collision with vehicle,Tuesday,LEFT TURN SIDESWIPE,Day,145.02,-37.80675,BOROONDARA,METROPOLITAN SOUTH EAST REGION,2,1,0,0,1,1,1,0,1,0,0,0,0,0,1,0,0,0,0,0,No,0,2,0,0,0,0,MELB_URBAN,MELB_URBAN,BOROONDARA,METROPOLITAN SOUTH EAST REGION,KEW,2015,12,December
144.9733661014633,-37.820134496395404,3437504,21/12/2015,08.30.00,Yes,Collision with vehicle,Sunday,VEHICLE COLLIDES WITH VEHICLE PARKED ON LEFT OF ROAD,Day,144.97337,-37.82013,MELBOURNE,METROPOLITAN NORTH WEST REGION,1,1,0,1,0,0,1,0,1,0,0,0,0,0,0,0,0,0,0,0,No,0,3,0,1,0,0,MELB_URBAN,MELB_URBAN,MELBOURNE,METROPOLITAN NORTH WEST REGION,MELBOURNE,2015,12,December
145.07017735974722,-37.753519697509496,3437510,29/12/2015,09.50.00,No,No collision and no object struck,Tuesday,OUT OF CONTROL ON CARRIAGEWAY (ON STRAIGHT),Day,145.07018,-37.75352,BANYULE,METROPOLITAN NORTH WEST REGION,1,1,0,1,0,0,0,1,1,0,0,0,0,0,0,0,0,0,0,0,No,0,1,0,0,0,0,MELB_URBAN,MELB_URBAN,BANYULE,METROPOLITAN NORTH WEST REGION,HEIDELBERG,2015,12,December
144.97872585613925,-37.776251646436094,3437511,22/12/2015,14.20.00,No,Collision with vehicle,Tuesday,RIGHT THROUGH,Day,144.97873,-37.77625,MORELAND,METROPOLITAN NORTH WEST REGION,2,1,0,0,1,1,1,1,1,0,1,0,0,0,0,0,0,0,0,0,No,0,2,0,1,0,0,MELB_URBAN,MELB_URBAN,"YARRA,MORELAND",METROPOLITAN NORTH WEST REGION,FITZROY NORTH,2015,12,December
145.09573511907155,-37.6006357111612,3437512,29/12/2015,09.10.00,No,Collision with vehicle,Tuesday,CROSS TRAFFIC(INTERSECTIONS ONLY),Day,145.09573999999995,-37.60064000000001,WHITTLESEA,METROPOLITAN NORTH WEST REGION,2,1,0,0,1,1,1,1,1,0,1,0,0,0,0,0,0,0,0,0,No,0,2,0,1,0,0,MELB_URBAN,MELB_URBAN,WHITTLESEA,METROPOLITAN NORTH WEST REGION,MERNDA,2015,12,December
145.11948921587475,-38.06020146817839,3437513,19/12/2015,09.00.00,No,Collision with vehicle,Friday,RIGHT NEAR (INTERSECTIONS ONLY),Day,145.11948999999996,-38.0602,KINGSTON,METROPOLITAN SOUTH EAST REGION,2,1,0,0,1,1,2,0,1,0,1,0,0,0,0,0,0,0,0,0,No,0,2,0,1,0,0,MELB_URBAN,MELB_URBAN,KINGSTON,METROPOLITAN SOUTH EAST REGION,BONBEACH,2015,12,December
144.96305237602428,-37.83229105350717,3437527,14/12/2015,14.00.00,No,Collision with vehicle,Monday,CROSS TRAFFIC(INTERSECTIONS ONLY),Day,144.96305,-37.83229,PORT PHILLIP,METROPOLITAN NORTH WEST REGION,2,1,0,0,1,1,2,0,1,0,1,0,0,0,0,0,0,0,0,0,No,0,2,0,1,0,0,MELB_URBAN,MELB_URBAN,PORT PHILLIP,METROPOLITAN NORTH WEST REGION,SOUTH MELBOURNE,2015,12,December
144.99311335955585,-37.853230402787226,3437529,14/12/2015,12.45.00,No,Collision with vehicle,Monday,ENTERING PARKING,Day,144.99311,-37.853229999999996,STONNINGTON,METROPOLITAN SOUTH EAST REGION,2,1,0,0,1,1,2,0,1,0,1,0,0,0,0,0,0,0,0,0,No,0,2,0,1,0,0,MELB_URBAN,MELB_URBAN,STONNINGTON,METROPOLITAN SOUTH EAST REGION,WINDSOR,2015,12,December
144.9823187815272,-37.854660654686505,3437534,17/12/2015,17.30.00,No,Collision with vehicle,Thursday,LANE CHANGE LEFT (NOT OVERTAKING),Day,144.98232,-37.854659999999996,PORT PHILLIP,METROPOLITAN NORTH WEST REGION,2,1,0,0,1,1,1,1,1,0,1,0,0,0,0,0,0,0,0,0,No,0,2,0,1,0,0,MELB_URBAN,MELB_URBAN,PORT PHILLIP,METROPOLITAN NORTH WEST REGION,ST KILDA,2015,12,December
145.00312462977277,-37.87755196321029,3437541,18/12/2015,08.00.00,No,Collision with vehicle,Friday,RIGHT THROUGH,Day,145.00312,-37.87755,GLEN EIRA,METROPOLITAN SOUTH EAST REGION,2,1,0,0,1,1,2,0,1,0,1,0,0,0,0,0,0,0,0,0,No,0,2,0,1,0,0,MELB_URBAN,MELB_URBAN,GLEN EIRA,METROPOLITAN SOUTH EAST REGION,ST KILDA EAST,2015,12,December
145.10071985055626,-37.86669082854813,3437551,23/12/2015,16.03.00,No,Collision with vehicle,Wednesday,VEHICLE OFF FOOTPATH STRIKES VEH ON CARRIAGEWAY,Day,145.10072,-37.86669000000001,MONASH,METROPOLITAN SOUTH EAST REGION,2,1,0,1,0,1,1,1,1,0,1,0,0,0,0,0,0,0,0,0,No,0,2,0,1,0,0,MELB_URBAN,MELB_URBAN,MONASH,METROPOLITAN SOUTH EAST REGION,ASHWOOD,2015,12,December