X,Y,OBJECTID,ACCIDENT_DATE,ACCIDENT_TIME,ALCOHOLTIME,ACCIDENT_TYPE,DAY_OF_WEEK,DCA_CODE,LIGHT_CONDITION,LONGITUDE,LATITUDE,LGA_NAME,REGION_NAME,TOTAL_PERSONS,INJ_OR_FATAL,FATALITY,SERIOUSINJURY,OTHERINJURY,NONINJURED,MALES,FEMALES,BICYCLIST,PASSENGER,DRIVER,PEDESTRIAN,PILLION,MOTORIST,UNKNOWN,PED_CYCLIST_5_12,PED_CYCLIST_13_18,OLD_PEDESTRIAN,OLD_DRIVER,YOUNG_DRIVER,ALCOHOL_RELATED,UNLICENCSED,NO_OF_VEHICLES,HEAVYVEHICLE,PASSENGERVEHICLE,MOTORCYCLE,PUBLICVEHICLE,DEG_URBAN_NAME,DEG_URBAN_ALL,LGA_NAME_ALL,REGION_NAME_ALL,Suburb,Year,Month,Month_name
144.99855876625602,-37.822119862983506,3438830,2/2/2016,16.30.00,No,Collision with vehicle,Tuesday,VEHICLE STRIKES DOOR OF PARKED/STATIONARY VEHICLE,Day,144.99856,-37.82212,YARRA,METROPOLITAN NORTH WEST REGION,3,1,0,1,0,2,2,1,1,0,2,0,0,0,0,0,0,0,0,0,No,0,3,0,2,0,0,MELB_URBAN,MELB_URBAN,YARRA,METROPOLITAN NORTH WEST REGION,RICHMOND,2016,2,February
144.80969621574988,-37.72455814781471,3438833,8/2/2016,09.15.00,No,Collision with vehicle,Monday,LEFT NEAR (INTERSECTIONS ONLY),Day,144.8097,-37.72456,BRIMBANK,METROPOLITAN NORTH WEST REGION,2,1,0,0,1,1,1,1,1,0,1,0,0,0,0,0,0,0,0,0,No,0,2,0,1,0,0,MELB_URBAN,MELB_URBAN,BRIMBANK,METROPOLITAN NORTH WEST REGION,KEILOR DOWNS,2016,2,February
145.1529409670853,-37.87118011423181,3438846,22/1/2016,21.30.00,Yes,Collision with vehicle,Friday,VEHICLE COLLIDES WITH VEHICLE PARKED ON LEFT OF ROAD,Dark No street lights,145.15294,-37.871179999999995,MONASH,METROPOLITAN SOUTH EAST REGION,1,1,0,0,1,0,1,0,1,0,0,0,0,0,0,0,1,0,0,0,No,0,2,0,1,0,0,MELB_URBAN,MELB_URBAN,MONASH,METROPOLITAN SOUTH EAST REGION,GLEN WAVERLEY,2016,1,January
144.3280391731063,-38.121951616118906,3438859,28/1/2016,20.30.00,Yes,Collision with vehicle,Thursday,RIGHT THROUGH,Dusk/Dawn,144.32804,-38.12195,GEELONG,SOUTH WESTERN REGION,2,1,0,0,1,1,2,0,1,0,1,0,0,0,0,0,0,0,0,0,No,0,2,1,0,0,0,LARGE_PROVINCIAL_CITIES,LARGE_PROVINCIAL_CITIES,GEELONG,SOUTH WESTERN REGION,HAMLYN HEIGHTS,2016,1,January
144.35560682264932,-38.18776369824531,3438869,29/1/2016,06.13.00,No,Collision with vehicle,Thursday,LEFT NEAR (INTERSECTIONS ONLY),Dusk/Dawn,144.35561,-38.18776,GEELONG,SOUTH WESTERN REGION,2,1,0,0,1,1,2,0,1,0,1,0,0,0,0,0,0,0,0,0,No,0,2,0,1,0,0,LARGE_PROVINCIAL_CITIES,LARGE_PROVINCIAL_CITIES,GEELONG,SOUTH WESTERN REGION,MARSHALL,2016,1,January
144.98722142159525,-37.85105694018167,3438877,3/2/2016,17.40.00,No,Collision with vehicle,Tuesday,RIGHT THROUGH,Day,144.98722,-37.85106,STONNINGTON,METROPOLITAN SOUTH EAST REGION,2,1,0,0,1,1,0,2,1,0,1,0,0,0,0,0,0,0,0,1,No,0,2,0,1,0,0,MELB_URBAN,MELB_URBAN,STONNINGTON,METROPOLITAN SOUTH EAST REGION,WINDSOR,2016,2,February
144.98317244227198,-37.805330258269,3438884,18/1/2016,14.40.00,No,Collision with vehicle,Monday,VEHICLE STRIKES DOOR OF PARKED/STATIONARY VEHICLE,Day,144.98317,-37.80533,YARRA,METROPOLITAN NORTH WEST REGION,2,1,0,0,1,1,2,0,1,0,1,0,0,0,0,0,0,0,0,0,No,0,2,0,1,0,0,MELB_URBAN,MELB_URBAN,YARRA,METROPOLITAN NORTH WEST REGION,FITZROY,2016,1,January
145.0125658070103,-37.89868949683197,3438905,29/12/2015,12.00.00,No,Collision with vehicle,Tuesday,VEHICLE STRIKES DOOR OF PARKED/STATIONARY VEHICLE,Day,145.01256999999995,-37.89869,GLEN EIRA,METROPOLITAN SOUTH EAST REGION,2,1,0,0,1,1,1,1,1,0,1,0,0,0,0,0,0,0,0,0,No,0,2,0,1,0,0,MELB_URBAN,MELB_URBAN,GLEN EIRA,METROPOLITAN SOUTH EAST REGION,CAULFIELD SOUTH,2015,12,December
143.89403897463032,-37.56701423840316,3438922,28/1/2016,19.55.00,Yes,Collision with vehicle,Thursday,RIGHT FAR (INTERSECTIONS ONLY),Dusk/Dawn,143.89404,-37.567009999999996,BALLARAT,WESTERN REGION,2,1,0,1,0,1,1,0,1,0,1,0,0,0,0,0,0,0,0,0,No,0,2,0,1,0,0,LARGE_PROVINCIAL_CITIES,LARGE_PROVINCIAL_CITIES,BALLARAT,WESTERN REGION,BALLARAT EAST,2016,1,January
145.1075964409009,-37.8896995642123,3438942,8/2/2016,17.00.00,No,No collision and no object struck,Monday,OUT OF CONTROL ON CARRIAGEWAY (ON STRAIGHT),Unk.,145.1076,-37.8897,MONASH,METROPOLITAN SOUTH EAST REGION,2,1,0,0,1,1,1,0,1,0,1,0,0,0,0,0,0,0,0,0,No,0,2,0,1,0,0,MELB_URBAN,MELB_URBAN,MONASH,METROPOLITAN SOUTH EAST REGION,MOUNT WAVERLEY,2016,2,February
144.73876533533326,-37.7488822383525,3438959,24/1/2016,13.55.00,No,No collision and no object struck,Sunday,OUT OF CONTROL ON CARRIAGEWAY (ON STRAIGHT),Day,144.73877,-37.74888,MELTON,METROPOLITAN NORTH WEST REGION,2,1,0,1,0,1,0,1,1,0,0,0,0,0,1,0,0,0,0,0,No,0,2,0,0,0,0,MELB_URBAN,MELB_URBAN,MELTON,METROPOLITAN NORTH WEST REGION,CAROLINE SPRINGS,2016,1,January
144.71983719041526,-38.32470525135298,3438995,9/2/2016,08.15.00,No,Collision with vehicle,Tuesday,LEFT TURN SIDESWIPE,Day,144.71983999999995,-38.324709999999996,MORNINGTON PENINSULA,METROPOLITAN SOUTH EAST REGION,2,2,1,0,1,0,2,0,2,0,0,0,0,0,0,0,0,0,0,0,No,0,2,0,0,0,0,MELB_URBAN,MELB_URBAN,MORNINGTON PENINSULA,METROPOLITAN SOUTH EAST REGION,PORTSEA,2016,2,February
145.1562183478051,-37.817724251917475,3438996,9/2/2016,06.21.00,No,Collision with vehicle,Tuesday,RIGHT THROUGH,Day,145.15622,-37.81772,WHITEHORSE,METROPOLITAN SOUTH EAST REGION,2,1,0,0,1,1,2,0,1,0,1,0,0,0,0,0,0,0,0,0,No,0,2,0,1,0,0,MELB_URBAN,MELB_URBAN,WHITEHORSE,METROPOLITAN SOUTH EAST REGION,BLACKBURN,2016,2,February
144.96555882731363,-37.82330404395196,3438997,9/2/2016,11.30.00,No,Collision with vehicle,Tuesday,VEHICLE STRIKES DOOR OF PARKED/STATIONARY VEHICLE,Day,144.96556,-37.8233,MELBOURNE,METROPOLITAN NORTH WEST REGION,2,1,0,0,1,1,2,0,1,0,1,0,0,0,0,0,0,0,0,0,No,0,2,0,1,0,0,MELB_URBAN,MELB_URBAN,MELBOURNE,METROPOLITAN NORTH WEST REGION,SOUTHBANK,2016,2,February
145.40333394625532,-36.38162117869397,3439009,24/1/2016,15.13.00,No,Collision with vehicle,,CROSS TRAFFIC(INTERSECTIONS ONLY),Day,145.40333,-36.38162,SHEPPARTON,NORTH EASTERN REGION,2,1,0,0,1,1,1,0,1,0,0,0,0,0,1,0,0,0,0,0,No,0,2,0,0,0,0,SMALL_CITIES,SMALL_CITIES,SHEPPARTON,NORTH EASTERN REGION,SHEPPARTON,2016,1,January
145.03151969978012,-37.82216156651371,3439026,29/1/2016,16.05.00,Yes,Struck Pedestrian,Friday,PED EMERGES FROM IN FRONT OF PARKED OR STATIONARY VEHICLE,Day,145.03152,-37.82216,BOROONDARA,METROPOLITAN SOUTH EAST REGION,2,2,0,1,1,0,2,0,1,0,0,1,0,0,0,0,0,1,0,0,No,0,1,0,0,0,0,MELB_URBAN,MELB_URBAN,BOROONDARA,METROPOLITAN SOUTH EAST REGION,HAWTHORN,2016,1,January
144.97976106792018,-37.78543825815241,3439030,4/2/2016,14.00.00,No,Collision with vehicle,Wednesday,CROSS TRAFFIC(INTERSECTIONS ONLY),Day,144.97976,-37.78544,YARRA,METROPOLITAN NORTH WEST REGION,2,1,0,0,1,1,1,1,1,0,1,0,0,0,0,0,0,0,0,0,No,0,2,0,1,0,0,MELB_URBAN,MELB_URBAN,YARRA,METROPOLITAN NORTH WEST REGION,FITZROY NORTH,2016,2,February
144.33178986149804,-38.10941993084957,3439034,4/2/2016,16.20.00,No,Collision with vehicle,Thursday,VEHICLE OFF FOOTPATH STRIKES VEH ON CARRIAGEWAY,Day,144.33178999999996,-38.10942,GEELONG,SOUTH WESTERN REGION,2,1,0,0,1,1,0,2,1,0,1,0,0,0,0,0,0,0,0,0,No,0,2,0,1,0,0,LARGE_PROVINCIAL_CITIES,LARGE_PROVINCIAL_CITIES,GEELONG,SOUTH WESTERN REGION,BELL POST HILL,2016,2,February
145.03944826193188,-37.87554133084832,3439038,4/2/2016,19.00.00,Yes,Collision with vehicle,Thursday,REAR END(VEHICLES IN SAME LANE),Day,145.03945,-37.87554,GLEN EIRA,METROPOLITAN SOUTH EAST REGION,2,1,0,0,1,1,1,1,1,0,1,0,0,0,0,0,0,0,0,0,No,0,2,0,1,0,0,MELB_URBAN,MELB_URBAN,GLEN EIRA,METROPOLITAN SOUTH EAST REGION,CAULFIELD NORTH,2016,2,February
144.93435853113115,-37.788569393464776,3439044,9/2/2016,08.30.00,No,Collision with vehicle,Tuesday,RIGHT THROUGH,Day,144.93436,-37.78857,MELBOURNE,METROPOLITAN NORTH WEST REGION,2,1,0,0,1,1,1,1,1,0,1,0,0,0,0,0,0,0,0,0,No,0,2,0,1,0,0,MELB_URBAN,MELB_URBAN,"MOONEE VALLEY,MELBOURNE",METROPOLITAN NORTH WEST REGION,KENSINGTON,2016,2,February
144.98718000397372,-37.92559000043171,3439052,9/2/2016,15.10.00,No,Collision with vehicle,Tuesday,VEHICLE STRIKES ANOTHER VEH WHILE EMERGING FROM DRIVEWAY,Day,144.98718,-37.92559,BAYSIDE,METROPOLITAN SOUTH EAST REGION,2,1,0,0,1,1,1,1,1,0,1,0,0,0,0,0,0,0,0,0,No,0,2,0,1,0,0,MELB_URBAN,MELB_URBAN,BAYSIDE,METROPOLITAN SOUTH EAST REGION,BRIGHTON,2016,2,February
144.98225974885358,-37.834111217468575,3439086,4/2/2016,07.55.00,No,No collision and no object struck,Thursday,OUT OF CONTROL ON CARRIAGEWAY (ON STRAIGHT),Dusk/Dawn,144.98226,-37.834109999999995,MELBOURNE,METROPOLITAN NORTH WEST REGION,2,1,0,1,0,1,1,0,1,0,0,0,0,0,1,0,0,0,0,0,No,0,2,0,0,0,0,MELB_URBAN,MELB_URBAN,MELBOURNE,METROPOLITAN NORTH WEST REGION,MELBOURNE,2016,2,February
145.11184609196715,-37.76102502389541,3439088,3/2/2016,06.50.00,No,Collision with vehicle,Wednesday,LEFT NEAR (INTERSECTIONS ONLY),Day,145.11185,-37.76103,MANNINGHAM,METROPOLITAN SOUTH EAST REGION,2,1,0,0,1,1,2,0,1,0,1,0,0,0,0,0,0,0,0,0,No,0,2,0,1,0,0,MELB_URBAN,MELB_URBAN,MANNINGHAM,METROPOLITAN SOUTH EAST REGION,TEMPLESTOWE LOWER,2016,2,February
144.9954421436854,-37.840370270066174,3439089,6/1/2016,16.32.00,No,No collision and no object struck,Wednesday,OUT OF CONTROL (OVERTAKING),Day,144.99544,-37.84037,STONNINGTON,METROPOLITAN SOUTH EAST REGION,1,1,0,0,1,0,0,1,1,0,0,0,0,0,0,0,0,0,0,0,No,0,1,0,0,0,0,MELB_URBAN,MELB_URBAN,STONNINGTON,METROPOLITAN SOUTH EAST REGION,SOUTH YARRA,2016,1,January
145.00321116769297,-37.81082513853465,3439092,5/2/2016,08.55.00,No,Collision with vehicle,Friday,VEHICLE OFF FOOTPATH STRIKES VEH ON CARRIAGEWAY,Day,145.00321,-37.810829999999996,YARRA,METROPOLITAN NORTH WEST REGION,2,1,0,0,1,1,1,1,1,0,1,0,0,0,0,1,0,0,0,0,No,0,2,0,1,0,0,MELB_URBAN,MELB_URBAN,YARRA,METROPOLITAN NORTH WEST REGION,RICHMOND,2016,2,February
145.07086542977953,-37.82975870236913,3439101,9/2/2016,16.52.00,No,Collision with vehicle,Tuesday,RIGHT THROUGH,Day,145.07086999999999,-37.82976,BOROONDARA,METROPOLITAN SOUTH EAST REGION,2,1,0,0,1,1,1,0,1,0,1,0,0,0,0,0,0,0,0,0,No,0,2,0,1,0,0,MELB_URBAN,MELB_URBAN,BOROONDARA,METROPOLITAN SOUTH EAST REGION,CAMBERWELL,2016,2,February
145.22065317330836,-37.98559808447742,3439103,9/2/2016,15.30.00,No,Collision with vehicle,Tuesday,OTHER ACCIDENTS-OFF STRAIGHT NOT INCLUDED IN DCAs 170-175,Day,145.22065,-37.9856,DANDENONG,METROPOLITAN SOUTH EAST REGION,2,1,0,1,0,1,1,0,1,0,1,0,0,0,0,0,0,0,0,0,No,0,2,0,1,0,0,MELB_URBAN,MELB_URBAN,DANDENONG,METROPOLITAN SOUTH EAST REGION,DANDENONG,2016,2,February
144.90852480617662,-37.76807021030453,3439104,30/1/2016,16.00.00,Yes,Collision with vehicle,Friday,CROSS TRAFFIC(INTERSECTIONS ONLY),Day,144.90851999999995,-37.76807,MOONEE VALLEY,METROPOLITAN NORTH WEST REGION,2,1,0,0,1,1,1,1,1,0,1,0,0,0,0,0,0,0,0,0,No,0,2,0,1,0,0,MELB_URBAN,MELB_URBAN,MOONEE VALLEY,METROPOLITAN NORTH WEST REGION,MOONEE PONDS,2016,1,January
144.57823158164626,-37.68608308104425,3439110,25/1/2016,16.25.00,No,Collision with vehicle,Monday,LEFT NEAR (INTERSECTIONS ONLY),Day,144.57823,-37.68608,MELTON,METROPOLITAN NORTH WEST REGION,2,1,0,1,0,1,1,1,1,0,1,0,0,0,0,0,0,0,0,0,No,0,2,0,1,0,0,SMALL_CITIES,SMALL_CITIES,MELTON,METROPOLITAN NORTH WEST REGION,MELTON,2016,1,January
144.33409717293517,-38.12048140249042,3439114,25/1/2016,18.05.00,Yes,Collision with vehicle,Monday,VEHICLE STRIKES ANOTHER VEH WHILE EMERGING FROM DRIVEWAY,Day,144.3341,-38.12048,GEELONG,SOUTH WESTERN REGION,2,1,0,0,1,1,2,0,1,0,1,0,0,0,0,0,0,0,1,0,No,0,2,0,1,0,0,LARGE_PROVINCIAL_CITIES,LARGE_PROVINCIAL_CITIES,GEELONG,SOUTH WESTERN REGION,NORTH GEELONG,2016,1,January
144.32208073645413,-38.33786619490713,3439124,30/1/2016,12.00.00,No,Collision with vehicle,Friday,LEFT TURN SIDESWIPE,Day,144.32208,-38.33787,SURF COAST,SOUTH WESTERN REGION,2,1,0,0,1,1,1,1,1,0,1,0,0,0,0,0,0,0,0,0,No,0,2,0,1,0,0,SMALL_CITIES,SMALL_CITIES,SURF COAST,SOUTH WESTERN REGION,TORQUAY,2016,1,January
145.09554096032352,-37.60087067846036,3439128,30/1/2016,11.04.00,No,Collision with vehicle,Saturday,REAR END(VEHICLES IN SAME LANE),Day,145.09554,-37.60087,WHITTLESEA,METROPOLITAN NORTH WEST REGION,2,1,0,0,1,1,2,0,1,0,1,0,0,0,0,0,0,0,0,0,No,0,2,0,1,0,0,MELB_URBAN,MELB_URBAN,WHITTLESEA,METROPOLITAN NORTH WEST REGION,MERNDA,2016,1,January
145.21070410001713,-37.94745049701566,3439138,4/2/2016,18.00.00,Yes,Collision with vehicle,Thursday,VEHICLE STRIKES ANOTHER VEH WHILE EMERGING FROM DRIVEWAY,Day,145.2107,-37.94745,DANDENONG,METROPOLITAN SOUTH EAST REGION,2,1,0,0,1,1,2,0,1,0,1,0,0,0,0,0,0,0,0,0,No,0,2,0,1,0,0,MELB_URBAN,MELB_URBAN,DANDENONG,METROPOLITAN SOUTH EAST REGION,DANDENONG NORTH,2016,2,February
144.86437711129147,-37.840451455017366,3439145,9/2/2016,15.45.00,No,Collision with vehicle,Tuesday,LEFT NEAR (INTERSECTIONS ONLY),Day,144.86438,-37.84045,HOBSONS BAY,METROPOLITAN NORTH WEST REGION,2,1,1,0,0,1,1,1,1,0,1,0,0,0,0,0,0,0,0,0,No,0,2,0,1,0,0,MELB_URBAN,MELB_URBAN,HOBSONS BAY,METROPOLITAN NORTH WEST REGION,ALTONA NORTH,2016,2,February
144.32659992792475,-38.179799656129276,3439153,10/2/2016,04.00.00,Yes,Collision with vehicle,Wednesday,CROSS TRAFFIC(INTERSECTIONS ONLY),Dark Street lights on,144.3266,-38.1798,GEELONG,SOUTH WESTERN REGION,2,1,0,1,0,1,2,0,1,0,1,0,0,0,0,0,0,0,0,0,No,0,2,0,1,0,0,LARGE_PROVINCIAL_CITIES,LARGE_PROVINCIAL_CITIES,GEELONG,SOUTH WESTERN REGION,BELMONT,2016,2,February
145.0857433785079,-38.005861047816076,3439155,10/2/2016,06.10.00,No,Collision with vehicle,Tuesday,RIGHT NEAR (INTERSECTIONS ONLY),Dark Street lights on,145.08574,-38.00586,KINGSTON,METROPOLITAN SOUTH EAST REGION,2,2,0,0,2,0,2,0,1,0,1,0,0,0,0,0,0,0,0,0,No,0,2,0,1,0,0,MELB_URBAN,MELB_URBAN,KINGSTON,METROPOLITAN SOUTH EAST REGION,MORDIALLOC,2016,2,February
144.31575644993768,-36.766846267359306,3439177,30/1/2016,14.50.00,Yes,Collision with vehicle,Saturday,CROSS TRAFFIC(INTERSECTIONS ONLY),Day,144.31576,-36.76685,BENDIGO,NORTHERN REGION,2,1,0,1,0,1,0,1,1,0,1,0,0,0,0,0,0,0,0,0,No,0,2,0,1,0,0,LARGE_PROVINCIAL_CITIES,LARGE_PROVINCIAL_CITIES,BENDIGO,NORTHERN REGION,KENNINGTON,2016,1,January
144.9796659955527,-37.770767611044725,3439186,30/1/2016,13.30.00,No,Collision with vehicle,Saturday,RIGHT REAR.,Day,144.97967,-37.77077,MORELAND,METROPOLITAN NORTH WEST REGION,2,1,0,0,1,1,0,1,1,0,1,0,0,0,0,0,0,0,0,0,No,0,2,0,1,0,0,MELB_URBAN,MELB_URBAN,MORELAND,METROPOLITAN NORTH WEST REGION,BRUNSWICK EAST,2016,1,January
144.96280074016198,-37.814351607091695,3439190,5/2/2016,14.25.00,No,Collision with vehicle,Friday,VEHICLE STRIKES DOOR OF PARKED/STATIONARY VEHICLE,Day,144.9628,-37.81435,MELBOURNE,METROPOLITAN NORTH WEST REGION,2,1,0,0,1,1,1,1,1,0,1,0,0,0,0,0,0,0,0,0,No,0,2,0,1,0,0,MELBOURNE_CBD,MELBOURNE_CBD,MELBOURNE,METROPOLITAN NORTH WEST REGION,MELBOURNE,2016,2,February
145.15926524913013,-37.915149487167355,3439213,26/1/2016,10.50.00,No,Collision with vehicle,Tuesday,VEHICLE STRIKES ANOTHER VEH WHILE EMERGING FROM DRIVEWAY,Day,145.15927,-37.91515,MONASH,METROPOLITAN SOUTH EAST REGION,2,1,0,1,0,1,2,0,1,0,1,0,0,0,0,0,1,0,0,1,No,0,2,0,1,0,0,MELB_URBAN,MELB_URBAN,MONASH,METROPOLITAN SOUTH EAST REGION,MULGRAVE,2016,1,January
145.0378060472744,-37.90929958903237,3439218,26/1/2016,12.30.00,No,Collision with vehicle,Tuesday,VEHICLE STRIKES ANOTHER VEH WHILE EMERGING FROM DRIVEWAY,Day,145.03781,-37.9093,GLEN EIRA,METROPOLITAN SOUTH EAST REGION,2,1,0,0,1,1,0,1,1,0,0,0,0,0,1,0,1,0,0,0,No,0,2,0,0,0,0,MELB_URBAN,MELB_URBAN,GLEN EIRA,METROPOLITAN SOUTH EAST REGION,MCKINNON,2016,1,January
145.25091201296058,-37.843136833260495,3439228,31/1/2016,09.12.00,No,Collision with vehicle,,RIGHT NEAR (INTERSECTIONS ONLY),Day,145.25091,-37.84314000000001,KNOX,METROPOLITAN SOUTH EAST REGION,4,1,0,1,0,3,2,2,1,2,1,0,0,0,0,0,0,0,0,0,No,0,2,0,1,0,0,MELB_URBAN,MELB_URBAN,KNOX,METROPOLITAN SOUTH EAST REGION,BAYSWATER,2016,1,January
144.93520896934038,-37.79327322550024,3439243,5/2/2016,12.15.00,No,No collision and no object struck,Friday,OUT OF CONTROL ON CARRIAGEWAY (ON STRAIGHT),Day,144.93521,-37.79327,MELBOURNE,METROPOLITAN NORTH WEST REGION,2,1,0,0,1,1,2,0,1,0,1,0,0,0,0,0,0,0,0,0,No,0,2,0,1,0,0,MELB_URBAN,MELB_URBAN,MELBOURNE,METROPOLITAN NORTH WEST REGION,KENSINGTON,2016,2,February
145.00085947068396,-37.86969267711641,3439264,21/1/2016,11.00.00,No,No collision and no object struck,Thursday,OUT OF CONTROL ON CARRIAGEWAY (ON STRAIGHT),Day,145.00086000000005,-37.86969000000001,GLEN EIRA,METROPOLITAN SOUTH EAST REGION,2,2,0,0,2,0,1,1,1,0,1,0,0,0,0,0,0,0,0,0,No,0,2,0,1,0,0,MELB_URBAN,MELB_URBAN,GLEN EIRA,METROPOLITAN SOUTH EAST REGION,ST KILDA EAST,2016,1,January
144.94590066276427,-37.800527894573506,3439273,26/1/2016,01.35.00,Yes,No collision and no object struck,Tuesday,OUT OF CONTROL ON CARRIAGEWAY (ON STRAIGHT),Dark Street lights on,144.9459,-37.80053,MELBOURNE,METROPOLITAN NORTH WEST REGION,1,1,0,1,0,0,1,0,1,0,0,0,0,0,0,0,0,0,0,0,No,0,1,0,0,0,0,MELB_URBAN,MELB_URBAN,MELBOURNE,METROPOLITAN NORTH WEST REGION,NORTH MELBOURNE,2016,1,January
144.3108000630369,-38.33932909687204,3439275,31/1/2016,17.00.00,No,Collision with vehicle,,VEHICLE STRIKES ANOTHER VEH WHILE EMERGING FROM DRIVEWAY,Day,144.3108,-38.33933,SURF COAST,SOUTH WESTERN REGION,3,1,0,0,1,2,1,2,1,1,1,0,0,0,0,0,0,0,0,0,No,0,2,0,1,0,0,SMALL_CITIES,SMALL_CITIES,SURF COAST,SOUTH WESTERN REGION,JAN JUC,2016,1,January
144.83549420520927,-37.67489976184382,3439300,6/2/2016,07.35.00,Yes,Collision with vehicle,Saturday,U TURN,Day,144.83549,-37.6749,HUME,METROPOLITAN NORTH WEST REGION,2,1,0,1,0,1,2,0,1,0,1,0,0,0,0,0,0,0,0,0,No,0,2,0,1,0,0,MELB_URBAN,MELB_URBAN,HUME,METROPOLITAN NORTH WEST REGION,MELBOURNE AIRPORT,2016,2,February
144.56667362320601,-37.692173496482745,3439305,10/2/2016,15.31.00,No,Collision with vehicle,Wednesday,LEFT NEAR (INTERSECTIONS ONLY),Day,144.56667,-37.692170000000004,MELTON,METROPOLITAN NORTH WEST REGION,2,1,0,0,1,1,2,0,1,0,1,0,0,0,0,0,1,0,0,0,No,0,2,0,1,0,0,SMALL_CITIES,SMALL_CITIES,MELTON,METROPOLITAN NORTH WEST REGION,BROOKFIELD,2016,2,February
144.8894196549307,-37.79163996375876,3439327,1/2/2016,07.55.00,Yes,Collision with vehicle,Sunday,VEHICLE STRIKES ANOTHER VEH WHILE EMERGING FROM DRIVEWAY,Day,144.88942,-37.79164,MARIBYRNONG,METROPOLITAN NORTH WEST REGION,2,1,0,0,1,1,0,1,1,0,1,0,0,0,0,0,0,0,0,0,No,0,2,0,1,0,0,MELB_URBAN,MELB_URBAN,MARIBYRNONG,METROPOLITAN NORTH WEST REGION,FOOTSCRAY,2016,2,February
144.977248502005,-37.84091033782245,3439331,1/2/2016,08.45.00,No,Collision with vehicle,Monday,VEHICLE STRIKES DOOR OF PARKED/STATIONARY VEHICLE,Day,144.97725,-37.84091,MELBOURNE,METROPOLITAN NORTH WEST REGION,2,1,0,0,1,1,1,1,1,0,1,0,0,0,0,0,0,0,0,0,No,0,2,0,1,0,0,MELB_URBAN,MELB_URBAN,"PORT PHILLIP,MELBOURNE",METROPOLITAN NORTH WEST REGION,MELBOURNE,2016,2,February
144.99512098150564,-37.90633703704807,3439334,1/2/2016,08.20.00,No,Collision with vehicle,Monday,LANE SIDE SWIPE (VEHICLES IN PARALLEL LANES),Day,144.99512,-37.90634,BAYSIDE,METROPOLITAN SOUTH EAST REGION,2,1,0,0,1,1,2,0,1,0,1,0,0,0,0,0,0,0,0,0,No,0,2,0,1,0,0,MELB_URBAN,MELB_URBAN,BAYSIDE,METROPOLITAN SOUTH EAST REGION,BRIGHTON,2016,2,February
144.99937418556513,-37.81747048275625,3439335,1/2/2016,12.58.00,No,Collision with vehicle,Monday,REVERSING IN STREAM OF TRAFFIC,Day,144.99937,-37.81747,YARRA,METROPOLITAN NORTH WEST REGION,2,1,0,0,1,1,1,1,1,0,1,0,0,0,0,0,0,0,0,0,No,0,2,0,1,0,0,MELB_URBAN,MELB_URBAN,YARRA,METROPOLITAN NORTH WEST REGION,RICHMOND,2016,2,February
145.28795416256858,-37.8170889715832,3439349,30/3/2016,05.41.00,Yes,Collision with vehicle,Tuesday,LEFT NEAR (INTERSECTIONS ONLY),Dark Street lights on,145.28795,-37.81709,MAROONDAH,METROPOLITAN SOUTH EAST REGION,2,1,0,0,1,1,2,0,1,0,1,0,0,0,0,0,0,0,0,0,No,0,2,0,1,0,0,MELB_URBAN,MELB_URBAN,MAROONDAH,METROPOLITAN SOUTH EAST REGION,CROYDON SOUTH,2016,3,March
144.95046897342274,-37.83107062406813,3439355,10/3/2016,08.35.00,No,Collision with vehicle,Wednesday,VEHICLE STRIKES DOOR OF PARKED/STATIONARY VEHICLE,Day,144.95047,-37.831070000000004,PORT PHILLIP,METROPOLITAN NORTH WEST REGION,2,1,0,1,0,1,2,0,1,0,1,0,0,0,0,0,0,0,0,0,No,0,2,0,1,0,0,MELB_URBAN,MELB_URBAN,PORT PHILLIP,METROPOLITAN NORTH WEST REGION,SOUTH MELBOURNE,2016,3,March
144.97907427216157,-37.79473349770049,3439356,4/4/2016,08.14.00,Yes,Collision with vehicle,Sunday,CROSS TRAFFIC(INTERSECTIONS ONLY),Day,144.97907,-37.79473,YARRA,METROPOLITAN NORTH WEST REGION,2,1,0,0,1,1,2,0,1,0,1,0,0,0,0,0,0,0,0,0,No,0,2,0,1,0,0,MELB_URBAN,MELB_URBAN,YARRA,METROPOLITAN NORTH WEST REGION,FITZROY,2016,4,April
144.9374574332967,-37.799595813414285,3439362,4/4/2016,08.20.00,No,Collision with vehicle,Monday,LEFT TURN SIDESWIPE,Day,144.93746000000004,-37.7996,MELBOURNE,METROPOLITAN NORTH WEST REGION,2,1,0,0,1,1,1,1,1,0,1,0,0,0,0,0,0,0,0,0,No,0,2,0,1,0,0,MELB_URBAN,MELB_URBAN,MELBOURNE,METROPOLITAN NORTH WEST REGION,NORTH MELBOURNE,2016,4,April
144.97015154366474,-37.81443331841087,3439370,8/4/2016,16.00.00,Yes,Collision with vehicle,Friday,VEHICLE STRIKES DOOR OF PARKED/STATIONARY VEHICLE,Day,144.97015,-37.81443,MELBOURNE,METROPOLITAN NORTH WEST REGION,3,1,0,0,1,2,2,1,1,0,2,0,0,0,0,0,0,0,0,0,No,0,3,0,2,0,0,MELBOURNE_CBD,MELBOURNE_CBD,MELBOURNE,METROPOLITAN NORTH WEST REGION,MELBOURNE,2016,4,April
144.90896095618515,-37.80655848268096,3439379,23/3/2016,08.05.00,No,Collision with vehicle,Wednesday,HEAD ON (NOT OVERTAKING),Day,144.90896,-37.80656,MELBOURNE,METROPOLITAN NORTH WEST REGION,2,2,0,0,2,0,2,0,2,0,0,0,0,0,0,0,0,0,0,0,No,0,2,0,0,0,0,MELB_URBAN,MELB_URBAN,MELBOURNE,METROPOLITAN NORTH WEST REGION,WEST MELBOURNE,2016,3,March