X,Y,OBJECTID,ACCIDENT_DATE,ACCIDENT_TIME,ALCOHOLTIME,ACCIDENT_TYPE,DAY_OF_WEEK,DCA_CODE,LIGHT_CONDITION,LONGITUDE,LATITUDE,LGA_NAME,REGION_NAME,TOTAL_PERSONS,INJ_OR_FATAL,FATALITY,SERIOUSINJURY,OTHERINJURY,NONINJURED,MALES,FEMALES,BICYCLIST,PASSENGER,DRIVER,PEDESTRIAN,PILLION,MOTORIST,UNKNOWN,PED_CYCLIST_5_12,PED_CYCLIST_13_18,OLD_PEDESTRIAN,OLD_DRIVER,YOUNG_DRIVER,ALCOHOL_RELATED,UNLICENCSED,NO_OF_VEHICLES,HEAVYVEHICLE,PASSENGERVEHICLE,MOTORCYCLE,PUBLICVEHICLE,DEG_URBAN_NAME,DEG_URBAN_ALL,LGA_NAME_ALL,REGION_NAME_ALL,Suburb,Year,Month,Month_name
144.35019544235172,-38.25350719853749,3439397,30/3/2016,10.15.00,No,Collision with a fixed object,Wednesday,LEFT OFF CARRIAGEWAY INTO OBJECT/PARKED VEHICLE,Day,144.3502,-38.25351,SURF COAST,SOUTH WESTERN REGION,2,1,0,0,1,1,1,1,1,0,1,0,0,0,0,0,0,0,0,0,No,0,2,0,1,0,0,RURAL_VICTORIA,RURAL_VICTORIA,SURF COAST,SOUTH WESTERN REGION,MOUNT DUNEED,2016,3,March
144.9598366257865,-37.8192209801961,3439398,30/3/2016,07.45.00,No,Collision with vehicle,Wednesday,VEHICLE STRIKES DOOR OF PARKED/STATIONARY VEHICLE,Dusk/Dawn,144.95983999999999,-37.81922,MELBOURNE,METROPOLITAN NORTH WEST REGION,2,1,0,0,1,1,1,1,1,0,1,0,0,0,0,0,0,0,0,0,No,0,2,0,1,0,0,MELBOURNE_CBD,MELBOURNE_CBD,MELBOURNE,METROPOLITAN NORTH WEST REGION,MELBOURNE,2016,3,March
145.54836048120526,-37.68949757577696,3439399,12/3/2016,17.30.00,Yes,No collision and no object struck,Saturday,OFF CARRIAGEWAY TO LEFT,Day,145.54836,-37.6895,YARRA RANGES,METROPOLITAN SOUTH EAST REGION,2,1,0,1,0,1,0,1,1,0,1,0,0,0,0,1,0,0,0,0,No,0,2,0,1,0,0,TOWNS,TOWNS,YARRA RANGES,METROPOLITAN SOUTH EAST REGION,BADGER CREEK,2016,3,March
145.02133961799882,-37.88682196487857,3439402,11/3/2016,16.30.00,Yes,No collision and no object struck,Friday,OUT OF CONTROL ON CARRIAGEWAY (ON STRAIGHT),Unk.,145.02133999999995,-37.88682,GLEN EIRA,METROPOLITAN SOUTH EAST REGION,2,1,0,0,1,1,1,0,1,0,1,0,0,0,0,0,0,0,0,0,No,0,2,0,1,0,0,MELB_URBAN,MELB_URBAN,GLEN EIRA,METROPOLITAN SOUTH EAST REGION,CAULFIELD,2016,3,March
145.37770254974868,-37.72901437927406,3439406,4/4/2016,11.20.00,No,Collision with vehicle,Monday,RIGHT THROUGH,Day,145.3777,-37.729009999999995,YARRA RANGES,METROPOLITAN SOUTH EAST REGION,2,1,0,1,0,1,2,0,1,0,1,0,0,0,0,0,0,0,0,0,No,0,2,0,1,0,0,MELB_URBAN,MELB_URBAN,YARRA RANGES,METROPOLITAN SOUTH EAST REGION,COLDSTREAM,2016,4,April
145.4863377975311,-38.08138320751881,3439409,4/4/2016,10.10.00,No,Collision with vehicle,Monday,REAR END(VEHICLES IN SAME LANE),Day,145.48633999999996,-38.081379999999996,CARDINIA,METROPOLITAN SOUTH EAST REGION,3,1,0,1,0,2,3,0,1,1,1,0,0,0,0,0,0,0,0,1,No,0,2,0,1,0,0,SMALL_CITIES,SMALL_CITIES,CARDINIA,METROPOLITAN SOUTH EAST REGION,PAKENHAM,2016,4,April
144.95695951055632,-37.78453402182349,3439411,4/4/2016,08.05.00,No,Collision with vehicle,Monday,RIGHT NEAR (INTERSECTIONS ONLY),Day,144.95696,-37.78453,MELBOURNE,METROPOLITAN NORTH WEST REGION,2,1,0,0,1,1,1,1,1,0,1,0,0,0,0,0,0,0,0,0,No,0,2,0,1,0,0,MELB_URBAN,MELB_URBAN,MELBOURNE,METROPOLITAN NORTH WEST REGION,PARKVILLE,2016,4,April
145.01141940884625,-37.83751951623931,3439424,16/3/2016,16.50.00,No,Collision with vehicle,Tuesday,RIGHT NEAR (INTERSECTIONS ONLY),Day,145.01142,-37.83752,STONNINGTON,METROPOLITAN SOUTH EAST REGION,2,1,0,1,0,1,1,1,1,0,1,0,0,0,0,0,0,0,0,0,No,0,2,0,1,0,0,MELB_URBAN,MELB_URBAN,STONNINGTON,METROPOLITAN SOUTH EAST REGION,TOORAK,2016,3,March
144.854460253981,-37.63150835320256,3439439,14/2/2016,04.30.00,Yes,Struck animal,Sunday,STRUCK ANIMAL,Dark No street lights,144.85446000000005,-37.63151,HUME,METROPOLITAN NORTH WEST REGION,1,1,0,1,0,0,1,0,1,0,0,0,0,0,0,0,0,0,0,0,No,0,1,0,0,0,0,RURAL_VICTORIA,RURAL_VICTORIA,HUME,METROPOLITAN NORTH WEST REGION,GREENVALE,2016,2,February
145.01275978954544,-37.860701013026464,3439440,19/3/2016,12.00.00,No,Collision with vehicle,Saturday,VEHICLE STRIKES ANOTHER VEH WHILE EMERGING FROM DRIVEWAY,Day,145.01276000000001,-37.8607,GLEN EIRA,METROPOLITAN SOUTH EAST REGION,2,1,0,0,1,1,0,2,1,0,1,0,0,0,0,0,0,0,0,1,No,0,2,0,1,0,0,MELB_URBAN,MELB_URBAN,GLEN EIRA,METROPOLITAN SOUTH EAST REGION,CAULFIELD NORTH,2016,3,March
144.9177817693376,-37.75501244410254,3439456,30/3/2016,18.15.00,Yes,Collision with vehicle,Tuesday,LEFT TURN SIDESWIPE,Dusk/Dawn,144.91778,-37.75501,MOONEE VALLEY,METROPOLITAN NORTH WEST REGION,2,1,0,0,1,1,2,0,1,0,1,0,0,0,0,0,0,0,0,1,No,1,2,0,1,0,0,MELB_URBAN,MELB_URBAN,MOONEE VALLEY,METROPOLITAN NORTH WEST REGION,ESSENDON,2016,3,March
144.96563711240125,-37.75772652247335,3439465,4/4/2016,13.24.00,No,Collision with vehicle,Sunday,CROSS TRAFFIC(INTERSECTIONS ONLY),Day,144.96563999999995,-37.75773,MORELAND,METROPOLITAN NORTH WEST REGION,2,1,0,0,1,1,1,0,1,0,1,0,0,0,0,0,0,0,0,0,No,0,2,0,1,0,0,MELB_URBAN,MELB_URBAN,MORELAND,METROPOLITAN NORTH WEST REGION,BRUNSWICK,2016,4,April
145.06086603053708,-37.8695930590338,3439472,9/4/2016,08.25.00,No,Collision with vehicle,Saturday,RIGHT THROUGH,Day,145.06087,-37.86959,STONNINGTON,METROPOLITAN SOUTH EAST REGION,2,1,0,0,1,1,1,1,1,0,1,0,0,0,0,0,0,0,0,0,No,0,2,0,1,0,0,MELB_URBAN,MELB_URBAN,STONNINGTON,METROPOLITAN SOUTH EAST REGION,MALVERN EAST,2016,4,April
144.9942991604789,-37.846049893196785,3439480,9/4/2016,11.30.00,No,Collision with vehicle,Saturday,VEHICLE STRIKES DOOR OF PARKED/STATIONARY VEHICLE,Day,144.9943,-37.84605,STONNINGTON,METROPOLITAN SOUTH EAST REGION,3,1,0,0,1,2,2,1,1,1,1,0,0,0,0,0,0,0,0,0,No,0,2,0,1,0,0,MELB_URBAN,MELB_URBAN,STONNINGTON,METROPOLITAN SOUTH EAST REGION,SOUTH YARRA,2016,4,April
145.16030027561197,-37.96153525893447,3439481,9/4/2016,13.50.00,No,Collision with vehicle,Saturday,LEFT FAR (INTERSECTIONS ONLY),Day,145.1603,-37.96154,DANDENONG,METROPOLITAN SOUTH EAST REGION,2,1,0,1,0,1,1,1,1,0,1,0,0,0,0,0,0,0,0,0,No,0,2,0,1,0,0,MELB_URBAN,MELB_URBAN,DANDENONG,METROPOLITAN SOUTH EAST REGION,SPRINGVALE,2016,4,April
144.96825076325726,-37.7972356531228,3439489,23/3/2016,08.50.00,No,Collision with vehicle,Wednesday,VEHICLE STRIKES DOOR OF PARKED/STATIONARY VEHICLE,Day,144.96825,-37.79724,MELBOURNE,METROPOLITAN NORTH WEST REGION,2,1,0,0,1,1,2,0,1,0,1,0,0,0,0,0,0,0,0,0,No,0,2,0,1,0,0,MELB_URBAN,MELB_URBAN,MELBOURNE,METROPOLITAN NORTH WEST REGION,CARLTON,2016,3,March
145.03851372559168,-37.982188921362116,3439497,3/3/2016,19.00.00,Yes,Collision with vehicle,Wednesday,CROSS TRAFFIC(INTERSECTIONS ONLY),Dusk/Dawn,145.03851,-37.98219,BAYSIDE,METROPOLITAN SOUTH EAST REGION,2,2,0,0,2,0,2,0,1,0,1,0,0,0,0,0,0,0,0,0,No,0,2,0,1,0,0,MELB_URBAN,MELB_URBAN,BAYSIDE,METROPOLITAN SOUTH EAST REGION,BEAUMARIS,2016,3,March
145.05325623677894,-38.223202821294436,3439514,5/4/2016,09.30.00,No,Collision with vehicle,Monday,LEFT NEAR (INTERSECTIONS ONLY),Day,145.05326000000005,-38.2232,MORNINGTON PENINSULA,METROPOLITAN SOUTH EAST REGION,2,1,0,0,1,1,1,1,1,0,1,0,0,0,0,0,0,0,0,0,No,0,2,0,1,0,0,MELB_URBAN,MELB_URBAN,MORNINGTON PENINSULA,METROPOLITAN SOUTH EAST REGION,MORNINGTON,2016,4,April
145.2470636510447,-37.77418051769021,3439520,22/3/2016,18.15.00,Yes,Collision with vehicle,Tuesday,HEAD ON (NOT OVERTAKING),Day,145.24706,-37.77418,MAROONDAH,METROPOLITAN SOUTH EAST REGION,2,1,0,0,1,1,1,1,1,0,1,0,0,0,0,0,0,0,0,0,No,0,2,0,1,0,0,MELB_URBAN,MELB_URBAN,MAROONDAH,METROPOLITAN SOUTH EAST REGION,WARRANWOOD,2016,3,March
145.00556938624476,-37.69427392349336,3439521,5/4/2016,09.30.00,No,Collision with vehicle,Tuesday,VEHICLE STRIKES ANOTHER VEH WHILE EMERGING FROM DRIVEWAY,Day,145.00557,-37.69427,WHITTLESEA,METROPOLITAN NORTH WEST REGION,2,1,0,0,1,1,1,0,1,0,1,0,0,0,0,0,0,0,0,0,No,0,2,0,1,0,0,MELB_URBAN,MELB_URBAN,"WHITTLESEA,DAREBIN",METROPOLITAN NORTH WEST REGION,THOMASTOWN,2016,4,April
145.07677411511054,-37.89449048016753,3439523,9/4/2016,17.30.00,Yes,No collision and no object struck,Saturday,OUT OF CONTROL ON CARRIAGEWAY (ON STRAIGHT),Day,145.07676999999995,-37.89449000000001,GLEN EIRA,METROPOLITAN SOUTH EAST REGION,1,1,0,0,1,0,1,0,1,0,0,0,0,0,0,0,0,0,0,0,No,0,1,0,0,0,0,MELB_URBAN,MELB_URBAN,"MONASH,GLEN EIRA",METROPOLITAN SOUTH EAST REGION,MURRUMBEENA,2016,4,April
145.0645042286167,-37.64522921756614,3439525,9/4/2016,16.50.00,Yes,Collision with vehicle,Saturday,VEHICLE COLLIDES WITH VEHICLE PARKED ON LEFT OF ROAD,Day,145.0645,-37.64523,WHITTLESEA,METROPOLITAN NORTH WEST REGION,1,1,0,0,1,0,1,0,1,0,0,0,0,0,0,0,1,0,0,0,No,0,2,0,1,0,0,MELB_URBAN,MELB_URBAN,WHITTLESEA,METROPOLITAN NORTH WEST REGION,SOUTH MORANG,2016,4,April
145.48554034924948,-38.06166439961853,3439539,25/3/2016,01.48.00,Yes,No collision and no object struck,Friday,OFF CARRIAGEWAY TO LEFT,Dark Street lights on,145.48554,-38.061659999999996,CARDINIA,METROPOLITAN SOUTH EAST REGION,1,1,0,1,0,0,1,0,1,0,0,0,0,0,0,0,0,0,0,0,No,0,1,0,0,0,0,SMALL_CITIES,SMALL_CITIES,CARDINIA,METROPOLITAN SOUTH EAST REGION,PAKENHAM,2016,3,March
143.82709814372754,-37.557083934834736,3439546,25/3/2016,06.22.00,No,Collision with vehicle,Thursday,HEAD ON (NOT OVERTAKING),Dark Street lights on,143.8271,-37.55708,BALLARAT,WESTERN REGION,2,1,0,1,0,1,1,1,1,0,1,0,0,0,0,0,0,0,0,1,No,1,2,0,1,0,0,LARGE_PROVINCIAL_CITIES,LARGE_PROVINCIAL_CITIES,BALLARAT,WESTERN REGION,LAKE WENDOUREE,2016,3,March
144.9601218505242,-37.84373931493472,3439549,31/3/2016,09.39.00,No,Collision with vehicle,Thursday,VEHICLE STRIKES DOOR OF PARKED/STATIONARY VEHICLE,Day,144.96012,-37.843740000000004,PORT PHILLIP,METROPOLITAN NORTH WEST REGION,2,1,0,1,0,1,2,0,1,0,1,0,0,0,0,0,0,0,0,0,No,0,2,0,1,0,0,MELB_URBAN,MELB_URBAN,PORT PHILLIP,METROPOLITAN NORTH WEST REGION,ALBERT PARK,2016,3,March
144.26147525789597,-36.771147596245264,3439560,31/3/2016,11.20.00,No,Collision with vehicle,Thursday,RIGHT THROUGH,Day,144.26148,-36.77115,BENDIGO,NORTHERN REGION,2,1,0,1,0,1,2,0,1,0,1,0,0,0,0,0,0,0,1,0,No,0,2,0,1,0,0,LARGE_PROVINCIAL_CITIES,LARGE_PROVINCIAL_CITIES,BENDIGO,NORTHERN REGION,GOLDEN SQUARE,2016,3,March
145.08686099298515,-37.99900984461172,3439562,3/4/2016,14.00.00,No,Collision with vehicle,Sunday,OTHER ACCIDENTS NOT CLASSIFIABLE ELSEWHERE,Day,145.08686,-37.99901,KINGSTON,METROPOLITAN SOUTH EAST REGION,2,1,0,1,0,1,1,0,1,0,1,0,0,0,0,0,0,0,0,0,No,0,2,0,1,0,0,MELB_URBAN,MELB_URBAN,KINGSTON,METROPOLITAN SOUTH EAST REGION,MORDIALLOC,2016,4,April
145.02169571797168,-37.803170355264456,3439574,9/4/2016,09.15.00,No,Collision with vehicle,Friday,RIGHT NEAR (INTERSECTIONS ONLY),Day,145.0217,-37.80317,BOROONDARA,METROPOLITAN SOUTH EAST REGION,2,2,0,0,2,0,2,0,1,0,1,0,0,0,0,0,0,0,0,0,No,0,2,0,1,0,0,MELB_URBAN,MELB_URBAN,BOROONDARA,METROPOLITAN SOUTH EAST REGION,KEW,2016,4,April
144.97324911738298,-37.84811162571975,3439576,10/4/2016,07.00.00,Yes,Collision with vehicle,Sunday,LANE SIDE SWIPE (VEHICLES IN PARALLEL LANES),Day,144.97325,-37.84811,PORT PHILLIP,METROPOLITAN NORTH WEST REGION,3,1,0,1,0,2,1,1,2,0,1,0,0,0,0,0,0,0,0,1,No,0,3,0,1,0,0,MELB_URBAN,MELB_URBAN,PORT PHILLIP,METROPOLITAN NORTH WEST REGION,ALBERT PARK,2016,4,April
144.93792057101984,-37.598579513599056,3439587,1/3/2016,14.00.00,No,Collision with vehicle,Tuesday,REAR END(VEHICLES IN SAME LANE),Day,144.93792,-37.59858,HUME,METROPOLITAN NORTH WEST REGION,2,1,0,0,1,1,1,0,1,0,1,0,0,0,0,0,0,0,0,0,No,0,2,0,1,0,0,MELB_URBAN,MELB_URBAN,HUME,METROPOLITAN NORTH WEST REGION,CRAIGIEBURN,2016,3,March
145.11832033100285,-37.925525441019175,3439599,24/3/2016,20.10.00,Yes,Collision with vehicle,Thursday,TWO RIGHT TURNING (INTERSECTIONS ONLY),Dark Street lights unknown,145.11831999999995,-37.92553,MONASH,METROPOLITAN SOUTH EAST REGION,3,1,0,0,1,2,2,0,1,1,1,0,0,0,0,0,0,0,0,1,No,0,2,0,1,0,0,MELB_URBAN,MELB_URBAN,MONASH,METROPOLITAN SOUTH EAST REGION,CLAYTON,2016,3,March
144.97338455642932,-37.80676592642197,3439607,31/3/2016,15.30.00,No,Collision with vehicle,Thursday,LEFT NEAR (INTERSECTIONS ONLY),Day,144.97338,-37.80677,YARRA,METROPOLITAN NORTH WEST REGION,2,1,0,0,1,1,0,2,1,0,1,0,0,0,0,0,0,0,0,1,No,0,2,0,1,0,0,MELB_URBAN,MELB_URBAN,"YARRA,MELBOURNE",METROPOLITAN NORTH WEST REGION,CARLTON,2016,3,March
145.01663501631685,-37.77412975063867,3439611,31/3/2016,18.35.00,Yes,Collision with vehicle,Wednesday,CROSS TRAFFIC(INTERSECTIONS ONLY),Day,145.01664,-37.77413,DAREBIN,METROPOLITAN NORTH WEST REGION,2,1,0,1,0,1,1,1,1,0,1,0,0,0,0,0,0,0,0,0,No,0,2,0,1,0,0,MELB_URBAN,MELB_URBAN,DAREBIN,METROPOLITAN NORTH WEST REGION,FAIRFIELD,2016,3,March
145.03360009762582,-37.91050822464396,3439615,4/4/2016,21.30.00,Yes,Collision with vehicle,Sunday,CROSS TRAFFIC(INTERSECTIONS ONLY),Dark Street lights on,145.0336,-37.910509999999995,GLEN EIRA,METROPOLITAN SOUTH EAST REGION,2,1,0,0,1,1,1,1,1,0,1,0,0,0,0,0,0,0,0,0,No,0,2,0,1,0,0,MELB_URBAN,MELB_URBAN,GLEN EIRA,METROPOLITAN SOUTH EAST REGION,MCKINNON,2016,4,April
148.46409673683442,-37.703632016315055,3439630,21/3/2016,09.00.00,No,Collision with vehicle,Monday,CROSS TRAFFIC(INTERSECTIONS ONLY),Day,148.4641,-37.70363,EAST GIPPSLAND,EASTERN REGION,2,1,0,1,0,1,2,0,1,0,1,0,0,0,0,0,1,0,0,0,No,0,2,0,1,0,0,TOWNS,TOWNS,EAST GIPPSLAND,"EASTERN REGION,EASTERN REGION",ORBOST,2016,3,March
142.38720967560215,-35.06542514818004,3439648,26/3/2016,07.55.00,Yes,Collision with vehicle,Saturday,REAR END(VEHICLES IN SAME LANE),Day,142.38721,-35.06543,MILDURA,WESTERN REGION,2,1,0,0,1,1,2,0,1,0,1,0,0,0,0,0,0,0,0,0,No,0,2,0,1,0,0,RURAL_VICTORIA,RURAL_VICTORIA,MILDURA,WESTERN REGION,OUYEN,2016,3,March
145.3640911737777,-37.825117766433905,3439649,29/12/2015,07.10.00,No,Collision with vehicle,Tuesday,RIGHT NEAR (INTERSECTIONS ONLY),Dusk/Dawn,145.36409,-37.82512,YARRA RANGES,METROPOLITAN SOUTH EAST REGION,3,1,0,0,1,2,2,1,1,1,1,0,0,0,0,0,0,0,0,0,No,0,2,0,1,0,0,MELB_URBAN,MELB_URBAN,YARRA RANGES,METROPOLITAN SOUTH EAST REGION,KALORAMA,2015,12,December
142.02744724008232,-37.73517233749572,3439652,31/3/2016,17.18.00,No,Collision with vehicle,Thursday,RIGHT NEAR (INTERSECTIONS ONLY),Day,142.02745,-37.735170000000004,SOUTHERN GRAMPIANS,SOUTH WESTERN REGION,4,1,0,0,1,3,1,3,1,2,1,0,0,0,0,0,0,0,0,0,No,0,2,0,1,0,0,TOWNS,TOWNS,SOUTHERN GRAMPIANS,SOUTH WESTERN REGION,HAMILTON,2016,3,March
145.14675934716215,-38.1199393982701,3439653,31/3/2016,16.11.00,No,Collision with vehicle,Thursday,VEHICLE OFF FOOTPATH STRIKES VEH ON CARRIAGEWAY,Day,145.14676,-38.11994,FRANKSTON,METROPOLITAN SOUTH EAST REGION,3,1,0,1,0,2,3,0,1,1,1,0,0,0,0,0,0,0,0,0,No,1,2,0,1,0,0,MELB_URBAN,MELB_URBAN,FRANKSTON,METROPOLITAN SOUTH EAST REGION,FRANKSTON NORTH,2016,3,March
145.2499268652586,-38.121862730539824,3439656,31/3/2016,09.50.00,No,Collision with vehicle,Thursday,LEFT NEAR (INTERSECTIONS ONLY),Day,145.24993,-38.12186,CASEY,METROPOLITAN SOUTH EAST REGION,2,1,0,0,1,1,2,0,1,0,1,0,0,0,0,0,0,0,0,0,No,0,2,0,1,0,0,MELB_URBAN,MELB_URBAN,CASEY,METROPOLITAN SOUTH EAST REGION,CRANBOURNE,2016,3,March
145.11012612377243,-37.88265430726117,3439671,5/4/2016,14.10.00,No,Collision with vehicle,Monday,RIGHT NEAR (INTERSECTIONS ONLY),Day,145.11013,-37.88265,MONASH,METROPOLITAN SOUTH EAST REGION,2,1,0,1,0,1,2,0,1,0,1,0,0,0,0,0,0,0,0,0,No,0,2,0,1,0,0,MELB_URBAN,MELB_URBAN,MONASH,METROPOLITAN SOUTH EAST REGION,MOUNT WAVERLEY,2016,4,April
144.99395884251587,-37.78074328644813,3429764,21/7/2015,08.20.00,No,Collision with vehicle,Tuesday,RIGHT/RIGHT BOTH VEHs FROM OPPOSITE DIRECTIONS TURNING RIGHT,Dusk/Dawn,144.99396000000004,-37.78074,DAREBIN,METROPOLITAN NORTH WEST REGION,2,1,0,0,1,1,1,1,1,0,1,0,0,0,0,0,0,0,0,0,No,0,2,0,1,0,0,MELB_URBAN,MELB_URBAN,DAREBIN,METROPOLITAN NORTH WEST REGION,NORTHCOTE,2015,7,July
144.96728001002103,-37.81711000142862,3429777,17/7/2015,11.55.00,No,Collision with vehicle,Friday,LANE CHANGE RIGHT (NOT OVERTAKING),Day,144.96728000000004,-37.81711,MELBOURNE,METROPOLITAN NORTH WEST REGION,2,1,0,0,1,1,0,1,1,0,1,0,0,0,0,0,0,0,0,0,No,0,2,0,0,0,1,MELBOURNE_CBD,MELBOURNE_CBD,MELBOURNE,METROPOLITAN NORTH WEST REGION,MELBOURNE,2015,7,July
145.0281705754426,-37.90649584585294,3429780,31/7/2015,07.00.00,No,Collision with vehicle,Thursday,RIGHT NEAR (INTERSECTIONS ONLY),Dusk/Dawn,145.02817,-37.9065,GLEN EIRA,METROPOLITAN SOUTH EAST REGION,2,1,0,0,1,1,1,1,1,0,1,0,0,0,0,0,0,0,0,0,No,0,2,0,1,0,0,MELB_URBAN,MELB_URBAN,GLEN EIRA,METROPOLITAN SOUTH EAST REGION,MCKINNON,2015,7,July
144.9596018343353,-37.69786980741285,3429793,17/7/2015,15.45.00,No,No collision and no object struck,Friday,OUT OF CONTROL ON CARRIAGEWAY (ON STRAIGHT),Day,144.9596,-37.69787,MORELAND,METROPOLITAN NORTH WEST REGION,1,1,0,0,1,0,1,0,1,0,0,0,0,0,0,0,0,0,0,0,No,0,1,0,0,0,0,MELB_URBAN,MELB_URBAN,MORELAND,METROPOLITAN NORTH WEST REGION,FAWKNER,2015,7,July
144.95755615620917,-37.79971670176162,3429872,28/7/2015,12.30.00,No,Collision with vehicle,Tuesday,RIGHT THROUGH,Day,144.95756,-37.79972,MELBOURNE,METROPOLITAN NORTH WEST REGION,2,1,0,1,0,1,1,1,1,0,1,0,0,0,0,0,0,0,0,0,No,0,2,0,1,0,0,MELB_URBAN,MELB_URBAN,MELBOURNE,METROPOLITAN NORTH WEST REGION,MELBOURNE,2015,7,July
144.73615007312316,-37.898267383029435,3429888,21/7/2015,07.00.00,No,No collision and no object struck,Tuesday,OUT OF CONTROL ON CARRIAGEWAY (ON STRAIGHT),Dusk/Dawn,144.73615,-37.898270000000004,WYNDHAM,METROPOLITAN NORTH WEST REGION,2,1,0,0,1,1,1,0,1,0,0,0,0,0,1,0,0,0,0,0,No,0,2,0,0,0,0,MELB_URBAN,MELB_URBAN,WYNDHAM,METROPOLITAN NORTH WEST REGION,POINT COOK,2015,7,July
144.97976106792018,-37.78543825815241,3429900,15/7/2015,15.20.00,No,Collision with vehicle,Wednesday,LANE SIDE SWIPE (VEHICLES IN PARALLEL LANES),Day,144.97976,-37.78544,YARRA,METROPOLITAN NORTH WEST REGION,2,1,0,0,1,1,1,0,1,0,1,0,0,0,0,0,1,0,0,0,No,0,2,0,0,0,1,MELB_URBAN,MELB_URBAN,YARRA,METROPOLITAN NORTH WEST REGION,FITZROY NORTH,2015,7,July
144.9582073861873,-37.81568057188862,3429901,17/7/2015,08.49.00,No,Collision with vehicle,Friday,RIGHT TURN SIDESWIPE,Dusk/Dawn,144.95821,-37.81568,MELBOURNE,METROPOLITAN NORTH WEST REGION,2,1,0,0,1,1,2,0,1,0,1,0,0,0,0,0,0,0,0,0,No,0,2,0,1,0,0,MELBOURNE_CBD,MELBOURNE_CBD,MELBOURNE,METROPOLITAN NORTH WEST REGION,MELBOURNE,2015,7,July
145.12394696037984,-38.082388654460296,3429909,23/7/2015,09.45.00,No,Collision with vehicle,Thursday,RIGHT NEAR (INTERSECTIONS ONLY),Day,145.12395,-38.082390000000004,FRANKSTON,METROPOLITAN SOUTH EAST REGION,2,1,0,1,0,1,1,1,1,0,1,0,0,0,0,0,0,0,0,0,No,0,2,0,1,0,0,MELB_URBAN,MELB_URBAN,"FRANKSTON,KINGSTON",METROPOLITAN SOUTH EAST REGION,CARRUM,2015,7,July
144.9895183137339,-37.928260924955396,3429913,18/7/2015,16.00.00,Yes,Collision with vehicle,Saturday,RIGHT THROUGH,Dusk/Dawn,144.98952,-37.928259999999995,BAYSIDE,METROPOLITAN SOUTH EAST REGION,2,2,0,0,2,0,1,1,1,0,1,0,0,0,0,0,0,0,0,0,No,0,2,0,1,0,0,MELB_URBAN,MELB_URBAN,BAYSIDE,METROPOLITAN SOUTH EAST REGION,BRIGHTON,2015,7,July
144.45626091621554,-38.26671641703668,3429914,23/7/2015,08.50.00,No,Collision with vehicle,Wednesday,REAR END(VEHICLES IN SAME LANE),Dusk/Dawn,144.45626000000001,-38.26672,GEELONG,SOUTH WESTERN REGION,2,1,0,0,1,1,1,1,1,0,1,0,0,0,0,0,0,0,0,0,No,0,2,0,1,0,0,RURAL_VICTORIA,RURAL_VICTORIA,GEELONG,SOUTH WESTERN REGION,CONNEWARRE,2015,7,July
144.31859399330537,-38.17251966173652,3429922,28/7/2015,07.10.00,No,Collision with vehicle,Monday,CROSS TRAFFIC(INTERSECTIONS ONLY),Dusk/Dawn,144.31859,-38.17252,GEELONG,SOUTH WESTERN REGION,2,1,0,0,1,1,2,0,1,0,1,0,0,0,0,0,0,0,0,1,No,0,2,0,1,0,0,LARGE_PROVINCIAL_CITIES,LARGE_PROVINCIAL_CITIES,GEELONG,SOUTH WESTERN REGION,HIGHTON,2015,7,July
144.9140610290946,-37.68406851571228,3429924,28/7/2015,17.00.00,No,Collision with vehicle,Monday,REAR END(VEHICLES IN SAME LANE),Day,144.91406,-37.68407,HUME,METROPOLITAN NORTH WEST REGION,2,1,0,0,1,1,1,0,1,0,1,0,0,0,0,0,0,0,0,0,No,0,2,0,1,0,0,MELB_URBAN,MELB_URBAN,HUME,METROPOLITAN NORTH WEST REGION,JACANA,2015,7,July
144.98837496355185,-37.81329821064124,3429942,2/8/2015,13.48.00,No,Collision with vehicle,,CROSS TRAFFIC(INTERSECTIONS ONLY),Day,144.98837,-37.8133,MELBOURNE,METROPOLITAN NORTH WEST REGION,2,1,0,0,1,1,1,1,1,0,1,0,0,0,0,0,0,0,0,0,No,0,2,0,1,0,0,MELB_URBAN,MELB_URBAN,MELBOURNE,METROPOLITAN NORTH WEST REGION,EAST MELBOURNE,2015,8,August
144.99143100313074,-37.8877024748554,3429952,18/7/2015,14.40.00,Yes,Collision with vehicle,Saturday,CROSS TRAFFIC(INTERSECTIONS ONLY),Day,144.99143,-37.8877,BAYSIDE,METROPOLITAN NORTH WEST REGION,2,1,0,0,1,1,1,1,1,0,1,0,0,0,0,0,0,0,0,0,No,0,2,0,1,0,0,MELB_URBAN,MELB_URBAN,"PORT PHILLIP,BAYSIDE","METROPOLITAN NORTH WEST REGION,METROPOLITAN SOUTH EAST REGION",ELWOOD,2015,7,July
144.99632444131657,-37.79262872756908,3429972,9/7/2015,18.00.00,Yes,Collision with vehicle,Thursday,VEHICLE STRIKES DOOR OF PARKED/STATIONARY VEHICLE,Dark Street lights unknown,144.99632,-37.792629999999996,YARRA,METROPOLITAN NORTH WEST REGION,2,1,0,0,1,1,0,1,1,0,0,0,0,0,1,0,0,0,0,0,No,0,2,0,0,0,0,MELB_URBAN,MELB_URBAN,YARRA,METROPOLITAN NORTH WEST REGION,CLIFTON HILL,2015,7,July