X,Y,OBJECTID,ACCIDENT_DATE,ACCIDENT_TIME,ALCOHOLTIME,ACCIDENT_TYPE,DAY_OF_WEEK,DCA_CODE,LIGHT_CONDITION,LONGITUDE,LATITUDE,LGA_NAME,REGION_NAME,TOTAL_PERSONS,INJ_OR_FATAL,FATALITY,SERIOUSINJURY,OTHERINJURY,NONINJURED,MALES,FEMALES,BICYCLIST,PASSENGER,DRIVER,PEDESTRIAN,PILLION,MOTORIST,UNKNOWN,PED_CYCLIST_5_12,PED_CYCLIST_13_18,OLD_PEDESTRIAN,OLD_DRIVER,YOUNG_DRIVER,ALCOHOL_RELATED,UNLICENCSED,NO_OF_VEHICLES,HEAVYVEHICLE,PASSENGERVEHICLE,MOTORCYCLE,PUBLICVEHICLE,DEG_URBAN_NAME,DEG_URBAN_ALL,LGA_NAME_ALL,REGION_NAME_ALL,Suburb,Year,Month,Month_name
145.05512513752345,-37.89939740135413,3429973,23/7/2015,17.30.00,No,Collision with vehicle,Thursday,CROSS TRAFFIC(INTERSECTIONS ONLY),Dusk/Dawn,145.05513,-37.8994,GLEN EIRA,METROPOLITAN SOUTH EAST REGION,2,1,0,0,1,1,2,0,1,0,1,0,0,0,0,0,0,0,0,0,No,1,2,0,1,0,0,MELB_URBAN,MELB_URBAN,GLEN EIRA,METROPOLITAN SOUTH EAST REGION,CARNEGIE,2015,7,July
144.9952468925047,-37.75171390298566,3429996,24/5/2015,23.30.00,Yes,Collision with vehicle,Sunday,VEHICLE OFF FOOTPATH STRIKES VEH ON CARRIAGEWAY,Unk.,144.99525,-37.751709999999996,DAREBIN,METROPOLITAN NORTH WEST REGION,2,1,0,0,1,1,1,0,1,0,0,0,0,0,1,0,0,0,0,0,No,0,2,0,0,0,0,MELB_URBAN,MELB_URBAN,DAREBIN,METROPOLITAN NORTH WEST REGION,PRESTON,2015,5,May
144.9663683470053,-37.815120486665634,3429997,20/7/2015,18.00.00,Yes,No collision and no object struck,Monday,OUT OF CONTROL ON CARRIAGEWAY (ON STRAIGHT),Dark Street lights on,144.96636999999996,-37.81512,MELBOURNE,METROPOLITAN NORTH WEST REGION,1,1,0,1,0,0,0,1,1,0,0,0,0,0,0,0,0,0,0,0,No,0,1,0,0,0,0,MELBOURNE_CBD,MELBOURNE_CBD,MELBOURNE,METROPOLITAN NORTH WEST REGION,MELBOURNE,2015,7,July
144.63013038952678,-37.9294057969639,3430009,19/7/2015,08.30.00,Yes,Collision with vehicle,Sunday,LANE CHANGE RIGHT (NOT OVERTAKING),Dusk/Dawn,144.63013,-37.92941,WYNDHAM,METROPOLITAN NORTH WEST REGION,2,1,0,1,0,1,0,2,1,0,1,0,0,0,0,0,0,0,0,0,No,0,2,0,1,0,0,RURAL_VICTORIA,RURAL_VICTORIA,WYNDHAM,METROPOLITAN NORTH WEST REGION,COCOROC,2015,7,July
146.89844559779084,-36.1220661952087,3430015,23/7/2015,18.00.00,Yes,Collision with vehicle,Thursday,RIGHT NEAR (INTERSECTIONS ONLY),Dark Street lights on,146.89845,-36.12207,WODONGA,NORTH EASTERN REGION,2,1,0,1,0,1,2,0,1,0,1,0,0,0,0,0,0,0,0,0,No,0,2,0,1,0,0,SMALL_CITIES,SMALL_CITIES,WODONGA,NORTH EASTERN REGION,WODONGA,2015,7,July
144.9990921536009,-37.862424832470175,3430024,18/4/2015,19.15.00,Yes,Collision with vehicle,Saturday,REAR END(VEHICLES IN SAME LANE),Dark Street lights unknown,144.99909,-37.86242,PORT PHILLIP,METROPOLITAN NORTH WEST REGION,2,1,0,0,1,1,1,0,1,0,0,0,0,0,1,0,0,0,0,0,No,0,2,0,0,0,0,MELB_URBAN,MELB_URBAN,PORT PHILLIP,METROPOLITAN NORTH WEST REGION,ST KILDA EAST,2015,4,April
145.1435964001097,-37.78776959388533,3430060,19/7/2015,13.00.00,No,Collision with vehicle,Sunday,VEHICLE STRIKES ANOTHER VEH WHILE EMERGING FROM DRIVEWAY,Day,145.1436,-37.78777,MANNINGHAM,METROPOLITAN SOUTH EAST REGION,2,1,0,1,0,1,1,0,1,0,0,0,0,0,1,0,0,0,0,0,No,0,2,0,0,0,0,MELB_URBAN,MELB_URBAN,MANNINGHAM,METROPOLITAN SOUTH EAST REGION,DONCASTER,2015,7,July
144.95969191800359,-37.782290144357724,3430103,9/7/2015,08.45.00,No,Collision with vehicle,Thursday,VEHICLE STRIKES ANOTHER VEH WHILE EMERGING FROM DRIVEWAY,Dusk/Dawn,144.95969,-37.78229,MELBOURNE,METROPOLITAN NORTH WEST REGION,2,1,0,1,0,1,2,0,1,0,1,0,0,0,0,0,0,0,0,0,No,0,2,0,1,0,0,MELB_URBAN,MELB_URBAN,MELBOURNE,METROPOLITAN NORTH WEST REGION,PARKVILLE,2015,7,July
144.93929950835076,-37.82749959454245,3430146,25/7/2015,08.48.00,No,No collision and no object struck,Friday,OUT OF CONTROL ON CARRIAGEWAY (ON STRAIGHT),Dusk/Dawn,144.9393,-37.8275,PORT PHILLIP,METROPOLITAN NORTH WEST REGION,1,1,0,1,0,0,1,0,1,0,0,0,0,0,0,0,0,0,0,0,No,0,1,0,0,0,0,MELB_URBAN,MELB_URBAN,PORT PHILLIP,METROPOLITAN NORTH WEST REGION,PORT MELBOURNE,2015,7,July
146.8700296213129,-36.115780371804796,3430154,4/8/2015,08.40.00,No,Collision with vehicle,Tuesday,LANE CHANGE RIGHT (NOT OVERTAKING),Day,146.87003,-36.11578,WODONGA,NORTH EASTERN REGION,2,1,0,0,1,1,1,1,1,0,1,0,0,0,0,0,0,0,0,0,No,0,2,0,0,0,1,SMALL_CITIES,SMALL_CITIES,WODONGA,NORTH EASTERN REGION,WODONGA,2015,8,August
144.97873634444932,-37.79674615307272,3430157,20/7/2015,06.10.00,No,Collision with vehicle,Monday,CROSS TRAFFIC(INTERSECTIONS ONLY),Dark Street lights on,144.97874,-37.79675,YARRA,METROPOLITAN NORTH WEST REGION,2,1,0,1,0,1,1,1,1,0,1,0,0,0,0,0,0,0,0,0,No,0,2,0,1,0,0,MELB_URBAN,MELB_URBAN,YARRA,METROPOLITAN NORTH WEST REGION,FITZROY,2015,7,July
145.03003006559237,-37.92129966206159,3430174,24/7/2015,15.32.00,No,Collision with vehicle,Thursday,VEHICLE STRIKES ANOTHER VEH WHILE EMERGING FROM DRIVEWAY,Day,145.03003,-37.9213,GLEN EIRA,METROPOLITAN SOUTH EAST REGION,2,1,0,0,1,1,1,1,1,0,1,0,0,0,0,0,0,0,0,0,No,0,2,0,1,0,0,MELB_URBAN,MELB_URBAN,GLEN EIRA,METROPOLITAN SOUTH EAST REGION,BENTLEIGH,2015,7,July
145.12735516857202,-37.884704308392465,3430180,24/7/2015,15.30.00,No,Collision with vehicle,Friday,VEHICLE OFF FOOTPATH STRIKES VEH ON CARRIAGEWAY,Day,145.12736,-37.8847,MONASH,METROPOLITAN SOUTH EAST REGION,2,1,0,0,1,1,1,1,1,0,1,0,0,0,0,0,0,0,0,0,No,0,2,0,1,0,0,MELB_URBAN,MELB_URBAN,MONASH,METROPOLITAN SOUTH EAST REGION,MOUNT WAVERLEY,2015,7,July
144.96268916781202,-37.79648463668365,3430187,22/7/2015,18.30.00,Yes,Collision with vehicle,Wednesday,RIGHT TURN SIDESWIPE,Dark Street lights on,144.96268999999995,-37.796479999999995,MELBOURNE,METROPOLITAN NORTH WEST REGION,2,1,0,0,1,1,1,0,2,0,0,0,0,0,0,0,0,0,0,0,No,0,2,0,0,0,0,MELB_URBAN,MELB_URBAN,MELBOURNE,METROPOLITAN NORTH WEST REGION,PARKVILLE,2015,7,July
144.8962298360009,-37.73882026757392,3430192,15/7/2015,17.30.00,No,Collision with vehicle,Wednesday,ENTERING PARKING,Dusk/Dawn,144.89623,-37.738820000000004,MOONEE VALLEY,METROPOLITAN NORTH WEST REGION,2,2,0,0,2,0,2,0,1,0,1,0,0,0,0,0,0,0,0,0,No,0,2,0,1,0,0,MELB_URBAN,MELB_URBAN,MOONEE VALLEY,METROPOLITAN NORTH WEST REGION,ESSENDON NORTH,2015,7,July
144.95794220561433,-37.79660015285772,3430193,7/2/2015,12.00.00,No,Collision with vehicle,Saturday,REAR END(VEHICLES IN SAME LANE),Day,144.95793999999995,-37.7966,MELBOURNE,METROPOLITAN NORTH WEST REGION,3,1,0,0,1,2,1,1,2,0,0,0,0,0,1,0,0,0,0,0,No,0,3,0,0,0,0,MELB_URBAN,MELB_URBAN,MELBOURNE,METROPOLITAN NORTH WEST REGION,PARKVILLE,2015,2,February
144.93991051064668,-37.78979006816244,3430197,2/8/2015,11.30.00,No,No collision and no object struck,Sunday,OUT OF CONTROL ON CARRIAGEWAY (ON STRAIGHT),Day,144.93991,-37.78979,MELBOURNE,METROPOLITAN NORTH WEST REGION,2,1,0,1,0,1,1,0,1,0,0,0,0,0,1,0,0,0,0,0,No,0,2,0,0,0,0,MELB_URBAN,MELB_URBAN,MELBOURNE,METROPOLITAN NORTH WEST REGION,NORTH MELBOURNE,2015,8,August
144.99526231832576,-37.84127029316526,3430208,17/7/2015,17.30.00,Yes,Collision with vehicle,Friday,VEHICLE STRIKES DOOR OF PARKED/STATIONARY VEHICLE,Dark Street lights on,144.99526,-37.84127,STONNINGTON,METROPOLITAN SOUTH EAST REGION,3,1,0,0,1,2,2,1,1,1,1,0,0,0,0,0,0,0,0,1,No,0,2,0,1,0,0,MELB_URBAN,MELB_URBAN,STONNINGTON,METROPOLITAN SOUTH EAST REGION,SOUTH YARRA,2015,7,July
145.11710958154592,-37.92832210079515,3430232,24/7/2015,15.55.00,No,Collision with vehicle,Friday,VEHICLE STRIKES ANOTHER VEH WHILE EMERGING FROM DRIVEWAY,Day,145.11711,-37.92832,KINGSTON,METROPOLITAN SOUTH EAST REGION,2,1,0,0,1,1,2,0,1,0,0,0,0,0,1,0,1,0,0,0,No,0,2,0,0,0,0,MELB_URBAN,MELB_URBAN,"MONASH,KINGSTON",METROPOLITAN SOUTH EAST REGION,CLAYTON,2015,7,July
144.97084850889712,-37.77724226382612,3430244,30/7/2015,18.10.00,Yes,Collision with vehicle,Thursday,CROSS TRAFFIC(INTERSECTIONS ONLY),Dark Street lights on,144.97085,-37.77724,MORELAND,METROPOLITAN NORTH WEST REGION,2,1,0,0,1,1,1,1,1,0,1,0,0,0,0,0,0,0,0,0,No,0,2,0,1,0,0,MELB_URBAN,MELB_URBAN,MORELAND,METROPOLITAN NORTH WEST REGION,BRUNSWICK EAST,2015,7,July
144.3723316017218,-38.16942010063106,3430247,4/8/2015,14.29.00,No,Collision with vehicle,Tuesday,RIGHT THROUGH,Day,144.37233,-38.16942,GEELONG,SOUTH WESTERN REGION,2,1,0,1,0,1,1,1,1,0,0,0,0,0,1,0,0,0,0,0,No,0,2,0,0,0,0,LARGE_PROVINCIAL_CITIES,LARGE_PROVINCIAL_CITIES,GEELONG,SOUTH WESTERN REGION,BREAKWATER,2015,8,August
144.994701546289,-37.89627290064345,3430264,8/7/2015,17.30.00,No,Collision with vehicle,Wednesday,RIGHT THROUGH,Dark Street lights on,144.9947,-37.89627,BAYSIDE,METROPOLITAN SOUTH EAST REGION,2,1,0,0,1,1,1,1,1,0,1,0,0,0,0,0,1,0,0,0,No,0,2,0,1,0,0,MELB_URBAN,MELB_URBAN,BAYSIDE,METROPOLITAN SOUTH EAST REGION,BRIGHTON,2015,7,July
145.0412010419723,-37.73924668875305,3430269,20/7/2015,17.30.00,Yes,Collision with vehicle,Sunday,HEAD ON (NOT OVERTAKING),Dusk/Dawn,145.0412,-37.73925,BANYULE,METROPOLITAN NORTH WEST REGION,2,1,0,0,1,1,0,1,1,0,1,0,0,0,0,0,0,0,0,0,No,0,2,0,1,0,0,MELB_URBAN,MELB_URBAN,BANYULE,METROPOLITAN NORTH WEST REGION,HEIDELBERG WEST,2015,7,July
144.92175563738274,-37.76216553885632,3430281,22/7/2015,18.15.00,Yes,Collision with vehicle,Wednesday,RIGHT THROUGH,Dark Street lights on,144.92176,-37.76217000000001,MOONEE VALLEY,METROPOLITAN NORTH WEST REGION,2,1,0,0,1,1,1,1,1,0,1,0,0,0,0,0,0,0,0,0,No,0,2,0,1,0,0,MELB_URBAN,MELB_URBAN,MOONEE VALLEY,METROPOLITAN NORTH WEST REGION,MOONEE PONDS,2015,7,July
144.84281236531564,-37.69956731051996,3430282,25/7/2015,07.15.00,Yes,No collision and no object struck,Saturday,OUT OF CONTROL ON CARRIAGEWAY (ON STRAIGHT),Dusk/Dawn,144.84281000000001,-37.69957,HUME,METROPOLITAN NORTH WEST REGION,1,1,0,0,1,0,1,0,1,0,0,0,0,0,0,0,0,0,0,0,No,0,1,0,0,0,0,MELB_URBAN,MELB_URBAN,HUME,METROPOLITAN NORTH WEST REGION,KEILOR,2015,7,July
144.97291098620144,-37.81362210506513,3430301,28/7/2015,15.15.00,No,Collision with vehicle,Monday,VEHICLE STRIKES DOOR OF PARKED/STATIONARY VEHICLE,Day,144.97291,-37.81362,MELBOURNE,METROPOLITAN NORTH WEST REGION,2,1,0,0,1,1,1,1,1,0,1,0,0,0,0,0,0,0,0,0,No,0,2,0,1,0,0,MELBOURNE_CBD,MELBOURNE_CBD,MELBOURNE,METROPOLITAN NORTH WEST REGION,MELBOURNE,2015,7,July
144.5750588543145,-37.702996877002725,3430319,3/7/2015,17.08.00,Yes,Collision with vehicle,Friday,VEHICLE OFF FOOTPATH STRIKES VEH ON CARRIAGEWAY,Dark Street lights on,144.57506,-37.703,MELTON,METROPOLITAN NORTH WEST REGION,2,1,0,1,0,1,2,0,1,0,1,0,0,0,0,1,0,0,0,0,No,0,2,0,1,0,0,SMALL_CITIES,SMALL_CITIES,MELTON,METROPOLITAN NORTH WEST REGION,MELTON SOUTH,2015,7,July
145.12319026930916,-37.8026000229768,3430330,7/7/2015,07.45.00,No,Collision with vehicle,Tuesday,VEHICLE STRIKES ANOTHER VEH WHILE EMERGING FROM DRIVEWAY,Dusk/Dawn,145.12319,-37.8026,WHITEHORSE,METROPOLITAN SOUTH EAST REGION,2,1,0,0,1,1,2,0,1,0,1,0,0,0,0,0,0,0,0,0,No,0,2,0,1,0,0,MELB_URBAN,MELB_URBAN,WHITEHORSE,METROPOLITAN SOUTH EAST REGION,BOX HILL NORTH,2015,7,July
144.97616180125738,-37.837929582454535,3430335,7/7/2015,15.00.00,No,Collision with vehicle,Tuesday,VEHICLE STRIKES DOOR OF PARKED/STATIONARY VEHICLE,Day,144.97616000000005,-37.83793,MELBOURNE,METROPOLITAN NORTH WEST REGION,2,1,0,0,1,1,1,1,1,0,1,0,0,0,0,0,0,0,0,0,No,0,2,0,1,0,0,MELB_URBAN,MELB_URBAN,"PORT PHILLIP,MELBOURNE",METROPOLITAN NORTH WEST REGION,MELBOURNE,2015,7,July
144.9793210835441,-37.87698228194158,3430375,4/7/2015,12.30.00,No,Collision with vehicle,Saturday,CROSS TRAFFIC(INTERSECTIONS ONLY),Day,144.97932,-37.876979999999996,PORT PHILLIP,METROPOLITAN NORTH WEST REGION,2,1,0,0,1,1,2,0,1,0,1,0,0,0,0,0,0,0,0,0,No,0,2,0,1,0,0,MELB_URBAN,MELB_URBAN,PORT PHILLIP,METROPOLITAN NORTH WEST REGION,ELWOOD,2015,7,July
144.5355816190766,-38.257561531981395,3430387,10/7/2015,07.25.00,No,Collision with vehicle,Friday,CROSS TRAFFIC(INTERSECTIONS ONLY),Dusk/Dawn,144.53558,-38.25756,GEELONG,SOUTH WESTERN REGION,2,1,0,0,1,1,2,0,1,0,1,0,0,0,0,0,0,0,0,0,No,0,2,0,1,0,0,SMALL_CITIES,SMALL_CITIES,GEELONG,SOUTH WESTERN REGION,OCEAN GROVE,2015,7,July
144.98931580328477,-37.742884168603055,3430409,21/6/2015,14.00.00,No,Collision with vehicle,Sunday,LEFT NEAR (INTERSECTIONS ONLY),Day,144.98932,-37.74288,DAREBIN,METROPOLITAN NORTH WEST REGION,2,1,0,0,1,1,2,0,1,0,1,0,0,0,0,0,0,0,0,0,No,0,2,0,1,0,0,MELB_URBAN,MELB_URBAN,DAREBIN,METROPOLITAN NORTH WEST REGION,PRESTON,2015,6,June
144.98580999446816,-37.91205999888252,3430414,28/6/2015,10.00.00,Yes,Collision with vehicle,Sunday,VEHICLE STRIKES ANOTHER VEH WHILE EMERGING FROM DRIVEWAY,Day,144.98581000000001,-37.91206,BAYSIDE,METROPOLITAN SOUTH EAST REGION,2,1,0,1,0,1,1,1,1,0,1,0,0,0,0,0,0,0,0,1,No,0,2,0,1,0,0,MELB_URBAN,MELB_URBAN,BAYSIDE,METROPOLITAN SOUTH EAST REGION,BRIGHTON,2015,6,June
145.03621249258387,-37.87269682602953,3430416,26/6/2015,17.45.00,Yes,Collision with vehicle,Friday,LEFT NEAR (INTERSECTIONS ONLY),Dark Street lights on,145.03621,-37.8727,GLEN EIRA,METROPOLITAN SOUTH EAST REGION,2,2,0,0,2,0,1,1,1,0,1,0,0,0,0,0,0,0,0,0,No,0,2,0,1,0,0,MELB_URBAN,MELB_URBAN,GLEN EIRA,METROPOLITAN SOUTH EAST REGION,CAULFIELD NORTH,2015,6,June
145.17802812263866,-37.80346298448237,3430460,22/6/2015,15.32.00,No,Collision with vehicle,Monday,LEFT NEAR (INTERSECTIONS ONLY),Day,145.17803,-37.80346,MANNINGHAM,METROPOLITAN SOUTH EAST REGION,2,1,0,0,1,1,2,0,1,0,1,0,0,0,0,0,0,0,0,0,No,0,2,0,1,0,0,MELB_URBAN,MELB_URBAN,MANNINGHAM,METROPOLITAN SOUTH EAST REGION,NUNAWADING,2015,6,June
142.50320939240754,-38.39232189490872,3430464,28/6/2015,15.20.00,No,Collision with vehicle,Sunday,VEHICLE STRIKES ANOTHER VEH WHILE EMERGING FROM DRIVEWAY,Day,142.50321,-38.39232,WARRNAMBOOL,SOUTH WESTERN REGION,2,1,0,0,1,1,1,1,1,0,1,0,0,0,0,1,0,0,0,0,No,0,2,0,1,0,0,SMALL_CITIES,SMALL_CITIES,WARRNAMBOOL,SOUTH WESTERN REGION,WARRNAMBOOL,2015,6,June
145.02220954764528,-37.778832541711715,3430492,10/7/2015,17.50.00,No,Collision with vehicle,Thursday,VEHICLE STRIKES DOOR OF PARKED/STATIONARY VEHICLE,Dark Street lights unknown,145.02221,-37.77883,DAREBIN,METROPOLITAN NORTH WEST REGION,2,1,0,0,1,1,2,0,1,0,1,0,0,0,0,0,0,0,0,0,No,0,2,0,1,0,0,MELB_URBAN,MELB_URBAN,DAREBIN,METROPOLITAN NORTH WEST REGION,FAIRFIELD,2015,7,July
144.89845427666134,-37.861544676246865,3430501,16/7/2015,16.30.00,No,Collision with vehicle,Thursday,CROSS TRAFFIC(INTERSECTIONS ONLY),Dusk/Dawn,144.89845,-37.86154000000001,HOBSONS BAY,METROPOLITAN NORTH WEST REGION,2,1,0,0,1,1,1,1,1,0,1,0,0,0,0,0,0,0,0,0,No,0,2,0,1,0,0,MELB_URBAN,MELB_URBAN,HOBSONS BAY,METROPOLITAN NORTH WEST REGION,WILLIAMSTOWN,2015,7,July
144.30271888365948,-36.77743445093455,3430510,29/6/2015,07.44.00,No,Collision with vehicle,Monday,CROSS TRAFFIC(INTERSECTIONS ONLY),Dusk/Dawn,144.30272,-36.777429999999995,BENDIGO,NORTHERN REGION,2,1,0,0,1,1,0,2,1,0,1,0,0,0,0,0,0,0,0,0,No,0,2,0,1,0,0,LARGE_PROVINCIAL_CITIES,LARGE_PROVINCIAL_CITIES,BENDIGO,NORTHERN REGION,KENNINGTON,2015,6,June
145.0860110330006,-38.00932039693164,3430527,5/7/2015,14.46.00,No,Collision with vehicle,Sunday,RIGHT TURN SIDESWIPE,Day,145.08601000000004,-38.00932,KINGSTON,METROPOLITAN SOUTH EAST REGION,2,1,0,0,1,1,1,1,1,0,1,0,0,0,0,0,0,0,0,0,No,0,2,0,1,0,0,MELB_URBAN,MELB_URBAN,KINGSTON,METROPOLITAN SOUTH EAST REGION,MORDIALLOC,2015,7,July
144.96532980544725,-37.74858038158374,3430538,10/7/2015,22.35.00,Yes,Collision with vehicle,Friday,RIGHT THROUGH,Dark Street lights on,144.96533,-37.74858,MORELAND,METROPOLITAN NORTH WEST REGION,2,1,0,0,1,1,1,1,1,0,1,0,0,0,0,0,0,0,0,0,No,0,2,0,1,0,0,MELB_URBAN,MELB_URBAN,MORELAND,METROPOLITAN NORTH WEST REGION,COBURG,2015,7,July
144.98468309806248,-37.796567569312955,3430559,26/6/2015,14.45.00,No,Collision with vehicle,Friday,RIGHT THROUGH,Day,144.98468,-37.79657,YARRA,METROPOLITAN NORTH WEST REGION,2,1,0,0,1,1,1,1,1,0,1,0,0,0,0,0,0,0,0,0,No,0,2,0,1,0,0,MELB_URBAN,MELB_URBAN,YARRA,METROPOLITAN NORTH WEST REGION,FITZROY,2015,6,June
145.0729045174538,-38.265078510909966,3430573,5/7/2015,15.40.00,No,Collision with vehicle,Sunday,REAR END(VEHICLES IN SAME LANE),Day,145.0729,-38.26508,MORNINGTON PENINSULA,METROPOLITAN SOUTH EAST REGION,3,1,0,0,1,2,1,2,1,1,1,0,0,0,0,0,0,0,0,0,No,0,2,0,1,0,0,RURAL_VICTORIA,RURAL_VICTORIA,MORNINGTON PENINSULA,METROPOLITAN SOUTH EAST REGION,MOUNT MARTHA,2015,7,July
144.96720593565115,-37.816951197409686,3430597,10/7/2015,21.50.00,Yes,No collision and no object struck,Friday,OUT OF CONTROL ON CARRIAGEWAY (ON STRAIGHT),Dark Street lights on,144.96721000000005,-37.81695,MELBOURNE,METROPOLITAN NORTH WEST REGION,1,1,0,0,1,0,1,0,1,0,0,0,0,0,0,0,0,0,0,0,No,0,1,0,0,0,0,MELBOURNE_CBD,MELBOURNE_CBD,MELBOURNE,METROPOLITAN NORTH WEST REGION,MELBOURNE,2015,7,July
146.4951206723978,-38.20910172666702,3430601,23/6/2015,08.20.00,No,Collision with vehicle,Tuesday,LANE SIDE SWIPE (VEHICLES IN PARALLEL LANES),Dusk/Dawn,146.49512,-38.2091,LATROBE,EASTERN REGION,2,1,0,1,0,1,0,2,1,0,1,0,0,0,0,0,0,0,0,0,No,0,2,0,1,0,0,RURAL_VICTORIA,RURAL_VICTORIA,LATROBE,"EASTERN REGION,EASTERN REGION",TRARALGON,2015,6,June
145.1692969029038,-38.140347107696115,3430602,23/6/2015,09.15.00,No,Collision with vehicle,Tuesday,RIGHT NEAR (INTERSECTIONS ONLY),Day,145.1693,-38.14035,FRANKSTON,METROPOLITAN SOUTH EAST REGION,3,1,0,0,1,2,2,1,1,1,1,0,0,0,0,0,0,0,1,0,No,0,2,0,1,0,0,MELB_URBAN,MELB_URBAN,FRANKSTON,METROPOLITAN SOUTH EAST REGION,FRANKSTON,2015,6,June
144.81395025510315,-37.87373614751306,3430611,29/6/2015,15.45.00,No,Collision with vehicle,Monday,CROSS TRAFFIC(INTERSECTIONS ONLY),Day,144.81395,-37.87374000000001,HOBSONS BAY,METROPOLITAN NORTH WEST REGION,2,1,0,0,1,1,1,1,1,0,1,0,0,0,0,0,0,0,0,0,No,0,2,0,1,0,0,MELB_URBAN,MELB_URBAN,HOBSONS BAY,METROPOLITAN NORTH WEST REGION,ALTONA,2015,6,June
144.89536974427142,-37.738490904424154,3430612,5/6/2015,16.15.00,Yes,Collision with vehicle,Friday,RIGHT NEAR (INTERSECTIONS ONLY),Dusk/Dawn,144.89536999999999,-37.73849000000001,MOONEE VALLEY,METROPOLITAN NORTH WEST REGION,2,1,0,0,1,1,1,1,1,0,1,0,0,0,0,0,0,0,0,0,No,0,2,0,1,0,0,MELB_URBAN,MELB_URBAN,MOONEE VALLEY,METROPOLITAN NORTH WEST REGION,ESSENDON NORTH,2015,6,June
145.30925699899603,-38.11233968783228,3430620,28/5/2015,09.40.00,No,Collision with vehicle,Thursday,VEHICLE STRIKES ANOTHER VEH WHILE EMERGING FROM DRIVEWAY,Day,145.30926000000005,-38.11234,CASEY,METROPOLITAN SOUTH EAST REGION,3,1,0,0,1,2,1,1,1,1,1,0,0,0,0,0,0,0,0,0,No,0,2,0,1,0,0,MELB_URBAN,MELB_URBAN,CASEY,METROPOLITAN SOUTH EAST REGION,CRANBOURNE EAST,2015,5,May
144.96955308799247,-37.80314488332329,3430632,26/6/2015,16.11.00,Yes,Collision with vehicle,Friday,LEFT NEAR (INTERSECTIONS ONLY),Dusk/Dawn,144.96955,-37.80314,MELBOURNE,METROPOLITAN NORTH WEST REGION,2,1,0,0,1,1,2,0,1,0,1,0,0,0,0,0,0,0,0,0,No,0,2,0,1,0,0,MELB_URBAN,MELB_URBAN,MELBOURNE,METROPOLITAN NORTH WEST REGION,CARLTON,2015,6,June
144.56667362320601,-37.692173496482745,3430649,11/7/2015,22.30.00,Yes,Collision with vehicle,Saturday,VEHICLE OFF FOOTPATH STRIKES VEH ON CARRIAGEWAY,Dark No street lights,144.56667,-37.692170000000004,MELTON,METROPOLITAN NORTH WEST REGION,3,1,0,1,0,2,2,1,1,1,1,0,0,0,0,0,1,0,0,0,No,0,2,0,1,0,0,SMALL_CITIES,SMALL_CITIES,MELTON,METROPOLITAN NORTH WEST REGION,BROOKFIELD,2015,7,July
145.30359495703087,-37.84715953130778,3430692,28/6/2015,06.40.00,Yes,Collision with vehicle,Sunday,RIGHT NEAR (INTERSECTIONS ONLY),Dark Street lights on,145.30358999999999,-37.847159999999995,KNOX,METROPOLITAN SOUTH EAST REGION,2,1,0,0,1,1,1,1,1,0,1,0,0,0,0,0,0,0,0,1,No,0,2,0,1,0,0,MELB_URBAN,MELB_URBAN,KNOX,METROPOLITAN SOUTH EAST REGION,BORONIA,2015,6,June
144.35448757287315,-38.075420449368735,3430694,12/7/2015,13.00.00,No,Collision with vehicle,Sunday,RIGHT FAR (INTERSECTIONS ONLY),Day,144.35449,-38.07542,GEELONG,SOUTH WESTERN REGION,3,1,0,0,1,2,2,1,1,1,1,0,0,0,0,0,0,0,1,0,No,0,2,0,1,0,0,LARGE_PROVINCIAL_CITIES,LARGE_PROVINCIAL_CITIES,GEELONG,SOUTH WESTERN REGION,CORIO,2015,7,July
143.85820520496202,-37.559529447432546,3430717,30/6/2015,18.00.00,Yes,Collision with vehicle,Tuesday,ENTERING PARKING,Dark Street lights on,143.85821,-37.55953,BALLARAT,WESTERN REGION,2,1,0,1,0,1,1,1,1,0,1,0,0,0,0,0,0,0,0,0,No,0,2,0,1,0,0,LARGE_PROVINCIAL_CITIES,LARGE_PROVINCIAL_CITIES,BALLARAT,WESTERN REGION,BALLARAT CENTRAL,2015,6,June
144.99771569699618,-37.826884799265216,3430722,27/6/2015,15.00.00,No,No collision and no object struck,Friday,OUT OF CONTROL ON CARRIAGEWAY (ON STRAIGHT),Day,144.99772,-37.826879999999996,YARRA,METROPOLITAN NORTH WEST REGION,1,1,0,0,1,0,1,0,1,0,0,0,0,0,0,0,0,0,0,0,No,0,1,0,0,0,0,MELB_URBAN,MELB_URBAN,YARRA,METROPOLITAN NORTH WEST REGION,RICHMOND,2015,6,June
143.84734425504737,-37.561410516916375,3430725,30/6/2015,17.23.00,No,Collision with vehicle,Tuesday,ENTERING PARKING,Dusk/Dawn,143.84734,-37.561409999999995,BALLARAT,WESTERN REGION,2,1,0,0,1,1,1,1,1,0,1,0,0,0,0,0,0,0,0,0,No,0,2,0,1,0,0,LARGE_PROVINCIAL_CITIES,LARGE_PROVINCIAL_CITIES,BALLARAT,WESTERN REGION,BALLARAT CENTRAL,2015,6,June
144.98849867316608,-37.77789921376819,3437749,15/2/2016,17.45.00,No,Collision with vehicle,Monday,RIGHT THROUGH,Day,144.9885,-37.7779,YARRA,METROPOLITAN NORTH WEST REGION,2,1,0,0,1,1,2,0,1,0,1,0,0,0,0,0,0,0,0,0,No,0,2,0,1,0,0,MELB_URBAN,MELB_URBAN,YARRA,METROPOLITAN NORTH WEST REGION,FITZROY NORTH,2016,2,February