X,Y,OBJECTID,ACCIDENT_DATE,ACCIDENT_TIME,ALCOHOLTIME,ACCIDENT_TYPE,DAY_OF_WEEK,DCA_CODE,LIGHT_CONDITION,LONGITUDE,LATITUDE,LGA_NAME,REGION_NAME,TOTAL_PERSONS,INJ_OR_FATAL,FATALITY,SERIOUSINJURY,OTHERINJURY,NONINJURED,MALES,FEMALES,BICYCLIST,PASSENGER,DRIVER,PEDESTRIAN,PILLION,MOTORIST,UNKNOWN,PED_CYCLIST_5_12,PED_CYCLIST_13_18,OLD_PEDESTRIAN,OLD_DRIVER,YOUNG_DRIVER,ALCOHOL_RELATED,UNLICENCSED,NO_OF_VEHICLES,HEAVYVEHICLE,PASSENGERVEHICLE,MOTORCYCLE,PUBLICVEHICLE,DEG_URBAN_NAME,DEG_URBAN_ALL,LGA_NAME_ALL,REGION_NAME_ALL,Suburb,Year,Month,Month_name
144.96817885117602,-37.810557535230046,3437758,19/2/2016,19.25.00,Yes,Collision with vehicle,Friday,VEHICLE STRIKES DOOR OF PARKED/STATIONARY VEHICLE,Dark Street lights on,144.96818000000005,-37.810559999999995,MELBOURNE,METROPOLITAN NORTH WEST REGION,3,1,0,0,1,2,0,2,1,1,1,0,0,0,0,0,0,0,0,0,No,0,2,0,1,0,0,MELBOURNE_CBD,MELBOURNE_CBD,MELBOURNE,METROPOLITAN NORTH WEST REGION,MELBOURNE,2016,2,February
144.9624123000302,-37.842779063529456,3437760,20/2/2016,08.43.00,No,Collision with vehicle,Saturday,U TURN,Day,144.96241,-37.84278,PORT PHILLIP,METROPOLITAN NORTH WEST REGION,2,1,0,0,1,1,0,2,1,0,1,0,0,0,0,0,0,0,0,0,No,0,2,0,1,0,0,MELB_URBAN,MELB_URBAN,PORT PHILLIP,METROPOLITAN NORTH WEST REGION,ALBERT PARK,2016,2,February
145.18666843969456,-37.96031955071413,3437761,20/2/2016,09.16.00,No,Collision with vehicle,Saturday,VEHICLE OFF FOOTPATH STRIKES VEH ON CARRIAGEWAY,Day,145.18667,-37.96032,DANDENONG,METROPOLITAN SOUTH EAST REGION,2,1,0,0,1,1,1,1,1,0,1,0,0,0,0,0,1,0,0,0,No,0,2,0,1,0,0,MELB_URBAN,MELB_URBAN,DANDENONG,METROPOLITAN SOUTH EAST REGION,NOBLE PARK,2016,2,February
145.06195785839603,-37.66310173128181,3437774,24/2/2016,15.05.00,No,Collision with vehicle,Wednesday,OTHER ACCIDENTS-OFF STRAIGHT NOT INCLUDED IN DCAs 170-175,Day,145.06196,-37.6631,WHITTLESEA,METROPOLITAN NORTH WEST REGION,3,1,0,1,0,2,3,0,1,1,1,0,0,0,0,0,1,0,0,1,No,0,2,0,1,0,0,MELB_URBAN,MELB_URBAN,WHITTLESEA,METROPOLITAN NORTH WEST REGION,MILL PARK,2016,2,February
144.74074960701728,-37.710108192709775,3437786,27/2/2016,16.00.00,Yes,No collision and no object struck,Saturday,OUT OF CONTROL ON CARRIAGEWAY (ON STRAIGHT),Day,144.74075,-37.71011,MELTON,METROPOLITAN NORTH WEST REGION,2,1,0,0,1,1,1,0,1,0,0,0,0,0,1,0,0,0,0,0,No,0,2,0,0,0,0,MELB_URBAN,MELB_URBAN,MELTON,METROPOLITAN NORTH WEST REGION,CAROLINE SPRINGS,2016,2,February
144.98849867316608,-37.77789921376819,3437791,16/2/2016,19.30.00,Yes,Vehicle overturned (no collision),Monday,OTHER ACCIDENTS-OFF STRAIGHT NOT INCLUDED IN DCAs 170-175,Day,144.9885,-37.7779,YARRA,METROPOLITAN NORTH WEST REGION,1,1,0,0,1,0,0,1,1,0,0,0,0,0,0,0,0,0,0,0,No,0,1,0,0,0,0,MELB_URBAN,MELB_URBAN,YARRA,METROPOLITAN NORTH WEST REGION,FITZROY NORTH,2016,2,February
144.99930227748953,-37.6787522653623,3437793,15/2/2016,16.00.00,No,Collision with vehicle,Monday,RIGHT FAR (INTERSECTIONS ONLY),Day,144.9993,-37.67875,WHITTLESEA,METROPOLITAN NORTH WEST REGION,2,1,0,0,1,1,1,1,1,0,1,0,0,0,0,0,0,0,0,0,No,0,2,0,1,0,0,MELB_URBAN,MELB_URBAN,WHITTLESEA,METROPOLITAN NORTH WEST REGION,THOMASTOWN,2016,2,February
144.99848999546396,-37.85255000136596,3437801,16/2/2016,08.00.00,No,Collision with vehicle,Tuesday,RIGHT THROUGH,Day,144.99849,-37.85255,STONNINGTON,METROPOLITAN SOUTH EAST REGION,2,1,0,0,1,1,1,1,1,0,1,0,0,0,0,0,0,0,0,0,No,0,2,0,1,0,0,MELB_URBAN,MELB_URBAN,STONNINGTON,METROPOLITAN SOUTH EAST REGION,PRAHRAN,2016,2,February
144.9992658738592,-37.766449567044624,3437802,16/2/2016,08.30.00,No,Vehicle overturned (no collision),Tuesday,OUT OF CONTROL ON CARRIAGEWAY (ON STRAIGHT),Day,144.99927,-37.76645,DAREBIN,METROPOLITAN NORTH WEST REGION,2,1,0,1,0,1,0,2,1,0,1,0,0,0,0,0,0,0,0,0,No,0,2,0,1,0,0,MELB_URBAN,MELB_URBAN,DAREBIN,METROPOLITAN NORTH WEST REGION,NORTHCOTE,2016,2,February
144.99875572994836,-37.820979954167385,3437803,15/2/2016,18.15.00,Yes,Collision with vehicle,Monday,RIGHT THROUGH,Day,144.99876,-37.82098,YARRA,METROPOLITAN NORTH WEST REGION,2,1,0,0,1,1,1,1,1,0,1,0,0,0,0,0,0,0,0,0,No,0,2,0,1,0,0,MELB_URBAN,MELB_URBAN,YARRA,METROPOLITAN NORTH WEST REGION,RICHMOND,2016,2,February
144.94297363705198,-37.79913710086876,3437808,16/2/2016,15.40.00,No,Collision with vehicle,Tuesday,LEFT FAR (INTERSECTIONS ONLY),Day,144.94297,-37.79914,MELBOURNE,METROPOLITAN NORTH WEST REGION,2,1,0,0,1,1,1,1,1,0,1,0,0,0,0,0,0,0,0,0,No,0,2,0,1,0,0,MELB_URBAN,MELB_URBAN,MELBOURNE,METROPOLITAN NORTH WEST REGION,NORTH MELBOURNE,2016,2,February
144.9830751470873,-37.79883086265044,3437811,19/2/2016,18.00.00,Yes,Collision with vehicle,Friday,CROSS TRAFFIC(INTERSECTIONS ONLY),Day,144.98308,-37.79883,YARRA,METROPOLITAN NORTH WEST REGION,2,1,0,0,1,1,2,0,1,0,1,0,0,0,0,0,0,0,0,0,No,0,2,0,1,0,0,MELB_URBAN,MELB_URBAN,YARRA,METROPOLITAN NORTH WEST REGION,FITZROY,2016,2,February
144.98189377248147,-37.78036041930501,3437812,16/2/2016,08.50.00,No,Collision with vehicle,Tuesday,CROSS TRAFFIC(INTERSECTIONS ONLY),Day,144.98189,-37.780359999999995,YARRA,METROPOLITAN NORTH WEST REGION,3,1,0,0,1,2,0,3,1,1,1,0,0,0,0,0,0,0,0,0,No,0,2,0,1,0,0,MELB_URBAN,MELB_URBAN,YARRA,METROPOLITAN NORTH WEST REGION,FITZROY NORTH,2016,2,February
144.68066715329547,-37.84014777846527,3437833,25/2/2016,18.30.00,Yes,Collision with vehicle,Thursday,REAR END(VEHICLES IN SAME LANE),Day,144.68067,-37.84015,WYNDHAM,METROPOLITAN NORTH WEST REGION,2,1,0,0,1,1,1,1,1,0,1,0,0,0,0,0,0,0,0,0,No,0,2,0,1,0,0,MELB_URBAN,MELB_URBAN,WYNDHAM,METROPOLITAN NORTH WEST REGION,TARNEIT,2016,2,February
144.99655563830694,-37.83484045718587,3437840,29/2/2016,12.30.00,No,Collision with vehicle,Monday,LEFT TURN SIDESWIPE,Day,144.99656000000004,-37.83484,STONNINGTON,METROPOLITAN SOUTH EAST REGION,2,1,0,0,1,1,0,2,1,0,1,0,0,0,0,0,0,0,0,0,No,0,2,0,1,0,0,MELB_URBAN,MELB_URBAN,STONNINGTON,METROPOLITAN SOUTH EAST REGION,SOUTH YARRA,2016,2,February
144.9797315080479,-37.84772054938948,3437871,25/2/2016,09.15.00,No,Collision with vehicle,Thursday,RIGHT THROUGH,Day,144.97973000000005,-37.84772,MELBOURNE,METROPOLITAN NORTH WEST REGION,2,1,0,0,1,1,1,1,1,0,1,0,0,0,0,0,0,0,0,1,No,0,2,0,1,0,0,MELB_URBAN,MELB_URBAN,"PORT PHILLIP,MELBOURNE",METROPOLITAN NORTH WEST REGION,MELBOURNE,2016,2,February
142.15098244438968,-34.178275952754554,3437872,25/2/2016,08.16.00,No,Collision with vehicle,Thursday,CROSS TRAFFIC(INTERSECTIONS ONLY),Day,142.15098,-34.17828,MILDURA,WESTERN REGION,2,1,0,0,1,1,0,2,1,0,1,0,0,0,0,0,1,0,0,0,No,0,2,0,1,0,0,SMALL_CITIES,SMALL_CITIES,MILDURA,WESTERN REGION,MILDURA,2016,2,February
144.98802904186226,-37.846075749697455,3437886,1/3/2016,08.40.00,No,Collision with vehicle,Tuesday,LEFT NEAR (INTERSECTIONS ONLY),Day,144.98803,-37.84608,STONNINGTON,METROPOLITAN SOUTH EAST REGION,2,1,0,1,0,1,2,0,1,0,1,0,0,0,0,0,0,0,0,0,No,0,2,0,1,0,0,MELB_URBAN,MELB_URBAN,STONNINGTON,METROPOLITAN SOUTH EAST REGION,PRAHRAN,2016,3,March
145.06046385578145,-37.98901929006881,3437900,14/2/2016,13.42.00,No,Collision with vehicle,Sunday,LEFT TURN SIDESWIPE,Unk.,145.06046,-37.989020000000004,KINGSTON,METROPOLITAN SOUTH EAST REGION,2,1,0,1,0,1,2,0,1,0,1,0,0,0,0,0,0,0,0,1,No,0,2,0,1,0,0,MELB_URBAN,MELB_URBAN,KINGSTON,METROPOLITAN SOUTH EAST REGION,MENTONE,2016,2,February
144.95306360508332,-37.816708958878,3437906,6/2/2016,13.30.00,No,Collision with vehicle,Saturday,VEHICLE STRIKES DOOR OF PARKED/STATIONARY VEHICLE,Unk.,144.95306000000005,-37.81671,MELBOURNE,METROPOLITAN NORTH WEST REGION,3,1,0,0,1,2,1,2,1,1,1,0,0,0,0,0,0,0,0,0,No,0,2,0,1,0,0,MELBOURNE_CBD,"MELBOURNE_CBD,MELB_URBAN",MELBOURNE,METROPOLITAN NORTH WEST REGION,DOCKLANDS,2016,2,February
144.8687238797228,-37.78313159348383,3437923,25/2/2016,13.15.00,No,Collision with vehicle,Thursday,VEHICLE STRIKES ANOTHER VEH WHILE EMERGING FROM DRIVEWAY,Day,144.86872,-37.78313,MARIBYRNONG,METROPOLITAN NORTH WEST REGION,2,1,0,0,1,1,1,1,1,0,1,0,0,0,0,0,0,0,0,0,No,0,2,0,1,0,0,MELB_URBAN,MELB_URBAN,MARIBYRNONG,METROPOLITAN NORTH WEST REGION,MAIDSTONE,2016,2,February
144.9529266840267,-37.77619033358959,3437934,8/2/2016,17.00.00,No,Collision with vehicle,Monday,REAR END(VEHICLES IN SAME LANE),Day,144.95293,-37.77619,MORELAND,METROPOLITAN NORTH WEST REGION,2,1,0,1,0,1,2,0,1,0,0,0,0,1,0,0,0,0,0,0,No,0,2,0,0,1,0,MELB_URBAN,MELB_URBAN,MORELAND,METROPOLITAN NORTH WEST REGION,BRUNSWICK,2016,2,February
145.00311365838198,-37.822673901903855,3437949,11/2/2016,17.30.00,No,Collision with vehicle,Thursday,RIGHT TURN SIDESWIPE,Day,145.00311000000005,-37.82267,YARRA,METROPOLITAN NORTH WEST REGION,2,1,0,0,1,1,1,1,1,0,1,0,0,0,0,0,0,0,0,0,No,0,2,0,1,0,0,MELB_URBAN,MELB_URBAN,YARRA,METROPOLITAN NORTH WEST REGION,RICHMOND,2016,2,February
144.9974524856234,-37.74460268376762,3437985,24/2/2016,16.15.00,No,Collision with vehicle,Wednesday,RIGHT TURN SIDESWIPE,Day,144.99745,-37.7446,DAREBIN,METROPOLITAN NORTH WEST REGION,2,1,0,0,1,1,0,1,1,0,1,0,0,0,0,0,0,0,0,0,No,0,2,0,1,0,0,MELB_URBAN,MELB_URBAN,DAREBIN,METROPOLITAN NORTH WEST REGION,PRESTON,2016,2,February
145.01949510376159,-37.862552445729776,3437989,12/2/2016,08.30.00,No,Collision with vehicle,Friday,LANE SIDE SWIPE (VEHICLES IN PARALLEL LANES),Day,145.0195,-37.86255,STONNINGTON,METROPOLITAN SOUTH EAST REGION,2,1,0,0,1,1,2,0,1,0,1,0,0,0,0,0,0,0,1,0,No,0,2,0,1,0,0,MELB_URBAN,MELB_URBAN,STONNINGTON,METROPOLITAN SOUTH EAST REGION,ARMADALE,2016,2,February
144.9741516328936,-37.81297059197647,3437991,12/2/2016,08.50.00,No,Collision with vehicle,Friday,VEHICLE STRIKES DOOR OF PARKED/STATIONARY VEHICLE,Day,144.97415,-37.81297,MELBOURNE,METROPOLITAN NORTH WEST REGION,3,1,0,0,1,2,2,1,1,1,1,0,0,0,0,0,0,0,0,0,No,0,2,0,1,0,0,MELB_URBAN,MELB_URBAN,MELBOURNE,METROPOLITAN NORTH WEST REGION,EAST MELBOURNE,2016,2,February
144.99232976655563,-37.846631193665104,3438001,1/2/2016,17.00.00,No,No collision and no object struck,Monday,OUT OF CONTROL ON CARRIAGEWAY (ON STRAIGHT),Unk.,144.99233,-37.84663,STONNINGTON,METROPOLITAN SOUTH EAST REGION,2,1,0,0,1,1,1,0,1,0,0,0,0,0,1,0,0,0,0,0,No,0,2,0,0,0,0,MELB_URBAN,MELB_URBAN,STONNINGTON,METROPOLITAN SOUTH EAST REGION,SOUTH YARRA,2016,2,February
144.95695951055632,-37.78453402182349,3438005,16/2/2016,07.50.00,No,Collision with vehicle,Tuesday,CROSS TRAFFIC(INTERSECTIONS ONLY),Day,144.95696,-37.78453,MELBOURNE,METROPOLITAN NORTH WEST REGION,2,1,0,0,1,1,1,1,1,0,1,0,0,0,0,0,0,0,0,0,No,0,2,0,1,0,0,MELB_URBAN,MELB_URBAN,MELBOURNE,METROPOLITAN NORTH WEST REGION,PARKVILLE,2016,2,February
144.7414658186663,-37.885505151525344,3438010,16/2/2016,06.15.00,No,Collision with vehicle,Tuesday,RIGHT NEAR (INTERSECTIONS ONLY),Dark Street lights on,144.74147,-37.88551,WYNDHAM,METROPOLITAN NORTH WEST REGION,2,1,0,0,1,1,2,0,1,0,1,0,0,0,0,0,0,0,0,0,No,0,2,0,1,0,0,MELB_URBAN,MELB_URBAN,WYNDHAM,METROPOLITAN NORTH WEST REGION,POINT COOK,2016,2,February
144.99863044435003,-37.811768021710016,3438011,16/2/2016,18.42.00,Yes,Collision with vehicle,Monday,LEFT TURN SIDESWIPE,Day,144.99863,-37.81177,YARRA,METROPOLITAN NORTH WEST REGION,2,1,0,0,1,1,1,1,1,0,1,0,0,0,0,0,0,0,0,0,No,0,2,0,1,0,0,MELB_URBAN,MELB_URBAN,YARRA,METROPOLITAN NORTH WEST REGION,RICHMOND,2016,2,February
145.00678915679285,-37.87800427499096,3438023,19/2/2016,09.00.00,No,Collision with vehicle,Friday,VEHICLE STRIKES DOOR OF PARKED/STATIONARY VEHICLE,Day,145.00679,-37.878,GLEN EIRA,METROPOLITAN SOUTH EAST REGION,2,1,0,1,0,1,1,0,1,0,1,0,0,0,0,0,0,0,0,0,No,0,2,0,1,0,0,MELB_URBAN,MELB_URBAN,GLEN EIRA,METROPOLITAN SOUTH EAST REGION,ST KILDA EAST,2016,2,February
144.99842724684774,-37.80682111737357,3438027,24/2/2016,16.00.00,No,Collision with vehicle,Wednesday,U TURN,Day,144.99843,-37.80682,YARRA,METROPOLITAN NORTH WEST REGION,2,1,0,0,1,1,1,1,1,0,1,0,0,0,0,0,0,0,0,0,No,0,2,0,1,0,0,MELB_URBAN,MELB_URBAN,YARRA,METROPOLITAN NORTH WEST REGION,ABBOTSFORD,2016,2,February
145.12394696037984,-38.082388654460296,3438038,26/2/2016,06.50.00,No,Collision with vehicle,Friday,RIGHT THROUGH,Dusk/Dawn,145.12395,-38.082390000000004,FRANKSTON,METROPOLITAN SOUTH EAST REGION,2,1,0,0,1,1,2,0,1,0,1,0,0,0,0,0,0,0,0,0,No,0,2,0,1,0,0,MELB_URBAN,MELB_URBAN,"FRANKSTON,KINGSTON",METROPOLITAN SOUTH EAST REGION,CARRUM,2016,2,February
144.87115018454918,-37.83366791699947,3438045,4/2/2016,10.36.00,No,Collision with vehicle,Thursday,TWO RIGHT TURNING (INTERSECTIONS ONLY),Unk.,144.87115,-37.83367,HOBSONS BAY,METROPOLITAN NORTH WEST REGION,2,1,0,0,1,1,0,1,1,0,1,0,0,0,0,0,0,0,0,0,No,0,2,0,1,0,0,MELB_URBAN,MELB_URBAN,HOBSONS BAY,METROPOLITAN NORTH WEST REGION,NEWPORT,2016,2,February
145.04129774183556,-37.903179719327454,3438051,12/2/2016,20.45.00,Yes,Collision with vehicle,Friday,VEHICLE COLLIDES WITH VEHICLE PARKED ON LEFT OF ROAD,Dark Street lights on,145.0413,-37.90318,GLEN EIRA,METROPOLITAN SOUTH EAST REGION,1,1,0,0,1,0,1,0,1,0,0,0,0,0,0,1,0,0,0,0,No,0,2,0,1,0,0,MELB_URBAN,MELB_URBAN,GLEN EIRA,METROPOLITAN SOUTH EAST REGION,ORMOND,2016,2,February
145.16870683552938,-37.82758247649832,3438068,15/2/2016,08.30.00,No,No collision and no object struck,Monday,OFF CARRIAGEWAY TO LEFT,Day,145.16871,-37.82758,WHITEHORSE,METROPOLITAN SOUTH EAST REGION,2,1,0,0,1,1,1,0,1,0,1,0,0,0,0,0,0,0,0,0,No,0,2,0,1,0,0,MELB_URBAN,MELB_URBAN,WHITEHORSE,METROPOLITAN SOUTH EAST REGION,NUNAWADING,2016,2,February
144.95800869261916,-37.79743800623029,3438085,26/2/2016,11.22.00,No,Collision with vehicle,Friday,LEFT TURN SIDESWIPE,Day,144.95801,-37.79744, , ,2,1,0,0,1,1,1,1,1,0,1,0,0,0,0,0,0,0,0,0,No,0,2,0,1,0,0,MELB_URBAN,MELB_URBAN,MELBOURNE,METROPOLITAN NORTH WEST REGION,PARKVILLE,2016,2,February
144.97506940563932,-37.78491732692669,3438086,26/2/2016,08.48.00,No,Collision with vehicle,Friday,CROSS TRAFFIC(INTERSECTIONS ONLY),Day,144.97507,-37.78492,YARRA,METROPOLITAN NORTH WEST REGION,2,1,0,0,1,1,1,1,1,0,1,0,0,0,0,0,0,0,0,0,No,0,2,0,1,0,0,MELB_URBAN,MELB_URBAN,YARRA,METROPOLITAN NORTH WEST REGION,CARLTON NORTH,2016,2,February
144.96648952039274,-37.737713059922974,3438092,12/2/2016,16.25.00,Yes,Collision with vehicle,Friday,VEHICLE STRIKES ANOTHER VEH WHILE EMERGING FROM DRIVEWAY,Day,144.96649,-37.73771,MORELAND,METROPOLITAN NORTH WEST REGION,2,1,0,1,0,1,1,1,1,0,1,0,0,0,0,0,0,0,0,0,No,0,2,0,1,0,0,MELB_URBAN,MELB_URBAN,MORELAND,METROPOLITAN NORTH WEST REGION,COBURG,2016,2,February
145.007741606621,-37.71673448420135,3438098,12/2/2016,23.47.00,Yes,Collision with vehicle,Friday,RIGHT TURN SIDESWIPE,Dark Street lights on,145.00773999999996,-37.71673,DAREBIN,METROPOLITAN NORTH WEST REGION,2,1,0,0,1,1,2,0,1,0,1,0,0,0,0,0,0,0,0,1,No,0,2,0,1,0,0,MELB_URBAN,MELB_URBAN,DAREBIN,METROPOLITAN NORTH WEST REGION,RESERVOIR,2016,2,February
145.0020776922968,-37.95039148460992,3438123,22/2/2016,15.15.00,No,Collision with vehicle,Monday,VEHICLE COLLIDES WITH VEHICLE PARKED ON LEFT OF ROAD,Day,145.00208,-37.95039000000001,BAYSIDE,METROPOLITAN SOUTH EAST REGION,1,1,0,1,0,0,1,0,1,0,0,0,0,0,0,0,1,0,0,0,No,0,2,0,1,0,0,MELB_URBAN,MELB_URBAN,BAYSIDE,METROPOLITAN SOUTH EAST REGION,SANDRINGHAM,2016,2,February
145.0168404249271,-37.88626786771578,3438131,26/2/2016,11.20.00,No,No collision and no object struck,Friday,OUT OF CONTROL ON CARRIAGEWAY (ON STRAIGHT),Day,145.01684,-37.88627,GLEN EIRA,METROPOLITAN SOUTH EAST REGION,1,1,0,0,1,0,1,0,1,0,0,0,0,0,0,0,0,0,0,0,No,0,1,0,0,0,0,MELB_URBAN,MELB_URBAN,GLEN EIRA,METROPOLITAN SOUTH EAST REGION,CAULFIELD SOUTH,2016,2,February
145.0418193593811,-37.76776391443171,3438141,25/2/2016,15.40.00,No,Collision with vehicle,Thursday,VEHICLE STRIKES ANOTHER VEH WHILE EMERGING FROM DRIVEWAY,Day,145.04182,-37.767759999999996,BANYULE,METROPOLITAN NORTH WEST REGION,2,1,0,0,1,1,1,0,1,0,1,0,0,0,0,0,0,0,0,0,No,0,2,0,1,0,0,MELB_URBAN,MELB_URBAN,BANYULE,METROPOLITAN NORTH WEST REGION,IVANHOE,2016,2,February
144.3239330884869,-36.690196009966066,3438175,22/2/2016,14.00.00,No,Collision with vehicle,Sunday,RIGHT NEAR (INTERSECTIONS ONLY),Day,144.32393000000005,-36.6902,BENDIGO,NORTHERN REGION,2,1,0,0,1,1,1,0,1,0,0,0,0,0,1,0,1,0,0,0,No,0,2,0,0,0,0,LARGE_PROVINCIAL_CITIES,LARGE_PROVINCIAL_CITIES,BENDIGO,NORTHERN REGION,EPSOM,2016,2,February
145.0027095661833,-37.766022436240796,3438188,12/12/2015,10.15.00,No,Collision with vehicle,Saturday,REVERSING IN STREAM OF TRAFFIC,Day,145.00271,-37.76602000000001,DAREBIN,METROPOLITAN NORTH WEST REGION,2,1,0,0,1,1,0,1,1,0,1,0,0,0,0,0,0,0,0,0,No,0,2,0,1,0,0,MELB_URBAN,MELB_URBAN,DAREBIN,METROPOLITAN NORTH WEST REGION,NORTHCOTE,2015,12,December
144.98549361130975,-37.79186038836317,3438212,18/2/2016,05.52.00,Yes,Vehicle overturned (no collision),Thursday,OTHER ACCIDENTS-OFF STRAIGHT NOT INCLUDED IN DCAs 170-175,Dark Street lights on,144.98549,-37.79186,YARRA,METROPOLITAN NORTH WEST REGION,1,1,0,0,1,0,1,0,1,0,0,0,0,0,0,0,0,0,0,0,No,0,1,0,0,0,0,MELB_URBAN,MELB_URBAN,YARRA,METROPOLITAN NORTH WEST REGION,FITZROY NORTH,2016,2,February
144.93270680325602,-37.781373131828715,3438218,18/2/2016,10.00.00,No,Collision with vehicle,Thursday,RIGHT THROUGH,Day,144.93271000000001,-37.78137,MOONEE VALLEY,METROPOLITAN NORTH WEST REGION,2,1,0,0,1,1,1,1,1,0,1,0,0,0,0,0,0,0,0,1,No,0,2,0,1,0,0,MELB_URBAN,MELB_URBAN,MOONEE VALLEY,METROPOLITAN NORTH WEST REGION,TRAVANCORE,2016,2,February
144.9740807277661,-37.85206128236137,3438226,23/2/2016,07.00.00,No,Collision with vehicle,Tuesday,RIGHT THROUGH,Day,144.97408000000001,-37.852059999999994,PORT PHILLIP,METROPOLITAN NORTH WEST REGION,2,1,0,1,0,1,2,0,1,0,1,0,0,0,0,0,0,0,0,0,No,0,2,0,1,0,0,MELB_URBAN,MELB_URBAN,PORT PHILLIP,METROPOLITAN NORTH WEST REGION,ALBERT PARK,2016,2,February
144.7446503704982,-37.73182004211449,3438266,18/2/2016,08.46.00,No,Collision with vehicle,Thursday,VEHICLE OFF FOOTPATH STRIKES VEH ON CARRIAGEWAY,Day,144.74465,-37.73182,MELTON,METROPOLITAN NORTH WEST REGION,2,1,0,0,1,1,1,1,1,0,1,0,0,0,0,0,1,0,0,0,No,0,2,0,1,0,0,MELB_URBAN,MELB_URBAN,MELTON,METROPOLITAN NORTH WEST REGION,CAROLINE SPRINGS,2016,2,February
144.9861477969756,-37.85678634582021,3438267,9/2/2016,22.30.00,Yes,Collision with vehicle,Tuesday,HEAD ON (NOT OVERTAKING),Dark Street lights on,144.98615,-37.856790000000004,PORT PHILLIP,METROPOLITAN NORTH WEST REGION,2,1,0,0,1,1,1,0,1,0,1,0,0,0,0,0,0,0,0,0,No,0,2,0,1,0,0,MELB_URBAN,MELB_URBAN,PORT PHILLIP,METROPOLITAN NORTH WEST REGION,ST KILDA,2016,2,February
144.63824804524026,-37.896174626569156,3438292,27/2/2016,14.00.00,Yes,Collision with vehicle,Saturday,VEHICLE OFF FOOTPATH STRIKES VEH ON CARRIAGEWAY,Unk.,144.63825,-37.89617,WYNDHAM,METROPOLITAN NORTH WEST REGION,2,1,0,0,1,1,1,0,1,0,1,0,0,0,0,0,1,0,0,0,No,0,2,0,0,0,0,MELB_URBAN,MELB_URBAN,WYNDHAM,METROPOLITAN NORTH WEST REGION,WERRIBEE,2016,2,February
144.9781743343334,-37.78000044759783,3438301,14/2/2016,10.48.00,No,Collision with vehicle,Sunday,VEHICLE OFF FOOTPATH STRIKES VEH ON CARRIAGEWAY,Day,144.97817,-37.78,MORELAND,METROPOLITAN NORTH WEST REGION,2,1,0,1,0,1,2,0,1,0,1,0,0,0,0,0,0,0,0,0,No,0,2,0,1,0,0,MELB_URBAN,MELB_URBAN,"YARRA,MORELAND",METROPOLITAN NORTH WEST REGION,FITZROY NORTH,2016,2,February
144.95693848666463,-37.810386729225705,3438319,18/2/2016,07.20.00,No,Collision with vehicle,Thursday,VEHICLE COLLIDES WITH VEHICLE PARKED ON LEFT OF ROAD,Day,144.95694,-37.81039000000001,MELBOURNE,METROPOLITAN NORTH WEST REGION,2,2,0,0,2,0,1,1,1,0,1,0,0,0,0,0,0,0,0,0,No,0,2,0,1,0,0,MELB_URBAN,MELB_URBAN,MELBOURNE,METROPOLITAN NORTH WEST REGION,MELBOURNE,2016,2,February
145.06906955199432,-37.99422826752221,3438321,18/2/2016,18.10.00,Yes,Collision with vehicle,Wednesday,RIGHT THROUGH,Day,145.06906999999995,-37.99423,KINGSTON,METROPOLITAN SOUTH EAST REGION,2,1,0,0,1,1,2,0,1,0,1,0,0,0,0,0,0,0,0,0,No,0,2,0,1,0,0,MELB_URBAN,MELB_URBAN,KINGSTON,METROPOLITAN SOUTH EAST REGION,PARKDALE,2016,2,February
145.17332012765542,-37.965018058857225,3438324,18/2/2016,21.09.00,Yes,Collision with vehicle,Thursday,CROSS TRAFFIC(INTERSECTIONS ONLY),Dark Street lights on,145.17332,-37.96502,DANDENONG,METROPOLITAN SOUTH EAST REGION,2,1,0,0,1,1,2,0,1,0,1,0,0,0,0,0,0,0,0,0,No,0,2,0,1,0,0,MELB_URBAN,MELB_URBAN,DANDENONG,METROPOLITAN SOUTH EAST REGION,NOBLE PARK,2016,2,February
144.96994187949426,-37.800755109358,3438327,23/2/2016,08.45.00,No,Collision with vehicle,Monday,LEFT NEAR (INTERSECTIONS ONLY),Day,144.96993999999995,-37.80076,MELBOURNE,METROPOLITAN NORTH WEST REGION,2,1,0,0,1,1,1,1,1,0,1,0,0,0,0,0,0,0,0,0,No,0,2,0,1,0,0,MELB_URBAN,MELB_URBAN,MELBOURNE,METROPOLITAN NORTH WEST REGION,CARLTON,2016,2,February
145.13717551659852,-38.11447980792335,3438333,20/2/2016,14.30.00,Yes,No collision and no object struck,Saturday,OUT OF CONTROL ON CARRIAGEWAY (ON STRAIGHT),Day,145.13718,-38.11448,FRANKSTON,METROPOLITAN SOUTH EAST REGION,1,1,0,0,1,0,1,0,1,0,0,0,0,0,0,0,0,0,0,0,No,0,1,0,0,0,0,MELB_URBAN,MELB_URBAN,FRANKSTON,METROPOLITAN SOUTH EAST REGION,SEAFORD,2016,2,February