X,Y,OBJECTID,ACCIDENT_DATE,ACCIDENT_TIME,ALCOHOLTIME,ACCIDENT_TYPE,DAY_OF_WEEK,DCA_CODE,LIGHT_CONDITION,LONGITUDE,LATITUDE,LGA_NAME,REGION_NAME,TOTAL_PERSONS,INJ_OR_FATAL,FATALITY,SERIOUSINJURY,OTHERINJURY,NONINJURED,MALES,FEMALES,BICYCLIST,PASSENGER,DRIVER,PEDESTRIAN,PILLION,MOTORIST,UNKNOWN,PED_CYCLIST_5_12,PED_CYCLIST_13_18,OLD_PEDESTRIAN,OLD_DRIVER,YOUNG_DRIVER,ALCOHOL_RELATED,UNLICENCSED,NO_OF_VEHICLES,HEAVYVEHICLE,PASSENGERVEHICLE,MOTORCYCLE,PUBLICVEHICLE,DEG_URBAN_NAME,DEG_URBAN_ALL,LGA_NAME_ALL,REGION_NAME_ALL,Suburb,Year,Month,Month_name
142.4614847199561,-38.37366477269361,3438339,17/2/2016,08.30.00,No,Collision with vehicle,Wednesday,LEFT FAR (INTERSECTIONS ONLY),Day,142.46148,-38.37366,WARRNAMBOOL,SOUTH WESTERN REGION,2,1,0,0,1,1,1,1,1,0,1,0,0,0,0,1,0,0,0,0,No,0,2,0,1,0,0,SMALL_CITIES,SMALL_CITIES,WARRNAMBOOL,SOUTH WESTERN REGION,WARRNAMBOOL,2016,2,February
144.966988559603,-37.816485129867694,3438347,27/2/2016,17.50.00,Yes,Collision with vehicle,Saturday,CROSS TRAFFIC(INTERSECTIONS ONLY),Dusk/Dawn,144.96698999999995,-37.81649,MELBOURNE,METROPOLITAN NORTH WEST REGION,2,1,0,0,1,1,1,1,1,0,1,0,0,0,0,0,0,0,0,0,No,0,2,0,0,0,1,MELBOURNE_CBD,MELBOURNE_CBD,MELBOURNE,METROPOLITAN NORTH WEST REGION,MELBOURNE,2016,2,February
145.01416069274816,-37.90075634521279,3438361,3/2/2016,18.40.00,Yes,Collision with vehicle,Tuesday,VEHICLE STRIKES ANOTHER VEH WHILE EMERGING FROM DRIVEWAY,Unk.,145.01416,-37.90076,GLEN EIRA,METROPOLITAN SOUTH EAST REGION,2,1,0,0,1,1,2,0,1,0,1,0,0,0,0,0,0,0,0,0,No,0,2,0,1,0,0,MELB_URBAN,MELB_URBAN,"GLEN EIRA,BAYSIDE",METROPOLITAN SOUTH EAST REGION,BRIGHTON EAST,2016,2,February
144.1990401405018,-36.68982921992021,3438363,15/2/2016,09.00.00,No,Collision with vehicle,Monday,REAR END(VEHICLES IN SAME LANE),Day,144.19904,-36.68983,BENDIGO,NORTHERN REGION,2,1,0,1,0,1,1,1,1,0,1,0,0,0,0,0,0,0,0,0,No,0,2,0,1,0,0,RURAL_VICTORIA,RURAL_VICTORIA,BENDIGO,NORTHERN REGION,MYERS FLAT,2016,2,February
144.9634939657911,-37.80322014789866,3438378,23/2/2016,08.30.00,No,Collision with vehicle,Monday,OTHER ADJACENT (INTERSECTIONS ONLY),Day,144.96348999999995,-37.80322,MELBOURNE,METROPOLITAN NORTH WEST REGION,2,1,0,0,1,1,0,1,1,0,0,0,0,0,1,0,0,0,0,0,No,0,2,0,0,0,0,MELB_URBAN,MELB_URBAN,MELBOURNE,METROPOLITAN NORTH WEST REGION,CARLTON,2016,2,February
145.00344107868682,-37.80941835580002,3438388,23/2/2016,17.42.00,No,Collision with vehicle,Tuesday,RIGHT THROUGH,Day,145.00343999999996,-37.80942,YARRA,METROPOLITAN NORTH WEST REGION,2,1,0,0,1,1,1,1,1,0,1,0,0,0,0,0,0,0,0,0,No,0,2,0,1,0,0,MELB_URBAN,MELB_URBAN,YARRA,METROPOLITAN NORTH WEST REGION,ABBOTSFORD,2016,2,February
144.95764001089262,-37.80605993988093,3438400,28/2/2016,15.59.00,No,Collision with vehicle,Sunday,VEHICLE STRIKES DOOR OF PARKED/STATIONARY VEHICLE,Day,144.95764,-37.806059999999995,MELBOURNE,METROPOLITAN NORTH WEST REGION,2,1,0,0,1,1,1,0,1,0,1,0,0,0,0,0,0,0,0,0,No,0,2,0,1,0,0,MELB_URBAN,MELB_URBAN,MELBOURNE,METROPOLITAN NORTH WEST REGION,MELBOURNE,2016,2,February
145.87263544728597,-37.560959991240146,3438402,28/2/2016,14.00.00,No,Vehicle overturned (no collision),Sunday,OUT OF CONTROL ON CARRIAGEWAY (ON BEND),Day,145.87264,-37.560959999999994,YARRA RANGES,METROPOLITAN SOUTH EAST REGION,3,1,0,0,1,2,2,1,1,1,1,0,0,0,0,0,0,0,0,0,No,0,2,0,1,0,0,RURAL_VICTORIA,RURAL_VICTORIA,YARRA RANGES,METROPOLITAN SOUTH EAST REGION,CAMBARVILLE,2016,2,February
145.08450340028563,-37.81322346540136,3438410,15/2/2016,07.15.00,Yes,Collision with vehicle,Sunday,RIGHT THROUGH,Day,145.0845,-37.81322,BOROONDARA,METROPOLITAN SOUTH EAST REGION,2,1,0,0,1,1,1,1,1,0,1,0,0,0,0,0,0,0,0,0,No,0,2,0,1,0,0,MELB_URBAN,MELB_URBAN,BOROONDARA,METROPOLITAN SOUTH EAST REGION,BALWYN,2016,2,February
144.99475001766888,-37.82532985092404,3438414,15/2/2016,12.35.00,No,Collision with vehicle,Monday,VEHICLE STRIKES DOOR OF PARKED/STATIONARY VEHICLE,Day,144.99475,-37.82533,YARRA,METROPOLITAN NORTH WEST REGION,2,1,0,1,0,1,1,1,1,0,1,0,0,0,0,0,0,0,0,0,No,0,2,0,1,0,0,MELB_URBAN,MELB_URBAN,YARRA,METROPOLITAN NORTH WEST REGION,CREMORNE,2016,2,February
144.781202303651,-37.84573179820389,3438424,19/1/2016,16.30.00,No,Collision with vehicle,Tuesday,REAR END(VEHICLES IN SAME LANE),Day,144.7812,-37.845729999999996,HOBSONS BAY,METROPOLITAN NORTH WEST REGION,2,1,0,0,1,1,1,0,1,0,1,0,0,0,0,0,0,0,0,0,No,0,2,0,1,0,0,MELB_URBAN,MELB_URBAN,HOBSONS BAY,METROPOLITAN NORTH WEST REGION,LAVERTON NORTH,2016,1,January
144.97992695238295,-37.789731285248976,3438434,24/2/2016,07.40.00,No,Collision with vehicle,Tuesday,RIGHT THROUGH,Day,144.97993,-37.78973,YARRA,METROPOLITAN NORTH WEST REGION,2,1,0,0,1,1,1,1,1,0,1,0,0,0,0,0,0,0,0,1,No,0,2,0,1,0,0,MELB_URBAN,MELB_URBAN,YARRA,METROPOLITAN NORTH WEST REGION,FITZROY NORTH,2016,2,February
144.99488936126326,-37.753281972506855,3438503,25/2/2016,15.45.00,No,Collision with vehicle,Thursday,RIGHT FAR (INTERSECTIONS ONLY),Day,144.99489,-37.75328,DAREBIN,METROPOLITAN NORTH WEST REGION,2,1,0,0,1,1,2,0,1,0,1,0,0,0,0,0,0,0,0,0,No,0,2,0,1,0,0,MELB_URBAN,MELB_URBAN,DAREBIN,METROPOLITAN NORTH WEST REGION,THORNBURY,2016,2,February
145.07950713802506,-37.84853558563536,3438505,29/2/2016,09.00.00,No,Collision with vehicle,Monday,VEHICLE OFF FOOTPATH STRIKES VEH ON CARRIAGEWAY,Day,145.07951,-37.84854,BOROONDARA,METROPOLITAN SOUTH EAST REGION,2,1,0,0,1,1,1,0,1,0,1,0,0,0,0,0,0,0,0,0,No,0,2,0,1,0,0,MELB_URBAN,MELB_URBAN,BOROONDARA,METROPOLITAN SOUTH EAST REGION,CAMBERWELL,2016,2,February
144.97183112977862,-37.770750123722046,3438514,1/2/2016,18.15.00,Yes,Collision with vehicle,Monday,LANE SIDE SWIPE (VEHICLES IN PARALLEL LANES),Day,144.97183,-37.77075,MORELAND,METROPOLITAN NORTH WEST REGION,2,1,0,0,1,1,0,2,1,0,1,0,0,0,0,0,0,0,0,0,No,0,2,0,1,0,0,MELB_URBAN,MELB_URBAN,MORELAND,METROPOLITAN NORTH WEST REGION,BRUNSWICK EAST,2016,2,February
144.9791201664439,-37.80594894703921,3438517,13/1/2016,09.20.00,No,No collision and no object struck,Wednesday,OUT OF CONTROL ON CARRIAGEWAY (ON STRAIGHT),Day,144.97912,-37.80595,YARRA,METROPOLITAN NORTH WEST REGION,1,1,0,1,0,0,0,1,1,0,0,0,0,0,0,0,0,0,0,0,No,0,1,0,0,0,0,MELB_URBAN,MELB_URBAN,YARRA,METROPOLITAN NORTH WEST REGION,FITZROY,2016,1,January
144.97966082008782,-37.868479522881216,3438520,1/2/2016,14.30.00,No,Collision with vehicle,Monday,VEHICLE STRIKES DOOR OF PARKED/STATIONARY VEHICLE,Day,144.97966,-37.86848,PORT PHILLIP,METROPOLITAN NORTH WEST REGION,2,1,0,0,1,1,1,1,1,0,1,0,0,0,0,0,0,0,0,0,No,0,2,0,1,0,0,MELB_URBAN,MELB_URBAN,PORT PHILLIP,METROPOLITAN NORTH WEST REGION,ST KILDA,2016,2,February
144.9957091411176,-37.934775088796364,3438522,6/2/2016,06.15.00,Yes,Collision with vehicle,Saturday,RIGHT NEAR (INTERSECTIONS ONLY),Dark Street lights on,144.99571,-37.934779999999996,BAYSIDE,METROPOLITAN SOUTH EAST REGION,2,1,0,0,1,1,2,0,1,0,1,0,0,0,0,0,0,0,0,0,No,0,2,0,1,0,0,MELB_URBAN,MELB_URBAN,BAYSIDE,METROPOLITAN SOUTH EAST REGION,HAMPTON,2016,2,February
144.98633000615186,-37.90984999728485,3438530,6/2/2016,12.15.00,No,Collision with vehicle,Saturday,VEHICLE STRIKES ANOTHER VEH WHILE EMERGING FROM DRIVEWAY,Day,144.98633,-37.90985,BAYSIDE,METROPOLITAN SOUTH EAST REGION,2,1,0,0,1,1,1,1,1,0,1,0,0,0,0,0,0,0,0,0,No,0,2,0,1,0,0,MELB_URBAN,MELB_URBAN,BAYSIDE,METROPOLITAN SOUTH EAST REGION,BRIGHTON,2016,2,February
144.98014983530518,-37.801830865916926,3438543,11/2/2016,08.40.00,No,Collision with vehicle,Thursday,CROSS TRAFFIC(INTERSECTIONS ONLY),Day,144.98015,-37.801829999999995,YARRA,METROPOLITAN NORTH WEST REGION,2,1,0,0,1,1,1,1,1,0,1,0,0,0,0,0,0,0,0,0,No,0,2,0,1,0,0,MELB_URBAN,MELB_URBAN,YARRA,METROPOLITAN NORTH WEST REGION,FITZROY,2016,2,February
144.94305260572145,-37.80544062346257,3438548,13/12/2015,13.50.00,No,Collision with vehicle,Sunday,VEHICLE OFF FOOTPATH STRIKES VEH ON CARRIAGEWAY,Day,144.94305,-37.805440000000004,MELBOURNE,METROPOLITAN NORTH WEST REGION,2,1,0,0,1,1,0,2,1,0,1,0,0,0,0,0,0,0,0,0,No,0,2,0,1,0,0,MELB_URBAN,MELB_URBAN,MELBOURNE,METROPOLITAN NORTH WEST REGION,WEST MELBOURNE,2015,12,December
144.90020050253324,-37.85919737511262,3438554,21/1/2016,07.00.00,No,Collision with vehicle,Thursday,LANE SIDE SWIPE (VEHICLES IN PARALLEL LANES),Day,144.9002,-37.8592,HOBSONS BAY,METROPOLITAN NORTH WEST REGION,2,1,0,0,1,1,2,0,1,0,1,0,0,0,0,0,0,0,0,0,No,0,2,0,1,0,0,MELB_URBAN,MELB_URBAN,HOBSONS BAY,METROPOLITAN NORTH WEST REGION,WILLIAMSTOWN,2016,1,January
144.7559998412871,-37.88714096432325,3438566,16/1/2016,09.45.00,No,Collision with vehicle,Saturday,VEHICLE OFF FOOTPATH STRIKES VEH ON CARRIAGEWAY,Day,144.756,-37.88714,HOBSONS BAY,METROPOLITAN NORTH WEST REGION,2,1,0,1,0,1,1,1,1,0,1,0,0,0,0,0,0,0,0,0,No,0,2,0,1,0,0,MELB_URBAN,MELB_URBAN,"WYNDHAM,HOBSONS BAY",METROPOLITAN NORTH WEST REGION,SEABROOK,2016,1,January
145.1613093012007,-38.10942750456408,3438568,2/2/2016,05.30.00,Yes,Collision with vehicle,Tuesday,LEFT NEAR (INTERSECTIONS ONLY),Dark Street lights on,145.16131000000001,-38.109429999999996,FRANKSTON,METROPOLITAN SOUTH EAST REGION,2,1,0,0,1,1,2,0,1,0,1,0,0,0,0,0,0,0,0,0,No,0,2,0,1,0,0,MELB_URBAN,MELB_URBAN,FRANKSTON,METROPOLITAN SOUTH EAST REGION,CARRUM DOWNS,2016,2,February
144.992580001964,-37.811079999709314,3438575,5/2/2016,17.30.00,No,Collision with vehicle,Thursday,U TURN,Day,144.99258,-37.81108,YARRA,METROPOLITAN NORTH WEST REGION,2,1,0,0,1,1,1,1,1,0,1,0,0,0,0,0,0,0,0,0,No,0,2,0,1,0,0,MELB_URBAN,MELB_URBAN,YARRA,METROPOLITAN NORTH WEST REGION,RICHMOND,2016,2,February
144.95262151306048,-37.84780291172243,3438577,6/2/2016,16.52.00,Yes,Collision with vehicle,Friday,LEFT NEAR (INTERSECTIONS ONLY),Day,144.95262,-37.8478,PORT PHILLIP,METROPOLITAN NORTH WEST REGION,2,1,0,1,0,1,1,1,1,0,1,0,0,0,0,0,0,0,0,0,No,0,2,0,1,0,0,MELB_URBAN,MELB_URBAN,PORT PHILLIP,METROPOLITAN NORTH WEST REGION,ALBERT PARK,2016,2,February
145.03048897569957,-37.660819593914674,3438585,5/2/2016,22.15.00,Yes,Collision with vehicle,Friday,RIGHT/LEFT. ONE VEH TURNING RIGHT THE OTHER LEFT.,Dark Street lights unknown,145.03049,-37.66082,WHITTLESEA,METROPOLITAN NORTH WEST REGION,2,1,0,0,1,1,2,0,1,0,1,0,0,0,0,0,0,0,0,0,No,0,2,0,1,0,0,MELB_URBAN,MELB_URBAN,WHITTLESEA,METROPOLITAN NORTH WEST REGION,EPPING,2016,2,February
145.03185997204648,-37.841989999301866,3438588,9/2/2016,17.05.00,No,Collision with vehicle,Tuesday,LANE CHANGE LEFT (NOT OVERTAKING),Day,145.03186000000005,-37.84199,STONNINGTON,METROPOLITAN SOUTH EAST REGION,3,1,0,0,1,2,2,1,1,1,1,0,0,0,0,0,0,0,0,0,No,0,2,0,1,0,0,MELB_URBAN,MELB_URBAN,STONNINGTON,METROPOLITAN SOUTH EAST REGION,KOOYONG,2016,2,February
145.01508364288568,-37.97426813298011,3438607,26/1/2016,11.30.00,No,Collision with vehicle,Tuesday,VEHICLE STRIKES DOOR OF PARKED/STATIONARY VEHICLE,Day,145.01508,-37.974270000000004,BAYSIDE,METROPOLITAN SOUTH EAST REGION,2,1,0,0,1,1,1,0,1,1,0,0,0,0,0,0,0,0,0,0,No,0,2,0,1,0,0,MELB_URBAN,MELB_URBAN,BAYSIDE,METROPOLITAN SOUTH EAST REGION,BLACK ROCK,2016,1,January
144.96696157519492,-37.77681120018709,3438656,27/1/2016,16.15.00,No,Collision with vehicle,Wednesday,LEFT TURN SIDESWIPE,Day,144.96696,-37.77681,MORELAND,METROPOLITAN NORTH WEST REGION,2,1,0,0,1,1,1,1,1,0,1,0,0,0,0,0,0,0,0,0,No,0,2,0,1,0,0,MELB_URBAN,MELB_URBAN,MORELAND,METROPOLITAN NORTH WEST REGION,BRUNSWICK,2016,1,January
145.0297308111129,-37.88524582370253,3438670,31/1/2016,11.40.00,No,Collision with vehicle,Sunday,LEFT TURN SIDESWIPE,Day,145.02973,-37.88525,GLEN EIRA,METROPOLITAN SOUTH EAST REGION,2,1,0,0,1,1,1,0,1,0,0,0,0,0,1,0,1,0,0,0,No,0,2,0,0,0,0,MELB_URBAN,MELB_URBAN,GLEN EIRA,METROPOLITAN SOUTH EAST REGION,CAULFIELD,2016,1,January
144.98497148823634,-37.88769185756895,3438678,7/2/2016,10.34.00,No,Collision with vehicle,Sunday,RIGHT TURN SIDESWIPE,Day,144.98497,-37.88769,PORT PHILLIP,METROPOLITAN NORTH WEST REGION,3,1,0,0,1,2,2,1,1,1,1,0,0,0,0,0,0,0,0,1,No,0,2,0,1,0,0,MELB_URBAN,MELB_URBAN,PORT PHILLIP,METROPOLITAN NORTH WEST REGION,ELWOOD,2016,2,February
145.68483332107303,-38.65526157605489,3438682,7/2/2016,08.15.00,Yes,Collision with vehicle,Sunday,U TURN,Day,145.68483,-38.65526,BASS COAST,EASTERN REGION,2,1,0,1,0,1,1,1,2,0,0,0,0,0,0,0,0,0,0,0,No,0,2,0,0,0,0,RURAL_VICTORIA,RURAL_VICTORIA,BASS COAST,"EASTERN REGION,EASTERN REGION",INVERLOCH,2016,2,February
144.3744176259369,-38.08608929583677,3438687,6/2/2016,18.55.00,Yes,Collision with vehicle,Friday,CROSS TRAFFIC(INTERSECTIONS ONLY),Day,144.37442,-38.08609000000001,GEELONG,SOUTH WESTERN REGION,2,1,0,0,1,1,1,1,1,0,1,0,0,0,0,0,0,0,0,0,No,0,2,0,1,0,0,LARGE_PROVINCIAL_CITIES,LARGE_PROVINCIAL_CITIES,GEELONG,SOUTH WESTERN REGION,NORTH SHORE,2016,2,February
145.0205425438118,-37.82585377000196,3438697,11/2/2016,17.15.00,No,Collision with vehicle,Thursday,U TURN,Day,145.02053999999995,-37.82585,YARRA,METROPOLITAN NORTH WEST REGION,2,1,0,1,0,1,2,0,1,0,1,0,0,0,0,0,0,0,0,0,No,0,2,0,1,0,0,MELB_URBAN,MELB_URBAN,YARRA,METROPOLITAN NORTH WEST REGION,BURNLEY,2016,2,February
145.41546187445223,-38.058160250639155,3438698,11/2/2016,15.15.00,No,Collision with vehicle,Thursday,LEFT TURN SIDESWIPE,Day,145.41546,-38.05816,CARDINIA,METROPOLITAN SOUTH EAST REGION,2,1,0,0,1,1,1,1,1,0,1,0,0,0,0,0,1,0,0,0,No,0,2,0,1,0,0,RURAL_VICTORIA,RURAL_VICTORIA,CARDINIA,METROPOLITAN SOUTH EAST REGION,OFFICER,2016,2,February
144.96001724961417,-37.81961349911555,3438703,26/1/2016,05.30.00,Yes,Collision with vehicle,Tuesday,REAR END(VEHICLES IN SAME LANE),Dark Street lights unknown,144.96002,-37.81961,MELBOURNE,METROPOLITAN NORTH WEST REGION,2,1,0,0,1,1,0,1,1,0,1,0,0,0,0,0,0,0,0,0,No,0,2,0,1,0,0,MELBOURNE_CBD,"MELBOURNE_CBD,MELB_URBAN",MELBOURNE,METROPOLITAN NORTH WEST REGION,MELBOURNE,2016,1,January
144.95459806926598,-37.81227568935777,3438706,28/1/2016,06.00.00,Yes,Collision with vehicle,Thursday,RIGHT THROUGH,Dusk/Dawn,144.9546,-37.81228,MELBOURNE,METROPOLITAN NORTH WEST REGION,3,1,0,0,1,2,3,0,1,0,2,0,0,0,0,0,0,0,0,1,No,0,3,1,1,0,0,MELBOURNE_CBD,"MELBOURNE_CBD,MELB_URBAN",MELBOURNE,METROPOLITAN NORTH WEST REGION,MELBOURNE,2016,1,January
144.73850108993938,-38.339582839143475,3438715,27/1/2016,10.15.00,No,No collision and no object struck,Tuesday,LEFT TURN SIDESWIPE,Day,144.7385,-38.33958,MORNINGTON PENINSULA,METROPOLITAN SOUTH EAST REGION,2,1,0,0,1,1,2,0,1,0,1,0,0,0,0,0,0,0,0,1,No,0,2,0,1,0,0,MELB_URBAN,MELB_URBAN,MORNINGTON PENINSULA,METROPOLITAN SOUTH EAST REGION,SORRENTO,2016,1,January
145.01161332217356,-37.769540104882566,3438720,2/2/2016,17.45.00,No,Collision with vehicle,Tuesday,LANE CHANGE LEFT (NOT OVERTAKING),Day,145.01161000000005,-37.76954,DAREBIN,METROPOLITAN NORTH WEST REGION,2,1,0,0,1,1,2,0,1,0,1,0,0,0,0,0,0,0,0,0,No,0,2,0,1,0,0,MELB_URBAN,MELB_URBAN,DAREBIN,METROPOLITAN NORTH WEST REGION,NORTHCOTE,2016,2,February
143.833650062961,-37.52787035051391,3438723,2/2/2016,17.23.00,No,Collision with vehicle,Tuesday,CROSS TRAFFIC(INTERSECTIONS ONLY),Day,143.83365,-37.52787,BALLARAT,WESTERN REGION,2,1,0,1,0,1,0,2,1,0,1,0,0,0,0,0,0,0,0,0,No,0,2,0,1,0,0,LARGE_PROVINCIAL_CITIES,LARGE_PROVINCIAL_CITIES,BALLARAT,WESTERN REGION,WENDOUREE,2016,2,February
144.99759573842536,-37.80029437112825,3438724,19/1/2016,06.20.00,No,Collision with vehicle,Tuesday,RIGHT TURN SIDESWIPE,Dusk/Dawn,144.9976,-37.800290000000004,YARRA,METROPOLITAN NORTH WEST REGION,2,1,0,1,0,1,0,2,1,0,1,0,0,0,0,0,0,0,0,0,No,0,2,0,1,0,0,MELB_URBAN,MELB_URBAN,YARRA,METROPOLITAN NORTH WEST REGION,ABBOTSFORD,2016,1,January
144.90758814711725,-37.7653162565516,3438731,3/2/2016,16.28.00,No,Collision with vehicle,Wednesday,LEFT TURN SIDESWIPE,Day,144.90759,-37.76532,MOONEE VALLEY,METROPOLITAN NORTH WEST REGION,2,1,0,0,1,1,1,1,1,0,1,0,0,0,0,0,1,0,0,0,No,0,2,0,1,0,0,MELB_URBAN,MELB_URBAN,MOONEE VALLEY,METROPOLITAN NORTH WEST REGION,MOONEE PONDS,2016,2,February
145.03958147448867,-37.94847550261553,3438732,5/2/2016,18.50.00,Yes,Collision with vehicle,Friday,REAR END(VEHICLES IN SAME LANE),Day,145.03958,-37.948479999999996,BAYSIDE,METROPOLITAN SOUTH EAST REGION,2,1,0,0,1,1,2,0,1,0,1,0,0,0,0,0,0,0,1,0,No,1,2,0,1,0,0,MELB_URBAN,MELB_URBAN,BAYSIDE,METROPOLITAN SOUTH EAST REGION,HIGHETT,2016,2,February
145.1220839221053,-38.04438861491368,3440772,13/3/2016,06.07.00,Yes,Other accident,Sunday,OTHER ACCIDENTS NOT CLASSIFIABLE ELSEWHERE,Dark Street lights on,145.12208,-38.04439,KINGSTON,METROPOLITAN SOUTH EAST REGION,1,1,0,0,1,0,1,0,1,0,0,0,0,0,0,0,0,0,0,0,No,0,1,0,0,0,0,MELB_URBAN,MELB_URBAN,KINGSTON,METROPOLITAN SOUTH EAST REGION,CHELSEA,2016,3,March
144.95625225289967,-37.803785018875686,3440792,16/3/2016,21.03.00,Yes,Collision with vehicle,Wednesday,RIGHT TURN SIDESWIPE,Dark Street lights on,144.95625,-37.80379,MELBOURNE,METROPOLITAN NORTH WEST REGION,2,1,0,0,1,1,2,0,1,0,0,0,0,1,0,0,0,0,0,0,No,0,2,0,0,1,0,MELB_URBAN,MELB_URBAN,MELBOURNE,METROPOLITAN NORTH WEST REGION,NORTH MELBOURNE,2016,3,March
145.0020953495443,-37.854973175821094,3440800,2/3/2016,17.00.00,No,Collision with vehicle,Tuesday,RIGHT THROUGH,Day,145.0021,-37.85497,STONNINGTON,METROPOLITAN SOUTH EAST REGION,2,1,0,0,1,1,1,1,1,0,1,0,0,0,0,0,0,0,1,0,No,0,2,0,1,0,0,MELB_URBAN,MELB_URBAN,STONNINGTON,METROPOLITAN SOUTH EAST REGION,PRAHRAN,2016,3,March
144.97823793676946,-37.77957981033028,3440807,3/3/2016,18.50.00,Yes,Collision with vehicle,Thursday,RIGHT THROUGH,Day,144.97824,-37.779579999999996,MORELAND,METROPOLITAN NORTH WEST REGION,2,1,0,1,0,1,2,0,1,0,1,0,0,0,0,0,0,0,0,0,No,0,2,0,1,0,0,MELB_URBAN,MELB_URBAN,"YARRA,MORELAND",METROPOLITAN NORTH WEST REGION,FITZROY NORTH,2016,3,March
144.29861493953473,-36.739580095061406,3440846,16/3/2016,18.50.00,Yes,Collision with vehicle,Wednesday,REAR END(VEHICLES IN SAME LANE),Day,144.29861,-36.73958,BENDIGO,NORTHERN REGION,2,1,0,1,0,1,1,0,1,0,1,0,0,0,0,0,0,0,0,0,No,0,2,0,1,0,0,LARGE_PROVINCIAL_CITIES,LARGE_PROVINCIAL_CITIES,BENDIGO,NORTHERN REGION,WHITE HILLS,2016,3,March
144.738000744699,-37.722357852400506,3440849,3/3/2016,15.10.00,No,Collision with vehicle,Thursday,VEHICLE OFF FOOTPATH STRIKES VEH ON CARRIAGEWAY,Day,144.738,-37.722359999999995,MELTON,METROPOLITAN NORTH WEST REGION,2,1,0,0,1,1,1,0,1,0,0,0,0,0,1,0,1,0,0,0,No,0,2,0,0,0,0,MELB_URBAN,MELB_URBAN,MELTON,METROPOLITAN NORTH WEST REGION,CAROLINE SPRINGS,2016,3,March
144.8686136580437,-37.688655874754254,3440855,3/3/2016,19.15.00,Yes,Collision with vehicle,Thursday,LEFT NEAR (INTERSECTIONS ONLY),Day,144.86861000000005,-37.68866,HUME,METROPOLITAN NORTH WEST REGION,2,1,0,0,1,1,1,1,1,0,1,0,0,0,0,0,0,0,0,0,No,0,2,0,1,0,0,MELB_URBAN,MELB_URBAN,HUME,METROPOLITAN NORTH WEST REGION,MELBOURNE AIRPORT,2016,3,March
144.94253016353818,-37.758393569160006,3440861,28/2/2016,21.45.00,No,Collision with vehicle,,RIGHT THROUGH,Dark Street lights on,144.94253,-37.75839000000001,MORELAND,METROPOLITAN NORTH WEST REGION,2,1,0,0,1,1,1,1,1,0,1,0,0,0,0,0,0,0,0,0,No,0,2,0,1,0,0,MELB_URBAN,MELB_URBAN,MORELAND,METROPOLITAN NORTH WEST REGION,BRUNSWICK WEST,2016,2,February
144.95475054082738,-37.85076929974919,3440870,8/3/2016,19.15.00,Yes,Struck Pedestrian,Tuesday,PED EMERGES FROM IN FRONT OF PARKED OR STATIONARY VEHICLE,Day,144.95475,-37.850770000000004,PORT PHILLIP,METROPOLITAN NORTH WEST REGION,2,2,0,0,2,0,1,1,1,0,0,1,0,0,0,1,0,0,0,0,No,0,1,0,0,0,0,MELB_URBAN,MELB_URBAN,PORT PHILLIP,METROPOLITAN NORTH WEST REGION,MIDDLE PARK,2016,3,March
144.97268801304196,-37.78465727992077,3440886,1/2/2016,16.20.00,No,Collision with vehicle,Monday,CROSS TRAFFIC(INTERSECTIONS ONLY),Day,144.97269,-37.784659999999995,YARRA,METROPOLITAN NORTH WEST REGION,2,1,0,0,1,1,2,0,1,0,1,0,0,0,0,0,0,0,0,0,No,0,2,0,1,0,0,MELB_URBAN,MELB_URBAN,YARRA,METROPOLITAN NORTH WEST REGION,CARLTON NORTH,2016,2,February
144.72817897479186,-37.5764495358763,3440893,18/3/2016,17.35.00,Yes,Collision with vehicle,Friday,VEHICLE STRIKES ANOTHER VEH WHILE EMERGING FROM DRIVEWAY,Day,144.72818,-37.57645,HUME,METROPOLITAN NORTH WEST REGION,3,1,0,0,1,2,2,1,1,1,1,0,0,0,0,0,1,0,0,1,No,0,2,0,1,0,0,SMALL_CITIES,SMALL_CITIES,HUME,METROPOLITAN NORTH WEST REGION,SUNBURY,2016,3,March
145.2596303510161,-37.858019334091075,3440897,18/3/2016,20.44.00,Yes,Collision with vehicle,Friday,VEHICLE OFF FOOTPATH STRIKES VEH ON CARRIAGEWAY,Dark Street lights on,145.25963000000004,-37.85802,KNOX,METROPOLITAN SOUTH EAST REGION,2,1,0,1,0,1,2,0,1,0,1,0,0,0,0,0,1,0,0,0,No,0,2,0,1,0,0,MELB_URBAN,MELB_URBAN,KNOX,METROPOLITAN SOUTH EAST REGION,BORONIA,2016,3,March
144.594569669878,-37.46915547121984,3440903,3/3/2016,12.40.00,No,Collision with vehicle,Thursday,RIGHT THROUGH,Day,144.59457,-37.469159999999995,MACEDON RANGES,NORTHERN REGION,2,1,0,0,1,1,1,1,1,0,1,0,0,0,0,0,0,0,1,0,No,0,2,0,1,0,0,TOWNS,TOWNS,MACEDON RANGES,NORTHERN REGION,NEW GISBORNE,2016,3,March
144.9493902530038,-37.80927687913979,3440906,4/3/2016,08.30.00,No,Collision with vehicle,Friday,RIGHT THROUGH,Day,144.94939,-37.80928,MELBOURNE,METROPOLITAN NORTH WEST REGION,2,1,0,0,1,1,2,0,1,0,1,0,0,0,0,0,0,0,0,0,No,0,2,0,1,0,0,MELB_URBAN,MELB_URBAN,MELBOURNE,METROPOLITAN NORTH WEST REGION,WEST MELBOURNE,2016,3,March