X,Y,OBJECTID,ACCIDENT_DATE,ACCIDENT_TIME,ALCOHOLTIME,ACCIDENT_TYPE,DAY_OF_WEEK,DCA_CODE,LIGHT_CONDITION,LONGITUDE,LATITUDE,LGA_NAME,REGION_NAME,TOTAL_PERSONS,INJ_OR_FATAL,FATALITY,SERIOUSINJURY,OTHERINJURY,NONINJURED,MALES,FEMALES,BICYCLIST,PASSENGER,DRIVER,PEDESTRIAN,PILLION,MOTORIST,UNKNOWN,PED_CYCLIST_5_12,PED_CYCLIST_13_18,OLD_PEDESTRIAN,OLD_DRIVER,YOUNG_DRIVER,ALCOHOL_RELATED,UNLICENCSED,NO_OF_VEHICLES,HEAVYVEHICLE,PASSENGERVEHICLE,MOTORCYCLE,PUBLICVEHICLE,DEG_URBAN_NAME,DEG_URBAN_ALL,LGA_NAME_ALL,REGION_NAME_ALL,Suburb,Year,Month,Month_name
144.98551871577826,-37.81063236647335,3441515,14/5/2016,19.15.00,Yes,Collision with vehicle,Friday,VEHICLE STRIKES DOOR OF PARKED/STATIONARY VEHICLE,Dark Street lights on,144.98552,-37.810629999999996,MELBOURNE,METROPOLITAN NORTH WEST REGION,2,2,0,0,2,0,2,0,1,0,1,0,0,0,0,0,0,0,0,0,No,0,2,0,1,0,0,MELB_URBAN,MELB_URBAN,MELBOURNE,METROPOLITAN NORTH WEST REGION,EAST MELBOURNE,2016,5,May
144.99616295587194,-37.83682516835345,3441523,13/5/2016,17.10.00,Yes,Collision with vehicle,Friday,VEHICLE STRIKES DOOR OF PARKED/STATIONARY VEHICLE,Dusk/Dawn,144.99616,-37.83683,STONNINGTON,METROPOLITAN SOUTH EAST REGION,3,1,0,0,1,2,0,3,1,1,1,0,0,0,0,0,0,0,0,0,No,0,2,0,1,0,0,MELB_URBAN,MELB_URBAN,STONNINGTON,METROPOLITAN SOUTH EAST REGION,SOUTH YARRA,2016,5,May
145.05882055920506,-37.87726709915589,3441530,2/5/2016,09.34.00,No,Collision with vehicle,Monday,VEHICLE STRIKES DOOR OF PARKED/STATIONARY VEHICLE,Day,145.05882,-37.87727,STONNINGTON,METROPOLITAN SOUTH EAST REGION,2,1,0,1,0,1,1,1,1,0,1,0,0,0,0,0,0,0,0,0,No,0,2,0,1,0,0,MELB_URBAN,MELB_URBAN,STONNINGTON,METROPOLITAN SOUTH EAST REGION,MALVERN EAST,2016,5,May
144.95510880026785,-37.83332178036671,3441537,2/5/2016,09.00.00,No,Collision with vehicle,Monday,RIGHT THROUGH,Day,144.95511000000005,-37.83332,PORT PHILLIP,METROPOLITAN NORTH WEST REGION,2,1,0,0,1,1,2,0,1,0,0,0,0,1,0,0,0,0,0,0,No,0,2,0,0,1,0,MELB_URBAN,MELB_URBAN,PORT PHILLIP,METROPOLITAN NORTH WEST REGION,SOUTH MELBOURNE,2016,5,May
145.11031620361587,-38.041629608258255,3441577,15/5/2016,11.00.00,No,Collision with vehicle,Sunday,VEHICLE OFF FOOTPATH STRIKES VEH ON CARRIAGEWAY,Day,145.11032,-38.04163,KINGSTON,METROPOLITAN SOUTH EAST REGION,2,1,0,0,1,1,1,1,1,0,1,0,0,0,0,0,0,0,0,0,No,0,2,0,1,0,0,MELB_URBAN,MELB_URBAN,KINGSTON,METROPOLITAN SOUTH EAST REGION,EDITHVALE,2016,5,May
144.97207183027848,-37.76944020415913,3441584,4/4/2016,15.30.00,No,Collision with vehicle,Monday,VEHICLE STRIKES DOOR OF PARKED/STATIONARY VEHICLE,Day,144.97207,-37.76944,MORELAND,METROPOLITAN NORTH WEST REGION,3,1,0,0,1,2,3,0,1,0,2,0,0,0,0,0,0,0,0,0,No,0,3,0,2,0,0,MELB_URBAN,MELB_URBAN,MORELAND,METROPOLITAN NORTH WEST REGION,BRUNSWICK EAST,2016,4,April
145.02036323119322,-37.80024836451551,3441607,11/5/2016,18.00.00,Yes,Collision with vehicle,Wednesday,RIGHT NEAR (INTERSECTIONS ONLY),Dark Street lights on,145.02036,-37.80025,BOROONDARA,METROPOLITAN SOUTH EAST REGION,2,1,0,0,1,1,1,1,1,0,1,0,0,0,0,0,0,0,0,0,No,0,2,0,1,0,0,MELB_URBAN,MELB_URBAN,BOROONDARA,METROPOLITAN SOUTH EAST REGION,KEW,2016,5,May
142.48880757704896,-38.38223333514599,3441618,8/5/2016,10.30.00,No,No collision and no object struck,Sunday,OUT OF CONTROL ON CARRIAGEWAY (ON STRAIGHT),Day,142.48881,-38.38223,WARRNAMBOOL,SOUTH WESTERN REGION,1,1,0,0,1,0,1,0,1,0,0,0,0,0,0,0,0,0,0,0,No,0,1,0,0,0,0,SMALL_CITIES,SMALL_CITIES,WARRNAMBOOL,SOUTH WESTERN REGION,WARRNAMBOOL,2016,5,May
144.97425152367208,-37.78987016474621,3441622,20/4/2016,14.00.00,No,Collision with vehicle,Tuesday,VEHICLE STRIKES DOOR OF PARKED/STATIONARY VEHICLE,Day,144.97425,-37.78987,YARRA,METROPOLITAN NORTH WEST REGION,2,1,0,0,1,1,1,1,1,0,1,0,0,0,0,0,0,0,0,0,No,0,2,0,1,0,0,MELB_URBAN,MELB_URBAN,YARRA,METROPOLITAN NORTH WEST REGION,CARLTON NORTH,2016,4,April
144.28845801885726,-38.13921960850847,3441648,6/5/2016,13.15.00,No,No collision and no object struck,Friday,OUT OF CONTROL ON CARRIAGEWAY (ON STRAIGHT),Day,144.28846000000001,-38.13922,GEELONG,SOUTH WESTERN REGION,1,1,0,1,0,0,1,0,1,0,0,0,0,0,0,0,0,0,0,0,No,0,1,0,0,0,0,RURAL_VICTORIA,RURAL_VICTORIA,GEELONG,SOUTH WESTERN REGION,FYANSFORD,2016,5,May
144.92690569369458,-37.772703697845294,3441651,7/5/2016,08.13.00,No,Collision with vehicle,Saturday,RIGHT THROUGH,Day,144.92691000000005,-37.7727,MOONEE VALLEY,METROPOLITAN NORTH WEST REGION,2,1,0,0,1,1,1,1,1,0,1,0,0,0,0,0,0,0,1,0,No,0,2,0,1,0,0,MELB_URBAN,MELB_URBAN,MOONEE VALLEY,METROPOLITAN NORTH WEST REGION,ASCOT VALE,2016,5,May
146.0127594925945,-38.57839933575179,3441655,7/5/2016,10.20.00,No,Collision with vehicle,Saturday,LEFT TURN SIDESWIPE,Day,146.01276000000001,-38.5784,SOUTH GIPPSLAND,EASTERN REGION,3,1,0,0,1,2,1,2,1,1,1,0,0,0,0,0,0,0,0,0,No,0,2,0,1,0,0,SMALL_TOWNS,SMALL_TOWNS,SOUTH GIPPSLAND,"EASTERN REGION,EASTERN REGION",MEENIYAN,2016,5,May
144.97506940563932,-37.78491732692669,3441664,7/5/2016,08.50.00,No,Collision with vehicle,Saturday,RIGHT FAR (INTERSECTIONS ONLY),Day,144.97507,-37.78492,YARRA,METROPOLITAN NORTH WEST REGION,2,1,0,0,1,1,1,1,1,0,1,0,0,0,0,0,0,0,0,0,No,0,2,0,1,0,0,MELB_URBAN,MELB_URBAN,YARRA,METROPOLITAN NORTH WEST REGION,CARLTON NORTH,2016,5,May
144.99300902814156,-37.760661473357146,3441665,10/5/2016,19.30.00,Yes,Collision with vehicle,Tuesday,VEHICLE OFF FOOTPATH STRIKES VEH ON CARRIAGEWAY,Dark Street lights on,144.99301,-37.760659999999994,DAREBIN,METROPOLITAN NORTH WEST REGION,2,1,0,0,1,1,1,1,1,0,1,0,0,0,0,0,0,0,0,0,No,0,2,0,1,0,0,MELB_URBAN,MELB_URBAN,DAREBIN,METROPOLITAN NORTH WEST REGION,THORNBURY,2016,5,May
144.99254964050076,-37.87675014384227,3441677,23/4/2016,08.00.00,Yes,Collision with vehicle,Saturday,VEHICLE STRIKES DOOR OF PARKED/STATIONARY VEHICLE,Day,144.99255,-37.87675,PORT PHILLIP,METROPOLITAN NORTH WEST REGION,2,1,0,0,1,1,1,1,1,0,1,0,0,0,0,0,0,0,0,0,No,1,2,0,1,0,0,MELB_URBAN,MELB_URBAN,PORT PHILLIP,METROPOLITAN NORTH WEST REGION,RIPPONLEA,2016,4,April
144.96037554216934,-37.80818236745455,3441687,3/5/2016,08.22.00,No,Collision with vehicle,Tuesday,RIGHT TURN SIDESWIPE,Day,144.96038000000001,-37.80818,MELBOURNE,METROPOLITAN NORTH WEST REGION,2,1,0,0,1,1,1,0,1,0,1,0,0,0,0,0,0,0,0,0,No,0,2,0,1,0,0,MELB_URBAN,MELB_URBAN,MELBOURNE,METROPOLITAN NORTH WEST REGION,MELBOURNE,2016,5,May
144.9949004963609,-37.876537383064225,3441688,2/5/2016,17.45.00,No,Collision with vehicle,Monday,LANE SIDE SWIPE (VEHICLES IN PARALLEL LANES),Unk.,144.9949,-37.87654000000001,PORT PHILLIP,METROPOLITAN NORTH WEST REGION,2,1,0,0,1,1,2,0,1,0,1,0,0,0,0,0,0,0,0,0,No,0,2,0,1,0,0,MELB_URBAN,MELB_URBAN,PORT PHILLIP,METROPOLITAN NORTH WEST REGION,RIPPONLEA,2016,5,May
145.01513965616292,-37.82784350244844,3441698,7/5/2016,12.50.00,No,Collision with vehicle,Saturday,REAR END(VEHICLES IN SAME LANE),Day,145.01514,-37.82784,YARRA,METROPOLITAN NORTH WEST REGION,2,1,0,0,1,1,2,0,1,0,1,0,0,0,0,0,0,0,1,0,No,0,2,0,1,0,0,MELB_URBAN,MELB_URBAN,YARRA,METROPOLITAN NORTH WEST REGION,BURNLEY,2016,5,May
144.9635295854639,-37.72293000641413,3441710,12/5/2016,09.15.00,No,Collision with vehicle,Thursday,VEHICLE STRIKES ANOTHER VEH WHILE EMERGING FROM DRIVEWAY,Day,144.96353,-37.72293,MORELAND,METROPOLITAN NORTH WEST REGION,2,1,0,0,1,1,1,1,1,0,1,0,0,0,0,1,0,0,0,0,No,0,2,0,1,0,0,MELB_URBAN,MELB_URBAN,MORELAND,METROPOLITAN NORTH WEST REGION,COBURG NORTH,2016,5,May
144.93435853113115,-37.788569393464776,3441711,12/5/2016,07.30.00,No,Collision with vehicle,Wednesday,RIGHT THROUGH,Day,144.93436,-37.78857,MELBOURNE,METROPOLITAN NORTH WEST REGION,2,1,0,0,1,1,1,1,1,0,1,0,0,0,0,0,0,0,0,0,No,0,2,0,0,0,0,MELB_URBAN,MELB_URBAN,"MOONEE VALLEY,MELBOURNE",METROPOLITAN NORTH WEST REGION,KENSINGTON,2016,5,May
145.2123129035416,-37.702241829068655,3441736,29/4/2016,11.50.00,No,Collision with a fixed object,Friday,OFF RIGHT BEND INTO OBJECT/PARKED VEHICLE,Day,145.21231,-37.70224,NILLUMBIK,METROPOLITAN NORTH WEST REGION,2,1,0,1,0,1,1,0,1,0,1,0,0,0,0,0,0,0,0,0,No,0,2,0,1,0,0,RURAL_VICTORIA,RURAL_VICTORIA,NILLUMBIK,METROPOLITAN NORTH WEST REGION,KANGAROO GROUND,2016,4,April
144.91015914892625,-37.67687658738321,3442745,22/6/2016,08.45.00,No,Collision with vehicle,Wednesday,CROSS TRAFFIC(INTERSECTIONS ONLY),Day,144.91016000000005,-37.67688,HUME,METROPOLITAN NORTH WEST REGION,2,1,0,0,1,1,1,1,1,0,1,0,0,0,0,0,0,0,0,0,No,0,2,0,1,0,0,MELB_URBAN,MELB_URBAN,HUME,METROPOLITAN NORTH WEST REGION,BROADMEADOWS,2016,6,June
145.01663501631685,-37.77412975063867,3442763,11/6/2016,10.30.00,No,Collision with vehicle,Saturday,CROSS TRAFFIC(INTERSECTIONS ONLY),Day,145.01664,-37.77413,DAREBIN,METROPOLITAN NORTH WEST REGION,2,2,0,0,2,0,2,0,1,0,1,0,0,0,0,0,0,0,0,0,No,0,2,0,1,0,0,MELB_URBAN,MELB_URBAN,DAREBIN,METROPOLITAN NORTH WEST REGION,FAIRFIELD,2016,6,June
144.99744230835375,-37.82841936650178,3442782,17/6/2016,09.50.00,No,Collision with vehicle,Friday,RIGHT THROUGH,Day,144.99743999999995,-37.82842,YARRA,METROPOLITAN NORTH WEST REGION,2,1,0,0,1,1,1,1,1,0,1,0,0,0,0,0,0,0,0,1,No,0,2,0,1,0,0,MELB_URBAN,MELB_URBAN,YARRA,METROPOLITAN NORTH WEST REGION,CREMORNE,2016,6,June
144.97199859640563,-37.78883082743621,3442785,17/6/2016,07.35.00,No,Collision with vehicle,Thursday,CROSS TRAFFIC(INTERSECTIONS ONLY),Day,144.972,-37.78883,YARRA,METROPOLITAN NORTH WEST REGION,2,1,0,0,1,1,1,1,1,0,1,0,0,0,0,0,0,0,0,0,No,0,2,0,1,0,0,MELB_URBAN,MELB_URBAN,YARRA,METROPOLITAN NORTH WEST REGION,CARLTON NORTH,2016,6,June
144.98581999780805,-37.77604000055632,3442787,15/6/2016,18.10.00,Yes,Collision with vehicle,Tuesday,LEFT NEAR (INTERSECTIONS ONLY),Dark Street lights on,144.98582,-37.77604,YARRA,METROPOLITAN NORTH WEST REGION,2,1,0,0,1,1,0,1,1,0,1,0,0,0,0,0,0,0,0,0,No,0,2,0,1,0,0,MELB_URBAN,MELB_URBAN,"YARRA,MORELAND",METROPOLITAN NORTH WEST REGION,FITZROY NORTH,2016,6,June
144.99230764991526,-37.81780818603728,3442793,22/6/2016,08.25.00,No,Collision with vehicle,Wednesday,LEFT TURN SIDESWIPE,Day,144.99231,-37.817809999999994,YARRA,METROPOLITAN NORTH WEST REGION,2,1,0,0,1,1,2,0,1,0,1,0,0,0,0,0,0,0,0,0,No,0,2,0,1,0,0,MELB_URBAN,MELB_URBAN,YARRA,METROPOLITAN NORTH WEST REGION,RICHMOND,2016,6,June
144.89841071003912,-37.798233230773775,3442797,18/6/2016,08.30.00,No,Vehicle overturned (no collision),Saturday,OUT OF CONTROL ON CARRIAGEWAY (ON STRAIGHT),Day,144.89841,-37.79823,MARIBYRNONG,METROPOLITAN NORTH WEST REGION,1,1,0,1,0,0,0,1,1,0,0,0,0,0,0,0,0,0,0,0,No,0,1,0,0,0,0,MELB_URBAN,MELB_URBAN,MARIBYRNONG,METROPOLITAN NORTH WEST REGION,FOOTSCRAY,2016,6,June
144.95532227704538,-37.80846574287409,3442801,22/6/2016,08.35.00,No,Collision with vehicle,Wednesday,REAR END(VEHICLES IN SAME LANE),Day,144.95532,-37.80847,MELBOURNE,METROPOLITAN NORTH WEST REGION,4,1,0,1,0,3,3,1,1,1,2,0,0,0,0,0,0,0,0,0,No,0,3,0,2,0,0,MELB_URBAN,MELB_URBAN,MELBOURNE,METROPOLITAN NORTH WEST REGION,WEST MELBOURNE,2016,6,June
145.02881265708652,-37.88764030203508,3442805,27/6/2016,08.30.00,No,Vehicle overturned (no collision),Monday,OUT OF CONTROL ON CARRIAGEWAY (ON STRAIGHT),Day,145.02881000000005,-37.88764000000001,GLEN EIRA,METROPOLITAN SOUTH EAST REGION,1,1,0,0,1,0,1,0,1,0,0,0,0,0,0,0,0,0,0,0,No,0,1,0,0,0,0,MELB_URBAN,MELB_URBAN,GLEN EIRA,METROPOLITAN SOUTH EAST REGION,CAULFIELD,2016,6,June
145.07545202607176,-37.90159614862781,3442853,22/6/2016,17.00.00,No,Collision with vehicle,Wednesday,LEFT NEAR (INTERSECTIONS ONLY),Dark Street lights on,145.07545,-37.9016,GLEN EIRA,METROPOLITAN SOUTH EAST REGION,2,1,0,0,1,1,1,0,1,0,1,0,0,0,0,0,0,0,0,0,No,0,2,0,1,0,0,MELB_URBAN,MELB_URBAN,"MONASH,GLEN EIRA",METROPOLITAN SOUTH EAST REGION,MURRUMBEENA,2016,6,June
145.2306046681993,-37.80978985004485,3442862,28/6/2016,16.21.00,No,Collision with vehicle,Tuesday,VEHICLE STRIKES ANOTHER VEH WHILE EMERGING FROM DRIVEWAY,Day,145.2306,-37.80979,MAROONDAH,METROPOLITAN SOUTH EAST REGION,2,1,0,1,0,1,1,0,1,0,1,0,0,0,0,0,1,0,0,1,No,0,2,0,1,0,0,MELB_URBAN,MELB_URBAN,MAROONDAH,METROPOLITAN SOUTH EAST REGION,RINGWOOD,2016,6,June
144.89497999588923,-37.84539999632306,3442875,12/6/2016,13.00.00,No,Collision with vehicle,,LEFT TURN SIDESWIPE,Day,144.89498,-37.8454,HOBSONS BAY,METROPOLITAN NORTH WEST REGION,2,1,0,1,0,1,1,1,1,0,1,0,0,0,0,0,0,0,1,0,No,0,2,0,1,0,0,MELB_URBAN,MELB_URBAN,HOBSONS BAY,METROPOLITAN NORTH WEST REGION,NEWPORT,2016,6,June
144.98569001731542,-37.864119989233664,3442906,6/6/2016,17.20.00,Yes,Collision with vehicle,Sunday,LANE CHANGE LEFT (NOT OVERTAKING),Day,144.98568999999995,-37.86412,PORT PHILLIP,METROPOLITAN NORTH WEST REGION,2,1,0,0,1,1,2,0,1,0,1,0,0,0,0,0,0,0,0,0,No,0,2,0,1,0,0,MELB_URBAN,MELB_URBAN,PORT PHILLIP,METROPOLITAN NORTH WEST REGION,ST KILDA,2016,6,June
144.95934343076934,-37.7370124410259,3442940,26/4/2016,19.30.00,Yes,Collision with vehicle,Monday,RIGHT THROUGH,Dark Street lights on,144.95934,-37.73701,MORELAND,METROPOLITAN NORTH WEST REGION,2,1,0,0,1,1,1,0,1,0,1,0,0,0,0,0,0,0,0,0,No,0,2,0,1,0,0,MELB_URBAN,MELB_URBAN,MORELAND,METROPOLITAN NORTH WEST REGION,COBURG,2016,4,April
144.981428295176,-37.78304904399349,3442946,23/6/2016,12.00.00,No,Collision with vehicle,Thursday,VEHICLE OFF FOOTPATH STRIKES VEH ON CARRIAGEWAY,Day,144.98143000000005,-37.78305,YARRA,METROPOLITAN NORTH WEST REGION,2,1,0,0,1,1,0,2,1,0,1,0,0,0,0,0,0,0,0,0,No,0,2,0,1,0,0,MELB_URBAN,MELB_URBAN,YARRA,METROPOLITAN NORTH WEST REGION,FITZROY NORTH,2016,6,June
145.04506757194778,-37.84495972082328,3442947,9/6/2016,09.30.00,No,Collision with vehicle,Thursday,VEHICLE STRIKES DOOR OF PARKED/STATIONARY VEHICLE,Day,145.04506999999995,-37.84496,BOROONDARA,METROPOLITAN SOUTH EAST REGION,2,1,0,0,1,1,0,2,1,0,1,0,0,0,0,0,0,0,0,0,No,0,2,0,1,0,0,MELB_URBAN,MELB_URBAN,BOROONDARA,METROPOLITAN SOUTH EAST REGION,HAWTHORN EAST,2016,6,June
145.12756649258162,-37.91467540802427,3442957,23/6/2016,16.07.00,No,Collision with vehicle,Thursday,LANE SIDE SWIPE (VEHICLES IN PARALLEL LANES),Day,145.12757,-37.91468,MONASH,METROPOLITAN SOUTH EAST REGION,2,1,0,1,0,1,1,1,1,0,1,0,0,0,0,0,0,0,0,0,No,0,2,0,1,0,0,MELB_URBAN,MELB_URBAN,MONASH,METROPOLITAN SOUTH EAST REGION,CLAYTON,2016,6,June
145.00610302246182,-37.884966927847096,3442996,18/6/2016,15.50.00,Yes,Vehicle overturned (no collision),Saturday,OUT OF CONTROL ON CARRIAGEWAY (ON STRAIGHT),Day,145.0061,-37.88497,GLEN EIRA,METROPOLITAN SOUTH EAST REGION,1,1,0,0,1,0,1,0,1,0,0,0,0,0,0,0,0,0,0,0,No,0,1,0,0,0,0,MELB_URBAN,MELB_URBAN,GLEN EIRA,METROPOLITAN SOUTH EAST REGION,ELSTERNWICK,2016,6,June
144.8923932617162,-37.80325902541111,3443008,23/6/2016,18.39.00,Yes,Collision with vehicle,Thursday,OTHER ADJACENT (INTERSECTIONS ONLY),Day,144.89238999999995,-37.803259999999995,MARIBYRNONG,METROPOLITAN NORTH WEST REGION,2,1,0,0,1,1,0,2,1,0,1,0,0,0,0,0,0,0,0,0,No,0,2,0,1,0,0,MELB_URBAN,MELB_URBAN,MARIBYRNONG,METROPOLITAN NORTH WEST REGION,SEDDON,2016,6,June
145.20443998195518,-36.05722046061703,3443019,7/6/2016,08.35.00,No,Collision with vehicle,Tuesday,VEHICLE OFF FOOTPATH STRIKES VEH ON CARRIAGEWAY,Day,145.20443999999995,-36.05722,MOIRA,NORTH EASTERN REGION,2,1,0,1,0,1,0,1,1,0,1,0,0,0,0,1,0,0,0,0,No,0,2,0,1,0,0,TOWNS,TOWNS,MOIRA,NORTH EASTERN REGION,NATHALIA,2016,6,June
144.99256006805675,-37.762799629452346,3443041,18/6/2016,18.00.00,Yes,Collision with vehicle,Saturday,VEHICLE OFF FOOTPATH STRIKES VEH ON CARRIAGEWAY,Dark No street lights,144.99256,-37.7628,DAREBIN,METROPOLITAN NORTH WEST REGION,2,1,0,0,1,1,2,0,1,0,1,0,0,0,0,0,0,0,0,0,No,0,2,0,1,0,0,MELB_URBAN,MELB_URBAN,DAREBIN,METROPOLITAN NORTH WEST REGION,NORTHCOTE,2016,6,June
144.87414035679654,-37.79705800268968,3443049,23/6/2016,15.11.00,No,Collision with vehicle,Thursday,REAR END(VEHICLES IN SAME LANE),Day,144.87413999999995,-37.797059999999995,MARIBYRNONG,METROPOLITAN NORTH WEST REGION,2,1,1,0,0,1,2,0,1,0,1,0,0,0,0,0,0,0,0,0,No,1,3,0,2,0,0,MELB_URBAN,MELB_URBAN,MARIBYRNONG,METROPOLITAN NORTH WEST REGION,WEST FOOTSCRAY,2016,6,June
144.97122013854212,-37.814120309278735,3443060,24/6/2016,09.31.00,No,No collision and no object struck,Friday,OUT OF CONTROL ON CARRIAGEWAY (ON STRAIGHT),Day,144.97122,-37.81412,MELBOURNE,METROPOLITAN NORTH WEST REGION,2,1,0,0,1,1,2,0,1,0,1,0,0,0,0,0,0,0,0,0,No,0,2,0,1,0,0,MELBOURNE_CBD,MELBOURNE_CBD,MELBOURNE,METROPOLITAN NORTH WEST REGION,MELBOURNE,2016,6,June
144.90382891978004,-37.79757329996265,3443066,2/3/2016,10.04.00,No,Collision with vehicle,Tuesday,CROSS TRAFFIC(INTERSECTIONS ONLY),Day,144.90383,-37.79757,MARIBYRNONG,METROPOLITAN NORTH WEST REGION,2,1,0,0,1,1,0,2,1,0,1,0,0,0,0,0,0,0,0,0,No,0,2,0,1,0,0,MELB_URBAN,MELB_URBAN,MARIBYRNONG,METROPOLITAN NORTH WEST REGION,FOOTSCRAY,2016,3,March
144.9743766128087,-37.74593164925806,3443072,7/6/2016,17.50.00,No,Collision with vehicle,Tuesday,REAR END(VEHICLES IN SAME LANE),Unk.,144.97438,-37.74593,MORELAND,METROPOLITAN NORTH WEST REGION,2,1,0,0,1,1,0,2,1,0,1,0,0,0,0,0,0,0,0,0,No,0,2,0,1,0,0,MELB_URBAN,MELB_URBAN,MORELAND,METROPOLITAN NORTH WEST REGION,COBURG,2016,6,June
145.07064546027888,-37.81719066115177,3443077,25/5/2016,08.00.00,No,Collision with vehicle,Wednesday,RIGHT THROUGH,Day,145.07065,-37.817190000000004,BOROONDARA,METROPOLITAN SOUTH EAST REGION,2,1,0,0,1,1,2,0,1,0,1,0,0,0,0,0,0,0,0,0,No,0,2,0,1,0,0,MELB_URBAN,MELB_URBAN,BOROONDARA,METROPOLITAN SOUTH EAST REGION,CANTERBURY,2016,5,May
144.97151949705753,-37.77254994580026,3443078,30/5/2016,12.00.00,No,Collision with vehicle,Sunday,VEHICLE STRIKES DOOR OF PARKED/STATIONARY VEHICLE,Day,144.97152,-37.77255,MORELAND,METROPOLITAN NORTH WEST REGION,2,1,0,0,1,1,1,1,1,0,1,0,0,0,0,0,0,0,0,0,No,0,2,0,1,0,0,MELB_URBAN,MELB_URBAN,MORELAND,METROPOLITAN NORTH WEST REGION,BRUNSWICK EAST,2016,5,May
144.87094982069496,-37.781499816513055,3443089,14/5/2016,16.00.00,Yes,Collision with vehicle,Saturday,LANE CHANGE LEFT (NOT OVERTAKING),Day,144.87095,-37.7815,MARIBYRNONG,METROPOLITAN NORTH WEST REGION,2,1,0,0,1,1,2,0,1,0,1,0,0,0,0,0,0,0,0,0,No,0,2,0,1,0,0,MELB_URBAN,MELB_URBAN,MARIBYRNONG,METROPOLITAN NORTH WEST REGION,MAIDSTONE,2016,5,May
145.06904672717948,-37.75972982658161,3443092,19/6/2016,07.33.00,Yes,Collision with vehicle,Sunday,RIGHT THROUGH,Dusk/Dawn,145.06905,-37.75973,BANYULE,METROPOLITAN NORTH WEST REGION,2,1,0,1,0,1,1,1,1,0,1,0,0,0,0,0,0,0,0,0,No,0,2,0,1,0,0,MELB_URBAN,MELB_URBAN,BANYULE,METROPOLITAN NORTH WEST REGION,HEIDELBERG,2016,6,June
144.97361960187897,-37.80538168868778,3443105,8/6/2016,16.30.00,No,Collision with vehicle,Wednesday,RIGHT TURN SIDESWIPE,Unk.,144.97361999999995,-37.80538,YARRA,METROPOLITAN NORTH WEST REGION,2,1,0,0,1,1,0,2,1,0,1,0,0,0,0,0,0,0,0,0,No,0,2,0,1,0,0,MELB_URBAN,MELB_URBAN,"YARRA,MELBOURNE",METROPOLITAN NORTH WEST REGION,CARLTON,2016,6,June
144.960653089207,-37.80217198053651,3443108,24/6/2016,09.45.00,No,Collision with vehicle,Friday,CROSS TRAFFIC(INTERSECTIONS ONLY),Day,144.96065,-37.802170000000004,MELBOURNE,METROPOLITAN NORTH WEST REGION,2,1,0,0,1,1,2,0,1,0,1,0,0,0,0,0,0,0,0,0,No,0,2,0,1,0,0,MELB_URBAN,MELB_URBAN,MELBOURNE,METROPOLITAN NORTH WEST REGION,CARLTON,2016,6,June
144.98369623864275,-37.79521811206287,3443125,8/6/2016,17.30.00,No,Collision with vehicle,Wednesday,CROSS TRAFFIC(INTERSECTIONS ONLY),Dusk/Dawn,144.9837,-37.79522,YARRA,METROPOLITAN NORTH WEST REGION,2,1,0,0,1,1,2,0,1,0,1,0,0,0,0,0,0,0,0,0,No,0,2,0,1,0,0,MELB_URBAN,MELB_URBAN,YARRA,METROPOLITAN NORTH WEST REGION,FITZROY,2016,6,June
145.00462440755174,-37.882241618183926,3443141,7/6/2016,18.30.00,Yes,Collision with vehicle,Tuesday,LEFT NEAR (INTERSECTIONS ONLY),Dark Street lights on,145.00462,-37.88224,GLEN EIRA,METROPOLITAN SOUTH EAST REGION,2,1,0,1,0,1,1,1,1,0,1,0,0,0,0,0,0,0,0,0,No,0,2,0,1,0,0,MELB_URBAN,MELB_URBAN,GLEN EIRA,METROPOLITAN SOUTH EAST REGION,ELSTERNWICK,2016,6,June
145.28339656758817,-37.88515276069632,3443153,15/2/2016,18.24.00,Yes,Collision with vehicle,Monday,LANE SIDE SWIPE (VEHICLES IN PARALLEL LANES),Day,145.2834,-37.88515,KNOX,METROPOLITAN SOUTH EAST REGION,2,1,0,0,1,1,2,0,1,0,1,0,0,0,0,0,0,0,0,0,No,0,2,0,1,0,0,MELB_URBAN,MELB_URBAN,KNOX,METROPOLITAN SOUTH EAST REGION,FERNTREE GULLY,2016,2,February
144.99830678506686,-37.80661109999982,3443154,24/6/2016,14.40.00,No,Collision with vehicle,Friday,LANE CHANGE LEFT (NOT OVERTAKING),Day,144.99831,-37.80661,YARRA,METROPOLITAN NORTH WEST REGION,2,1,0,0,1,1,2,0,1,0,1,0,0,0,0,0,0,0,0,0,No,0,2,0,1,0,0,MELB_URBAN,MELB_URBAN,YARRA,METROPOLITAN NORTH WEST REGION,ABBOTSFORD,2016,6,June
145.03664004000862,-37.8590020023457,3443157,24/6/2016,13.50.00,No,Collision with vehicle,Friday,CROSS TRAFFIC(INTERSECTIONS ONLY),Day,145.03663999999995,-37.859,STONNINGTON,METROPOLITAN SOUTH EAST REGION,2,1,0,0,1,1,1,1,1,0,1,0,0,0,0,0,0,0,0,0,No,0,2,0,1,0,0,MELB_URBAN,MELB_URBAN,STONNINGTON,METROPOLITAN SOUTH EAST REGION,MALVERN,2016,6,June
144.8951632062846,-37.80819878508851,3443163,24/6/2016,21.28.00,Yes,Collision with vehicle,Friday,CROSS TRAFFIC(INTERSECTIONS ONLY),Dark Street lights on,144.89516,-37.8082,MARIBYRNONG,METROPOLITAN NORTH WEST REGION,2,1,0,0,1,1,2,0,1,0,1,0,0,0,0,0,0,0,0,0,No,0,2,0,1,0,0,MELB_URBAN,MELB_URBAN,MARIBYRNONG,METROPOLITAN NORTH WEST REGION,SEDDON,2016,6,June