X,Y,OBJECTID,ACCIDENT_DATE,ACCIDENT_TIME,ALCOHOLTIME,ACCIDENT_TYPE,DAY_OF_WEEK,DCA_CODE,LIGHT_CONDITION,LONGITUDE,LATITUDE,LGA_NAME,REGION_NAME,TOTAL_PERSONS,INJ_OR_FATAL,FATALITY,SERIOUSINJURY,OTHERINJURY,NONINJURED,MALES,FEMALES,BICYCLIST,PASSENGER,DRIVER,PEDESTRIAN,PILLION,MOTORIST,UNKNOWN,PED_CYCLIST_5_12,PED_CYCLIST_13_18,OLD_PEDESTRIAN,OLD_DRIVER,YOUNG_DRIVER,ALCOHOL_RELATED,UNLICENCSED,NO_OF_VEHICLES,HEAVYVEHICLE,PASSENGERVEHICLE,MOTORCYCLE,PUBLICVEHICLE,DEG_URBAN_NAME,DEG_URBAN_ALL,LGA_NAME_ALL,REGION_NAME_ALL,Suburb,Year,Month,Month_name
144.95515348435202,-37.79974724593232,3448689,23/9/2016,15.15.00,No,No collision and no object struck,Friday,OUT OF CONTROL ON CARRIAGEWAY (ON STRAIGHT),Day,144.95515,-37.79975,MELBOURNE,METROPOLITAN NORTH WEST REGION,2,1,0,0,1,1,2,0,1,0,1,0,0,0,0,0,0,0,0,0,No,0,2,0,1,0,0,MELB_URBAN,MELB_URBAN,MELBOURNE,METROPOLITAN NORTH WEST REGION,NORTH MELBOURNE,2016,9,September
145.35264092328552,-37.77749590925004,3448694,23/9/2016,17.15.00,Yes,Collision with vehicle,Friday,LANE SIDE SWIPE (VEHICLES IN PARALLEL LANES),Day,145.35263999999995,-37.7775,YARRA RANGES,METROPOLITAN SOUTH EAST REGION,2,1,0,0,1,1,2,0,1,0,1,0,0,0,0,0,0,0,0,1,No,0,2,0,1,0,0,MELB_URBAN,MELB_URBAN,YARRA RANGES,METROPOLITAN SOUTH EAST REGION,LILYDALE,2016,9,September
144.97818057047138,-37.79830667556038,3448714,6/10/2016,06.20.00,No,Collision with vehicle,Thursday,VEHICLE STRIKES DOOR OF PARKED/STATIONARY VEHICLE,Day,144.97818,-37.79831,YARRA,METROPOLITAN NORTH WEST REGION,2,1,0,1,0,1,2,0,1,0,1,0,0,0,0,0,0,0,0,0,No,1,2,0,1,0,0,MELB_URBAN,MELB_URBAN,YARRA,METROPOLITAN NORTH WEST REGION,FITZROY,2016,10,October
144.9781298699156,-37.780268086578495,3448716,22/9/2016,07.57.00,No,Collision with vehicle,Thursday,VEHICLE OFF FOOTPATH STRIKES VEH ON CARRIAGEWAY,Day,144.97813,-37.78027,MORELAND,METROPOLITAN NORTH WEST REGION,2,1,0,0,1,1,2,0,1,0,1,0,0,0,0,0,0,0,0,0,No,0,2,0,1,0,0,MELB_URBAN,MELB_URBAN,"YARRA,MORELAND",METROPOLITAN NORTH WEST REGION,FITZROY NORTH,2016,9,September
145.23048941125512,-37.80765435593185,3448731,10/10/2016,12.30.00,No,Collision with vehicle,Monday,RIGHT THROUGH,Day,145.23049,-37.80765,MAROONDAH,METROPOLITAN SOUTH EAST REGION,2,1,0,0,1,1,1,1,1,0,1,0,0,0,0,0,0,0,0,0,No,0,2,0,1,0,0,MELB_URBAN,MELB_URBAN,MAROONDAH,METROPOLITAN SOUTH EAST REGION,RINGWOOD,2016,10,October
144.94832004553578,-37.84764856323458,3448733,11/10/2016,18.15.00,Yes,Collision with vehicle,Tuesday,RIGHT THROUGH,Day,144.94832,-37.84765,PORT PHILLIP,METROPOLITAN NORTH WEST REGION,2,1,0,1,0,1,1,1,1,0,1,0,0,0,0,0,0,0,0,0,No,0,2,0,1,0,0,MELB_URBAN,MELB_URBAN,PORT PHILLIP,METROPOLITAN NORTH WEST REGION,ALBERT PARK,2016,10,October
145.06286005160825,-37.97203749811725,3450744,9/11/2016,18.10.00,Yes,Collision with vehicle,Wednesday,LEFT TURN SIDESWIPE,Day,145.06286,-37.97204,KINGSTON,METROPOLITAN SOUTH EAST REGION,2,1,0,1,0,1,1,1,1,0,1,0,0,0,0,0,0,0,0,0,No,0,2,0,1,0,0,MELB_URBAN,MELB_URBAN,KINGSTON,METROPOLITAN SOUTH EAST REGION,CHELTENHAM,2016,11,November
145.25255048446977,-37.936867524368964,3450760,15/11/2016,08.10.00,No,Collision with vehicle,Tuesday,VEHICLE OFF FOOTPATH STRIKES VEH ON CARRIAGEWAY,Day,145.25255,-37.93687,KNOX,METROPOLITAN SOUTH EAST REGION,2,1,0,0,1,1,1,1,1,0,1,0,0,0,0,1,0,0,0,0,No,0,2,0,1,0,0,MELB_URBAN,MELB_URBAN,KNOX,METROPOLITAN SOUTH EAST REGION,ROWVILLE,2016,11,November
144.96060417752628,-37.77611653255999,3450767,19/11/2016,19.50.00,Yes,Collision with vehicle,Saturday,CROSS TRAFFIC(INTERSECTIONS ONLY),Day,144.9606,-37.77612,MORELAND,METROPOLITAN NORTH WEST REGION,2,1,0,1,0,1,2,0,1,0,1,0,0,0,0,0,0,0,0,0,No,0,2,0,1,0,0,MELB_URBAN,MELB_URBAN,MORELAND,METROPOLITAN NORTH WEST REGION,BRUNSWICK,2016,11,November
145.2232519531073,-37.72065980105194,3450775,20/11/2016,12.20.00,No,Collision with vehicle,Sunday,HEAD ON (NOT OVERTAKING),Day,145.22325,-37.720659999999995,NILLUMBIK,METROPOLITAN NORTH WEST REGION,6,1,0,1,0,5,1,2,1,4,1,0,0,0,0,0,0,0,0,0,No,0,2,0,1,0,0,MELB_URBAN,MELB_URBAN,NILLUMBIK,METROPOLITAN NORTH WEST REGION,NORTH WARRANDYTE,2016,11,November
145.24603904819838,-37.91689988451639,3450782,13/10/2016,17.00.00,No,No collision and no object struck,Thursday,OUT OF CONTROL ON CARRIAGEWAY (ON STRAIGHT),Day,145.24604,-37.9169,KNOX,METROPOLITAN SOUTH EAST REGION,1,1,1,0,0,0,1,0,1,0,0,0,0,0,0,0,0,0,0,0,No,0,1,0,0,0,0,MELB_URBAN,MELB_URBAN,KNOX,METROPOLITAN SOUTH EAST REGION,ROWVILLE,2016,10,October
145.26845089628188,-37.84485945934432,3450787,24/11/2016,14.25.00,No,Collision with vehicle,Thursday,PULLING OUT (OVERTAKING),Day,145.26845,-37.84486,KNOX,METROPOLITAN SOUTH EAST REGION,2,1,0,0,1,1,1,1,1,0,1,0,0,0,0,0,0,0,0,0,No,0,2,0,1,0,0,MELB_URBAN,MELB_URBAN,KNOX,METROPOLITAN SOUTH EAST REGION,BAYSWATER,2016,11,November
145.22050514021302,-37.818820044805314,3450790,9/11/2016,16.15.00,No,Collision with vehicle,Wednesday,VEHICLE STRIKES ANOTHER VEH WHILE EMERGING FROM DRIVEWAY,Day,145.22051000000005,-37.81882,MAROONDAH,METROPOLITAN SOUTH EAST REGION,3,1,0,0,1,2,3,0,1,1,1,0,0,0,0,0,0,0,0,1,No,0,2,0,1,0,0,MELB_URBAN,MELB_URBAN,MAROONDAH,METROPOLITAN SOUTH EAST REGION,RINGWOOD,2016,11,November
144.94851226492625,-37.800815051168975,3450793,8/11/2016,18.18.00,Yes,Collision with vehicle,Tuesday,RIGHT THROUGH,Day,144.94851,-37.80082,MELBOURNE,METROPOLITAN NORTH WEST REGION,2,1,0,0,1,1,2,0,1,0,1,0,0,0,0,0,0,0,0,0,No,0,2,0,1,0,0,MELB_URBAN,MELB_URBAN,MELBOURNE,METROPOLITAN NORTH WEST REGION,NORTH MELBOURNE,2016,11,November
145.00328580387762,-37.88207523360219,3450800,10/11/2016,08.05.00,No,Collision with vehicle,Thursday,CROSS TRAFFIC(INTERSECTIONS ONLY),Day,145.00329,-37.88208,GLEN EIRA,METROPOLITAN SOUTH EAST REGION,3,1,0,0,1,2,1,2,1,1,1,0,0,0,0,0,0,0,0,0,No,0,2,0,1,0,0,MELB_URBAN,MELB_URBAN,GLEN EIRA,METROPOLITAN SOUTH EAST REGION,ELSTERNWICK,2016,11,November
144.97553778060612,-37.83621774548926,3450810,9/11/2016,07.30.00,No,Collision with vehicle,Wednesday,LEFT TURN SIDESWIPE,Day,144.97554,-37.836220000000004,MELBOURNE,METROPOLITAN NORTH WEST REGION,2,1,0,0,1,1,1,0,1,0,0,0,0,0,1,0,0,0,0,0,No,0,2,0,0,0,0,MELB_URBAN,MELB_URBAN,"PORT PHILLIP,MELBOURNE",METROPOLITAN NORTH WEST REGION,MELBOURNE,2016,11,November
145.12588479576124,-38.10345124725678,3450819,22/1/2017,13.51.00,No,Struck Pedestrian,Sunday,PED NEAR SIDE. PED HIT BY VEHICLE FROM THE RIGHT.,Day,145.12588,-38.10345,FRANKSTON,METROPOLITAN SOUTH EAST REGION,4,4,0,1,3,0,3,1,1,0,0,3,0,0,0,0,0,0,0,0,No,0,1,0,0,0,0,MELB_URBAN,MELB_URBAN,FRANKSTON,METROPOLITAN SOUTH EAST REGION,SEAFORD,2017,1,January
145.2865894578216,-37.84533998059501,3450838,28/1/2017,06.20.00,Yes,Collision with vehicle,Saturday,REAR END(VEHICLES IN SAME LANE),Dusk/Dawn,145.28659,-37.84534,KNOX,METROPOLITAN SOUTH EAST REGION,2,1,0,0,1,1,2,0,1,0,0,0,0,0,1,0,0,0,0,0,No,0,2,0,0,0,0,MELB_URBAN,MELB_URBAN,KNOX,METROPOLITAN SOUTH EAST REGION,BORONIA,2017,1,January
144.94808360420512,-37.83770612360832,3450839,26/1/2017,12.55.00,No,Collision with vehicle,Thursday,RIGHT THROUGH,Day,144.94808,-37.837709999999994,PORT PHILLIP,METROPOLITAN NORTH WEST REGION,3,1,0,0,1,2,2,1,1,1,1,0,0,0,0,0,0,0,1,0,No,0,2,0,1,0,0,MELB_URBAN,MELB_URBAN,PORT PHILLIP,METROPOLITAN NORTH WEST REGION,SOUTH MELBOURNE,2017,1,January
144.3155105079247,-38.172147416461634,3450849,3/2/2017,08.40.00,No,Collision with vehicle,Friday,VEHICLE STRIKES DOOR OF PARKED/STATIONARY VEHICLE,Day,144.31551000000005,-38.17215,GEELONG,SOUTH WESTERN REGION,5,1,0,1,0,4,2,3,1,2,2,0,0,0,0,0,0,0,0,0,No,0,3,0,2,0,0,LARGE_PROVINCIAL_CITIES,LARGE_PROVINCIAL_CITIES,GEELONG,SOUTH WESTERN REGION,HIGHTON,2017,2,February
145.19266355398003,-37.80816905291726,3450881,28/1/2017,06.40.00,Yes,Collision with vehicle,Saturday,RIGHT NEAR (INTERSECTIONS ONLY),Day,145.19266000000005,-37.808170000000004,WHITEHORSE,METROPOLITAN SOUTH EAST REGION,2,1,0,0,1,1,1,1,1,0,1,0,0,0,0,0,0,0,0,1,No,0,2,0,1,0,0,MELB_URBAN,MELB_URBAN,WHITEHORSE,METROPOLITAN SOUTH EAST REGION,MITCHAM,2017,1,January
145.01590921401612,-37.97549254845436,3450904,2/2/2017,08.00.00,No,Collision with vehicle,Thursday,RIGHT FAR (INTERSECTIONS ONLY),Day,145.01591000000005,-37.97549,BAYSIDE,METROPOLITAN SOUTH EAST REGION,2,1,0,0,1,1,2,0,1,0,1,0,0,0,0,0,0,0,0,0,No,0,2,0,1,0,0,MELB_URBAN,MELB_URBAN,BAYSIDE,METROPOLITAN SOUTH EAST REGION,BLACK ROCK,2017,2,February
144.9503263774849,-37.759315854246815,3450906,3/2/2017,08.00.00,No,Collision with vehicle,Friday,RIGHT THROUGH,Day,144.95033,-37.75932,MORELAND,METROPOLITAN NORTH WEST REGION,2,1,0,1,0,1,2,0,1,0,1,0,0,0,0,0,0,0,0,0,No,0,2,0,1,0,0,MELB_URBAN,MELB_URBAN,MORELAND,METROPOLITAN NORTH WEST REGION,BRUNSWICK,2017,2,February
142.4746779652708,-38.38347867612981,3450913,16/1/2017,16.10.00,No,Collision with vehicle,Monday,VEHICLE OFF FOOTPATH STRIKES VEH ON CARRIAGEWAY,Day,142.47468,-38.38348,WARRNAMBOOL,SOUTH WESTERN REGION,2,1,0,0,1,1,0,2,1,0,1,0,0,0,0,1,0,0,0,0,No,0,2,0,1,0,0,SMALL_CITIES,SMALL_CITIES,WARRNAMBOOL,SOUTH WESTERN REGION,WARRNAMBOOL,2017,1,January
144.94168843158326,-37.83562800465132,3450924,23/1/2017,08.20.00,No,Collision with vehicle,Monday,LEFT NEAR (INTERSECTIONS ONLY),Day,144.94169,-37.83563,PORT PHILLIP,METROPOLITAN NORTH WEST REGION,2,1,0,0,1,1,1,1,1,0,1,0,0,0,0,0,0,0,0,0,No,0,2,0,1,0,0,MELB_URBAN,MELB_URBAN,PORT PHILLIP,METROPOLITAN NORTH WEST REGION,PORT MELBOURNE,2017,1,January
144.9935116840335,-37.85085358684919,3450933,28/1/2017,14.30.00,No,Collision with vehicle,Friday,VEHICLE STRIKES DOOR OF PARKED/STATIONARY VEHICLE,Day,144.99351000000001,-37.85085,STONNINGTON,METROPOLITAN SOUTH EAST REGION,2,1,0,0,1,1,0,1,1,0,1,0,0,0,0,0,0,0,0,0,No,0,2,0,1,0,0,MELB_URBAN,MELB_URBAN,STONNINGTON,METROPOLITAN SOUTH EAST REGION,PRAHRAN,2017,1,January
142.16231403244683,-34.19367087261036,3450941,29/1/2017,07.35.00,Yes,Collision with vehicle,Sunday,CROSS TRAFFIC(INTERSECTIONS ONLY),Dusk/Dawn,142.16231000000005,-34.193670000000004,MILDURA,WESTERN REGION,3,1,0,0,1,2,1,2,1,1,1,0,0,0,0,0,0,0,0,0,No,0,2,0,1,0,0,SMALL_CITIES,SMALL_CITIES,MILDURA,WESTERN REGION,MILDURA,2017,1,January
144.98607573733142,-37.80659423004953,3450950,3/2/2017,18.05.00,Yes,Collision with vehicle,Thursday,RIGHT THROUGH,Day,144.98608000000004,-37.80659,YARRA,METROPOLITAN NORTH WEST REGION,2,1,0,0,1,1,1,0,1,0,1,0,0,0,0,0,0,0,0,0,No,0,2,0,1,0,0,MELB_URBAN,MELB_URBAN,YARRA,METROPOLITAN NORTH WEST REGION,COLLINGWOOD,2017,2,February
144.86753002993692,-37.770838535617365,3450952,3/2/2017,15.45.00,No,Collision with vehicle,Friday,REAR END(VEHICLES IN SAME LANE),Day,144.86753000000004,-37.77084,MOONEE VALLEY,METROPOLITAN NORTH WEST REGION,2,1,0,1,0,1,1,1,1,0,1,0,0,0,0,0,0,0,0,0,No,0,2,0,1,0,0,MELB_URBAN,MELB_URBAN,MOONEE VALLEY,METROPOLITAN NORTH WEST REGION,AVONDALE HEIGHTS,2017,2,February
145.01331999503844,-37.683300000883705,3450953,3/2/2017,17.30.00,Yes,Collision with vehicle,Friday,VEHICLE OFF FOOTPATH STRIKES VEH ON CARRIAGEWAY,Day,145.01332,-37.6833,WHITTLESEA,METROPOLITAN NORTH WEST REGION,2,1,0,0,1,1,1,1,1,0,1,0,0,0,0,0,0,0,0,1,No,0,2,0,1,0,0,MELB_URBAN,MELB_URBAN,WHITTLESEA,METROPOLITAN NORTH WEST REGION,THOMASTOWN,2017,2,February
145.0055009338616,-37.87784528194644,3450958,3/2/2017,09.25.00,No,Collision with vehicle,Friday,U TURN,Day,145.0055,-37.87785,GLEN EIRA,METROPOLITAN SOUTH EAST REGION,2,1,0,1,0,1,1,1,1,0,1,0,0,0,0,0,0,0,0,0,No,0,2,0,1,0,0,MELB_URBAN,MELB_URBAN,GLEN EIRA,METROPOLITAN SOUTH EAST REGION,ELSTERNWICK,2017,2,February
144.97547999256173,-37.78240500152105,3450972,16/1/2017,09.10.00,No,Collision with vehicle,Monday,VEHICLE STRIKES DOOR OF PARKED/STATIONARY VEHICLE,Day,144.97548,-37.78241,YARRA,METROPOLITAN NORTH WEST REGION,2,1,0,0,1,1,0,2,1,0,1,0,0,0,0,0,0,0,0,0,No,0,2,0,1,0,0,MELB_URBAN,MELB_URBAN,YARRA,METROPOLITAN NORTH WEST REGION,CARLTON NORTH,2017,1,January
144.9885200012169,-37.927420004121096,3450976,23/1/2017,12.15.00,No,Collision with vehicle,Monday,LANE CHANGE LEFT (NOT OVERTAKING),Day,144.98852,-37.92742,BAYSIDE,METROPOLITAN SOUTH EAST REGION,2,1,0,0,1,1,0,1,1,0,0,0,0,0,1,0,0,0,0,0,No,0,2,0,0,0,0,MELB_URBAN,MELB_URBAN,BAYSIDE,METROPOLITAN SOUTH EAST REGION,BRIGHTON,2017,1,January
145.0108878328609,-37.960230509821,3450987,29/1/2017,08.20.00,Yes,Collision with vehicle,Sunday,VEHICLE COLLIDES WITH VEHICLE PARKED ON LEFT OF ROAD,Day,145.01089,-37.960229999999996,BAYSIDE,METROPOLITAN SOUTH EAST REGION,1,1,0,1,0,0,1,0,1,0,0,0,0,0,0,0,0,0,0,0,No,0,2,0,1,0,0,MELB_URBAN,MELB_URBAN,BAYSIDE,METROPOLITAN SOUTH EAST REGION,SANDRINGHAM,2017,1,January
145.00136817965537,-37.753989811942354,3450991,29/1/2017,13.50.00,No,Collision with vehicle,Sunday,ENTERING PARKING,Day,145.00137,-37.75399,DAREBIN,METROPOLITAN NORTH WEST REGION,2,1,0,0,1,1,1,1,1,0,1,0,0,0,0,0,0,0,0,0,No,0,2,0,1,0,0,MELB_URBAN,MELB_URBAN,DAREBIN,METROPOLITAN NORTH WEST REGION,THORNBURY,2017,1,January
144.71486298280794,-38.3202471911104,3450992,29/1/2017,11.50.00,No,Collision with vehicle,Sunday,CROSS TRAFFIC(INTERSECTIONS ONLY),Day,144.71486000000004,-38.32025,MORNINGTON PENINSULA,METROPOLITAN SOUTH EAST REGION,3,1,0,0,1,2,2,1,1,1,1,0,0,0,0,0,0,0,0,0,No,0,2,0,1,0,0,MELB_URBAN,MELB_URBAN,MORNINGTON PENINSULA,METROPOLITAN SOUTH EAST REGION,PORTSEA,2017,1,January
144.99982296604492,-37.74480253206856,3451013,17/1/2017,13.00.00,No,Collision with vehicle,Tuesday,RIGHT THROUGH,Day,144.99982,-37.7448,DAREBIN,METROPOLITAN NORTH WEST REGION,2,1,0,0,1,1,2,0,1,0,1,0,0,0,0,0,0,0,0,0,No,0,2,0,1,0,0,MELB_URBAN,MELB_URBAN,DAREBIN,METROPOLITAN NORTH WEST REGION,PRESTON,2017,1,January
143.60926226083038,-35.46649865601373,3451029,21/1/2017,11.30.00,No,No collision and no object struck,Saturday,OFF CARRIAGEWAY TO LEFT,Day,143.60926,-35.4665,SWAN HILL,NORTHERN REGION,2,1,0,1,0,1,0,1,1,0,1,0,0,0,0,0,0,0,0,0,No,0,2,0,1,0,0,RURAL_VICTORIA,RURAL_VICTORIA,SWAN HILL,NORTHERN REGION,LAKE BOGA,2017,1,January
144.97147282049818,-37.81404704588113,3451048,29/1/2017,20.52.00,Yes,No collision and no object struck,Sunday,OUT OF CONTROL ON CARRIAGEWAY (ON STRAIGHT),Dusk/Dawn,144.97146999999995,-37.81405,MELBOURNE,METROPOLITAN NORTH WEST REGION,1,1,0,0,1,0,1,0,1,0,0,0,0,0,0,0,0,0,0,0,No,0,1,0,0,0,0,MELBOURNE_CBD,MELBOURNE_CBD,MELBOURNE,METROPOLITAN NORTH WEST REGION,MELBOURNE,2017,1,January
142.51912934495954,-37.13887000888094,3451052,4/2/2017,10.59.00,No,Collision with vehicle,Saturday,VEHICLE OFF FOOTPATH STRIKES VEH ON CARRIAGEWAY,Day,142.51913000000005,-37.138870000000004,NORTHERN GRAMPIANS,WESTERN REGION,2,1,0,0,1,1,2,0,1,0,1,0,0,0,0,0,1,0,0,0,No,0,2,0,1,0,0,SMALL_TOWNS,SMALL_TOWNS,NORTHERN GRAMPIANS,WESTERN REGION,HALLS GAP,2017,2,February
145.04285293090675,-37.84985024065913,3451057,3/2/2017,17.35.00,No,Collision with vehicle,Thursday,LEFT TURN SIDESWIPE,Day,145.04285,-37.84985,STONNINGTON,METROPOLITAN SOUTH EAST REGION,2,1,0,0,1,1,2,0,1,0,1,0,0,0,0,0,0,0,0,0,No,0,2,0,1,0,0,MELB_URBAN,MELB_URBAN,STONNINGTON,METROPOLITAN SOUTH EAST REGION,GLEN IRIS,2017,2,February
144.9969496441122,-37.77962182297783,3451058,3/2/2017,09.20.00,No,Collision with vehicle,Friday,VEHICLE STRIKES DOOR OF PARKED/STATIONARY VEHICLE,Day,144.99695,-37.77962,DAREBIN,METROPOLITAN NORTH WEST REGION,2,1,0,0,1,1,1,0,1,0,0,0,0,0,1,0,0,0,0,0,No,0,2,0,0,0,0,MELB_URBAN,MELB_URBAN,DAREBIN,METROPOLITAN NORTH WEST REGION,NORTHCOTE,2017,2,February
144.73172674773468,-37.868461772355964,3451061,4/2/2017,11.27.00,No,Collision with vehicle,Friday,VEHICLE STRIKES DOOR OF PARKED/STATIONARY VEHICLE,Day,144.73173,-37.86846, , ,3,1,0,0,1,2,1,2,1,0,1,0,0,0,1,0,0,0,0,0,No,0,2,0,1,0,0,MELB_URBAN,MELB_URBAN,WYNDHAM,METROPOLITAN NORTH WEST REGION,HOPPERS CROSSING,2017,2,February
145.2979902622179,-37.85377012612617,3451064,17/1/2017,11.45.00,No,Collision with vehicle,Tuesday,LANE SIDE SWIPE (VEHICLES IN PARALLEL LANES),Day,145.29799,-37.853770000000004,KNOX,METROPOLITAN SOUTH EAST REGION,2,1,0,0,1,1,1,0,1,0,0,0,0,0,1,0,1,0,0,0,No,0,2,0,0,0,0,MELB_URBAN,MELB_URBAN,KNOX,METROPOLITAN SOUTH EAST REGION,BORONIA,2017,1,January
144.99610858054533,-37.7868472423209,3451074,18/1/2017,08.40.00,No,Collision with vehicle,Wednesday,LANE CHANGE LEFT (NOT OVERTAKING),Day,144.99611000000004,-37.78685,YARRA,METROPOLITAN NORTH WEST REGION,2,1,0,0,1,1,1,1,1,0,1,0,0,0,0,0,0,0,0,0,No,0,2,1,0,0,0,MELB_URBAN,MELB_URBAN,YARRA,METROPOLITAN NORTH WEST REGION,CLIFTON HILL,2017,1,January
145.06179048862958,-37.973367292160574,3451098,30/1/2017,10.00.00,No,Collision with vehicle,Monday,HEAD ON(OVERTAKING),Day,145.06179,-37.97337,KINGSTON,METROPOLITAN SOUTH EAST REGION,2,1,0,0,1,1,1,1,1,0,1,0,0,0,0,1,0,0,0,0,No,0,2,0,1,0,0,MELB_URBAN,MELB_URBAN,KINGSTON,METROPOLITAN SOUTH EAST REGION,CHELTENHAM,2017,1,January
144.94697000494986,-37.82643000309853,3451102,12/1/2017,17.56.00,No,Collision with vehicle,Thursday,LEFT TURN SIDESWIPE,Day,144.94697,-37.82643,MELBOURNE,METROPOLITAN NORTH WEST REGION,2,1,0,0,1,1,1,1,1,0,1,0,0,0,0,0,0,0,0,0,No,0,2,0,1,0,0,MELB_URBAN,MELB_URBAN,MELBOURNE,METROPOLITAN NORTH WEST REGION,DOCKLANDS,2017,1,January
145.03034935188634,-37.880913588039405,3451104,12/1/2017,19.00.00,Yes,Collision with vehicle,Thursday,PULLING OUT -REAR END,Day,145.03035,-37.88091,GLEN EIRA,METROPOLITAN SOUTH EAST REGION,3,1,0,1,0,2,2,1,1,0,2,0,0,0,0,0,0,0,0,0,No,0,3,0,2,0,0,MELB_URBAN,MELB_URBAN,GLEN EIRA,METROPOLITAN SOUTH EAST REGION,CAULFIELD NORTH,2017,1,January
144.78551440530572,-37.828247381647074,3451108,12/1/2017,04.18.00,Yes,Collision with vehicle,Thursday,CROSS TRAFFIC(INTERSECTIONS ONLY),Dusk/Dawn,144.78551000000004,-37.82825, , ,2,1,0,1,0,1,2,0,1,0,1,0,0,0,0,0,0,0,0,1,No,0,2,0,1,0,0,MELB_URBAN,MELB_URBAN,WYNDHAM,METROPOLITAN NORTH WEST REGION,LAVERTON NORTH,2017,1,January
144.9798084419802,-37.80383984171951,3451113,9/1/2017,19.05.00,Yes,Struck animal,Monday,STRUCK ANIMAL,Day,144.97981000000001,-37.80384,YARRA,METROPOLITAN NORTH WEST REGION,1,1,0,0,1,0,1,0,1,0,0,0,0,0,0,0,0,0,0,0,No,0,1,0,0,0,0,MELB_URBAN,MELB_URBAN,YARRA,METROPOLITAN NORTH WEST REGION,FITZROY,2017,1,January
144.37572990920836,-36.68003986908668,3451119,18/1/2017,07.15.00,No,Collision with vehicle,Wednesday,REAR END(VEHICLES IN SAME LANE),Day,144.37573,-36.68004000000001,BENDIGO,NORTHERN REGION,2,1,0,1,0,1,2,0,1,0,1,0,0,0,0,0,0,0,0,1,No,0,2,0,1,0,0,RURAL_VICTORIA,RURAL_VICTORIA,BENDIGO,NORTHERN REGION,WELLSFORD,2017,1,January
145.07489664708666,-37.90458507655264,3451131,24/1/2017,06.05.00,No,Collision with vehicle,Tuesday,LEFT NEAR (INTERSECTIONS ONLY),Dusk/Dawn,145.0749,-37.90459,GLEN EIRA,METROPOLITAN SOUTH EAST REGION,2,1,0,0,1,1,2,0,1,0,1,0,0,0,0,0,0,0,0,0,No,0,2,0,1,0,0,MELB_URBAN,MELB_URBAN,"MONASH,GLEN EIRA",METROPOLITAN SOUTH EAST REGION,HUGHESDALE,2017,1,January
144.97823793676946,-37.77957981033028,3451150,30/1/2017,05.45.00,Yes,No collision and no object struck,Monday,OFF CARRIAGEWAY TO LEFT,Unk.,144.97824,-37.779579999999996,MORELAND,METROPOLITAN NORTH WEST REGION,2,1,0,0,1,1,1,0,1,0,0,0,0,0,1,0,0,0,0,0,No,0,2,0,0,0,0,MELB_URBAN,MELB_URBAN,"YARRA,MORELAND",METROPOLITAN NORTH WEST REGION,FITZROY NORTH,2017,1,January
144.98747117816941,-37.924165575944464,3451175,19/11/2016,09.00.00,No,Collision with vehicle,Friday,RIGHT THROUGH,Day,144.98747,-37.924170000000004,BAYSIDE,METROPOLITAN SOUTH EAST REGION,2,1,0,1,0,1,1,1,1,0,1,0,0,0,0,0,0,0,0,0,No,0,2,0,1,0,0,MELB_URBAN,MELB_URBAN,BAYSIDE,METROPOLITAN SOUTH EAST REGION,BRIGHTON,2016,11,November
144.96413216715692,-37.809504640699096,3451178,15/1/2017,12.35.00,No,Collision with vehicle,,VEHICLE STRIKES DOOR OF PARKED/STATIONARY VEHICLE,Day,144.96413,-37.8095,MELBOURNE,METROPOLITAN NORTH WEST REGION,3,1,0,0,1,2,2,1,1,1,1,0,0,0,0,0,0,0,0,0,No,0,2,0,1,0,0,MELBOURNE_CBD,"MELBOURNE_CBD,MELB_URBAN",MELBOURNE,METROPOLITAN NORTH WEST REGION,MELBOURNE,2017,1,January
145.0220172682568,-37.78249657974728,3451185,18/1/2017,08.10.00,No,Collision with vehicle,Wednesday,RIGHT THROUGH,Day,145.02202,-37.7825,DAREBIN,METROPOLITAN NORTH WEST REGION,2,1,0,0,1,1,2,0,1,0,1,0,0,0,0,0,0,0,0,0,No,0,2,0,1,0,0,MELB_URBAN,MELB_URBAN,"YARRA,DAREBIN",METROPOLITAN NORTH WEST REGION,ALPHINGTON,2017,1,January
145.0008885279622,-37.78530721570437,3451188,24/1/2017,19.10.00,Yes,Collision with vehicle,Tuesday,RIGHT THROUGH,Day,145.00089,-37.785309999999996,YARRA,METROPOLITAN NORTH WEST REGION,2,1,0,0,1,1,2,0,1,0,1,0,0,0,0,0,0,0,1,0,No,0,2,0,1,0,0,MELB_URBAN,MELB_URBAN,YARRA,METROPOLITAN NORTH WEST REGION,CLIFTON HILL,2017,1,January
144.9371806461231,-37.616149756293375,3451195,30/1/2017,17.01.00,No,Collision with vehicle,Monday,LANE SIDE SWIPE (VEHICLES IN PARALLEL LANES),Day,144.93718,-37.61615,HUME,METROPOLITAN NORTH WEST REGION,2,1,0,0,1,1,2,0,1,0,1,0,0,0,0,0,1,0,0,1,No,0,2,0,1,0,0,MELB_URBAN,MELB_URBAN,HUME,METROPOLITAN NORTH WEST REGION,ROXBURGH PARK,2017,1,January
144.8776030909434,-37.79363455003068,3451196,30/1/2017,15.15.00,No,Collision with vehicle,Sunday,LEFT NEAR (INTERSECTIONS ONLY),Day,144.8776,-37.79363,MARIBYRNONG,METROPOLITAN NORTH WEST REGION,2,1,0,0,1,1,1,1,1,0,1,0,0,0,0,0,0,0,0,0,No,0,2,0,1,0,0,MELB_URBAN,MELB_URBAN,MARIBYRNONG,METROPOLITAN NORTH WEST REGION,WEST FOOTSCRAY,2017,1,January