X,Y,OBJECTID,ACCIDENT_DATE,ACCIDENT_TIME,ALCOHOLTIME,ACCIDENT_TYPE,DAY_OF_WEEK,DCA_CODE,LIGHT_CONDITION,LONGITUDE,LATITUDE,LGA_NAME,REGION_NAME,TOTAL_PERSONS,INJ_OR_FATAL,FATALITY,SERIOUSINJURY,OTHERINJURY,NONINJURED,MALES,FEMALES,BICYCLIST,PASSENGER,DRIVER,PEDESTRIAN,PILLION,MOTORIST,UNKNOWN,PED_CYCLIST_5_12,PED_CYCLIST_13_18,OLD_PEDESTRIAN,OLD_DRIVER,YOUNG_DRIVER,ALCOHOL_RELATED,UNLICENCSED,NO_OF_VEHICLES,HEAVYVEHICLE,PASSENGERVEHICLE,MOTORCYCLE,PUBLICVEHICLE,DEG_URBAN_NAME,DEG_URBAN_ALL,LGA_NAME_ALL,REGION_NAME_ALL,Suburb,Year,Month,Month_name
144.94756156975325,-37.77918477645353,3454952,20/3/2017,13.12.00,No,Collision with vehicle,Monday,RIGHT THROUGH,Day,144.94756,-37.77918, , ,2,1,0,0,1,1,1,1,1,0,1,0,0,0,0,0,1,0,0,0,No,0,2,0,1,0,0,MELB_URBAN,MELB_URBAN,MELBOURNE,METROPOLITAN NORTH WEST REGION,PARKVILLE,2017,3,March
144.97834212823062,-37.799058958146354,3454966,25/3/2017,14.45.00,No,Collision with vehicle,Friday,RIGHT THROUGH,Day,144.97834,-37.79906,YARRA,METROPOLITAN NORTH WEST REGION,2,1,0,0,1,1,0,1,1,0,0,0,0,0,1,0,0,0,0,0,No,0,2,0,0,0,0,MELB_URBAN,MELB_URBAN,YARRA,METROPOLITAN NORTH WEST REGION,FITZROY,2017,3,March
144.97684842646413,-37.807929835590755,3454967,10/3/2017,07.30.00,No,Collision with vehicle,Thursday,VEHICLE STRIKES DOOR OF PARKED/STATIONARY VEHICLE,Day,144.97685,-37.80793,YARRA,METROPOLITAN NORTH WEST REGION,3,1,0,0,1,2,2,1,1,1,1,0,0,0,0,0,0,0,0,0,No,0,2,0,1,0,0,MELB_URBAN,MELB_URBAN,YARRA,METROPOLITAN NORTH WEST REGION,FITZROY,2017,3,March
145.03801104832172,-37.984855637344005,3454973,31/3/2017,15.40.00,No,Collision with vehicle,Friday,CROSS TRAFFIC(INTERSECTIONS ONLY),Day,145.03801,-37.98486,BAYSIDE,METROPOLITAN SOUTH EAST REGION,2,1,0,0,1,1,1,0,1,0,0,0,0,0,1,0,1,0,0,0,No,0,2,0,0,0,0,MELB_URBAN,MELB_URBAN,BAYSIDE,METROPOLITAN SOUTH EAST REGION,BEAUMARIS,2017,3,March
144.94933267268962,-37.77283178014372,3454975,31/3/2017,17.40.00,No,Collision with vehicle,Thursday,CROSS TRAFFIC(INTERSECTIONS ONLY),Day,144.94933,-37.77283,MORELAND,METROPOLITAN NORTH WEST REGION,2,2,0,0,2,0,1,1,1,0,1,0,0,0,0,0,0,0,0,0,No,0,2,0,1,0,0,MELB_URBAN,MELB_URBAN,MORELAND,METROPOLITAN NORTH WEST REGION,BRUNSWICK WEST,2017,3,March
144.9623075698141,-37.754528105302455,3454983,6/4/2017,10.45.00,No,Collision with vehicle,Wednesday,VEHICLE STRIKES ANOTHER VEH WHILE EMERGING FROM DRIVEWAY,Day,144.96231,-37.754529999999995,MORELAND,METROPOLITAN NORTH WEST REGION,2,1,0,1,0,1,2,0,1,0,1,0,0,0,0,0,0,0,0,0,No,0,2,0,1,0,0,MELB_URBAN,MELB_URBAN,MORELAND,METROPOLITAN NORTH WEST REGION,COBURG,2017,4,April
144.91658963409554,-37.64925795293821,3455015,24/3/2017,12.00.00,No,Collision with vehicle,Friday,REAR END(VEHICLES IN SAME LANE),Day,144.91658999999999,-37.64926,HUME,METROPOLITAN NORTH WEST REGION,2,1,0,0,1,1,1,0,1,0,0,0,0,0,1,0,0,0,0,0,No,0,2,0,0,0,0,MELB_URBAN,MELB_URBAN,HUME,METROPOLITAN NORTH WEST REGION,MEADOW HEIGHTS,2017,3,March
144.98529600516017,-38.32948187823881,3455022,1/4/2017,08.35.00,No,Collision with vehicle,Saturday,RIGHT NEAR (INTERSECTIONS ONLY),Day,144.9853,-38.32948,MORNINGTON PENINSULA,METROPOLITAN SOUTH EAST REGION,2,1,0,0,1,1,1,1,1,0,1,0,0,0,0,0,0,0,0,0,No,0,2,0,1,0,0,MELB_URBAN,MELB_URBAN,MORNINGTON PENINSULA,METROPOLITAN SOUTH EAST REGION,DROMANA,2017,4,April
145.26472715957226,-38.04764837104037,3455026,29/3/2017,16.30.00,No,Collision with vehicle,Wednesday,RIGHT THROUGH,Day,145.26473000000001,-38.04765,CASEY,METROPOLITAN SOUTH EAST REGION,2,1,0,0,1,1,2,0,1,0,1,0,0,0,0,0,0,0,0,0,No,0,2,0,1,0,0,MELB_URBAN,MELB_URBAN,CASEY,METROPOLITAN SOUTH EAST REGION,HAMPTON PARK,2017,3,March
144.97808016673406,-37.78524902893077,3455038,6/4/2017,17.59.00,No,No collision and no object struck,Thursday,OUT OF CONTROL ON CARRIAGEWAY (ON STRAIGHT),Dark Street lights on,144.97808,-37.78525,YARRA,METROPOLITAN NORTH WEST REGION,2,1,0,0,1,1,2,0,1,0,1,0,0,0,0,0,0,0,0,0,No,0,2,0,1,0,0,MELB_URBAN,MELB_URBAN,YARRA,METROPOLITAN NORTH WEST REGION,FITZROY NORTH,2017,4,April
145.00458285294727,-37.84115034984789,3455048,19/1/2017,08.00.00,No,Collision with vehicle,Wednesday,VEHICLE STRIKES DOOR OF PARKED/STATIONARY VEHICLE,Unk.,145.00458,-37.84115,STONNINGTON,METROPOLITAN SOUTH EAST REGION,2,1,0,0,1,1,0,2,1,1,0,0,0,0,0,0,0,0,0,0,No,0,2,0,1,0,0,MELB_URBAN,MELB_URBAN,STONNINGTON,METROPOLITAN SOUTH EAST REGION,SOUTH YARRA,2017,1,January
144.96045234892838,-37.808349313267435,3455058,21/3/2017,17.25.00,No,Collision with vehicle,Monday,LANE SIDE SWIPE (VEHICLES IN PARALLEL LANES),Day,144.96045,-37.80835,MELBOURNE,METROPOLITAN NORTH WEST REGION,2,1,0,1,0,1,2,0,1,0,1,0,0,0,0,0,0,0,0,0,No,0,3,0,2,0,0,MELB_URBAN,MELB_URBAN,MELBOURNE,METROPOLITAN NORTH WEST REGION,MELBOURNE,2017,3,March
144.97099967341916,-37.79462190314706,3455064,24/3/2017,09.30.00,No,Collision with vehicle,Friday,LEFT NEAR (INTERSECTIONS ONLY),Day,144.971,-37.79462,MELBOURNE,METROPOLITAN NORTH WEST REGION,2,1,0,0,1,1,1,1,1,0,1,0,0,0,0,0,0,0,0,0,No,0,2,0,1,0,0,MELB_URBAN,MELB_URBAN,MELBOURNE,METROPOLITAN NORTH WEST REGION,CARLTON,2017,3,March
144.99047019164385,-37.77206435282361,3455074,30/3/2017,08.15.00,No,Collision with vehicle,Thursday,HEAD ON(OVERTAKING),Day,144.99047,-37.772059999999996,DAREBIN,METROPOLITAN NORTH WEST REGION,3,2,0,0,2,1,1,2,2,0,1,0,0,0,0,0,0,0,0,0,No,0,3,0,1,0,0,MELB_URBAN,MELB_URBAN,DAREBIN,METROPOLITAN NORTH WEST REGION,NORTHCOTE,2017,3,March
144.96777957353189,-37.8151290730104,3455081,31/3/2017,17.50.00,Yes,No collision and no object struck,Friday,OUT OF CONTROL ON CARRIAGEWAY (ON STRAIGHT),Unk.,144.96778,-37.815129999999996,MELBOURNE,METROPOLITAN NORTH WEST REGION,4,1,0,0,1,3,2,2,1,0,2,0,0,0,1,0,0,0,0,0,No,1,3,0,2,0,0,MELBOURNE_CBD,MELBOURNE_CBD,MELBOURNE,METROPOLITAN NORTH WEST REGION,MELBOURNE,2017,3,March
144.99223982807254,-37.83907084459777,3455139,7/4/2017,09.15.00,No,Collision with vehicle,Thursday,VEHICLE STRIKES DOOR OF PARKED/STATIONARY VEHICLE,Day,144.99223999999995,-37.83907,STONNINGTON,METROPOLITAN SOUTH EAST REGION,2,1,0,0,1,1,1,1,1,0,1,0,0,0,0,0,0,0,0,0,No,0,2,0,1,0,0,MELB_URBAN,MELB_URBAN,STONNINGTON,METROPOLITAN SOUTH EAST REGION,SOUTH YARRA,2017,4,April
144.99616295587194,-37.83682516835345,3455144,7/4/2017,15.31.00,No,Collision with vehicle,Friday,RIGHT THROUGH,Day,144.99616,-37.83683,STONNINGTON,METROPOLITAN SOUTH EAST REGION,2,1,0,0,1,1,1,1,1,0,1,0,0,0,0,0,0,0,0,0,No,0,2,0,1,0,0,MELB_URBAN,MELB_URBAN,STONNINGTON,METROPOLITAN SOUTH EAST REGION,SOUTH YARRA,2017,4,April
144.99143100313074,-37.8877024748554,3455155,10/3/2017,17.15.00,Yes,Collision with vehicle,Friday,RIGHT THROUGH,Day,144.99143,-37.8877,BAYSIDE,METROPOLITAN NORTH WEST REGION,2,1,0,0,1,1,1,1,1,0,1,0,0,0,0,0,0,0,0,0,No,0,2,0,1,0,0,MELB_URBAN,MELB_URBAN,"PORT PHILLIP,BAYSIDE","METROPOLITAN NORTH WEST REGION,METROPOLITAN SOUTH EAST REGION",ELWOOD,2017,3,March
144.88975939146758,-37.78698386243325,3455157,22/3/2017,07.50.00,No,Collision with vehicle,Tuesday,VEHICLE STRIKES DOOR OF PARKED/STATIONARY VEHICLE,Day,144.88976,-37.78698,MARIBYRNONG,METROPOLITAN NORTH WEST REGION,2,1,0,0,1,1,1,1,1,0,1,0,0,0,0,0,0,0,1,0,No,0,2,0,1,0,0,MELB_URBAN,MELB_URBAN,MARIBYRNONG,METROPOLITAN NORTH WEST REGION,MARIBYRNONG,2017,3,March
145.15041053575854,-37.820564282524536,3455164,23/3/2017,17.15.00,No,Collision with vehicle,Thursday,LEAVING PARKING,Unk.,145.15041000000005,-37.82056,WHITEHORSE,METROPOLITAN SOUTH EAST REGION,2,1,0,0,1,1,2,0,1,0,1,0,0,0,0,0,0,0,0,1,No,0,2,0,1,0,0,MELB_URBAN,MELB_URBAN,WHITEHORSE,METROPOLITAN SOUTH EAST REGION,BLACKBURN,2017,3,March
142.30964020706375,-38.06908999829261,3455187,2/4/2017,10.05.00,No,Collision with vehicle,Sunday,CUTTING IN (OVERTAKING),Day,142.30964,-38.06909,MOYNE,SOUTH WESTERN REGION,2,1,0,1,0,1,1,1,1,0,1,0,0,0,0,0,0,0,1,0,No,0,2,0,1,0,0,RURAL_VICTORIA,RURAL_VICTORIA,MOYNE,SOUTH WESTERN REGION,HAWKESDALE,2017,4,April
144.43388636772474,-37.68423168670324,3455191,17/3/2017,08.30.00,No,Collision with vehicle,Friday,VEHICLE OFF FOOTPATH STRIKES VEH ON CARRIAGEWAY,Day,144.43389,-37.68423,MOORABOOL,WESTERN REGION,2,1,0,0,1,1,2,0,1,0,1,0,0,0,0,0,1,0,0,0,No,0,2,0,1,0,0,SMALL_CITIES,SMALL_CITIES,MOORABOOL,WESTERN REGION,MADDINGLEY,2017,3,March
145.00064451860382,-37.81056814090361,3455198,17/3/2017,06.55.00,No,Collision with vehicle,Friday,RIGHT THROUGH,Day,145.00064,-37.81057,YARRA,METROPOLITAN NORTH WEST REGION,2,1,0,1,0,1,1,1,1,0,1,0,0,0,0,0,0,0,0,0,No,0,2,0,1,0,0,MELB_URBAN,MELB_URBAN,YARRA,METROPOLITAN NORTH WEST REGION,RICHMOND,2017,3,March
144.99708305732347,-37.83040947475186,3455213,22/3/2017,15.25.00,No,Collision with vehicle,Wednesday,CROSS TRAFFIC(INTERSECTIONS ONLY),Day,144.99708,-37.83041,YARRA,METROPOLITAN NORTH WEST REGION,2,1,0,0,1,1,1,1,1,0,1,0,0,0,0,0,0,0,0,0,No,0,2,0,1,0,0,MELB_URBAN,MELB_URBAN,YARRA,METROPOLITAN NORTH WEST REGION,CREMORNE,2017,3,March
144.9202527366879,-37.68532393409181,3455220,10/3/2017,05.50.00,Yes,Collision with vehicle,Friday,REAR END(VEHICLES IN SAME LANE),Dusk/Dawn,144.92025,-37.685320000000004,HUME,METROPOLITAN NORTH WEST REGION,2,1,0,0,1,1,1,0,1,0,0,0,0,0,1,0,0,0,0,0,No,0,2,0,0,0,0,MELB_URBAN,MELB_URBAN,HUME,METROPOLITAN NORTH WEST REGION,BROADMEADOWS,2017,3,March
144.94540370226323,-37.83526194724735,3455222,27/3/2017,07.45.00,Yes,Collision with vehicle,Sunday,LEFT TURN SIDESWIPE,Day,144.9454,-37.83526,PORT PHILLIP,METROPOLITAN NORTH WEST REGION,2,1,0,0,1,1,0,2,1,0,1,0,0,0,0,0,0,0,0,1,No,0,2,0,1,0,0,MELB_URBAN,MELB_URBAN,PORT PHILLIP,METROPOLITAN NORTH WEST REGION,PORT MELBOURNE,2017,3,March
144.96713735172355,-37.810700766696726,3455234,31/3/2017,22.30.00,Yes,Collision with vehicle,Friday,LANE SIDE SWIPE (VEHICLES IN PARALLEL LANES),Dark Street lights on,144.96714,-37.8107,MELBOURNE,METROPOLITAN NORTH WEST REGION,2,1,0,0,1,1,1,1,1,0,1,0,0,0,0,0,0,0,0,0,No,0,2,0,1,0,0,MELBOURNE_CBD,MELBOURNE_CBD,MELBOURNE,METROPOLITAN NORTH WEST REGION,MELBOURNE,2017,3,March
144.1864069521686,-38.40726678406188,3455246,17/3/2017,09.40.00,No,Collision with vehicle,Thursday,RIGHT NEAR (INTERSECTIONS ONLY),Day,144.18641000000005,-38.407270000000004,SURF COAST,SOUTH WESTERN REGION,2,2,0,0,2,0,2,0,1,0,1,0,0,0,0,0,0,0,0,0,No,0,2,0,1,0,0,TOWNS,TOWNS,SURF COAST,SOUTH WESTERN REGION,ANGLESEA,2017,3,March
144.95645544177358,-37.736729421561854,3455256,22/3/2017,17.10.00,No,Collision with vehicle,Wednesday,OTHER ADJACENT (INTERSECTIONS ONLY),Day,144.95646000000005,-37.73673,MORELAND,METROPOLITAN NORTH WEST REGION,3,1,0,0,1,2,1,2,1,1,1,0,0,0,0,0,0,0,0,0,No,0,2,0,1,0,0,MELB_URBAN,MELB_URBAN,MORELAND,METROPOLITAN NORTH WEST REGION,COBURG,2017,3,March
144.99370365186863,-37.84957463203452,3455262,22/3/2017,17.00.00,No,Collision with vehicle,Wednesday,RIGHT THROUGH,Day,144.9937,-37.84957,STONNINGTON,METROPOLITAN SOUTH EAST REGION,2,1,0,0,1,1,1,1,1,0,1,0,0,0,0,0,0,0,0,0,No,0,2,0,1,0,0,MELB_URBAN,MELB_URBAN,STONNINGTON,METROPOLITAN SOUTH EAST REGION,PRAHRAN,2017,3,March
144.2277066590714,-36.76004004102944,3455283,3/4/2017,05.45.00,Yes,Collision with vehicle,Monday,RIGHT NEAR (INTERSECTIONS ONLY),Dark Street lights on,144.22771,-36.760040000000004,BENDIGO,NORTHERN REGION,2,1,0,0,1,1,0,2,1,0,1,0,0,0,0,0,0,0,0,0,No,0,2,0,1,0,0,LARGE_PROVINCIAL_CITIES,"RURAL_VICTORIA,LARGE_PROVINCIAL_CITIES",BENDIGO,NORTHERN REGION,MAIDEN GULLY,2017,4,April
144.97253428633957,-37.766880491367935,3455285,3/4/2017,07.55.00,No,Collision with vehicle,Monday,VEHICLE STRIKES ANOTHER VEH WHILE EMERGING FROM DRIVEWAY,Day,144.97253,-37.76688,MORELAND,METROPOLITAN NORTH WEST REGION,2,2,0,0,2,0,1,1,1,0,1,0,0,0,0,0,0,0,0,0,No,0,2,0,1,0,0,MELB_URBAN,MELB_URBAN,MORELAND,METROPOLITAN NORTH WEST REGION,BRUNSWICK EAST,2017,4,April
144.98804051940613,-37.85703750142432,3455290,3/4/2017,08.54.00,No,Collision with vehicle,Monday,VEHICLE STRIKES DOOR OF PARKED/STATIONARY VEHICLE,Day,144.98803999999996,-37.85704000000001,PORT PHILLIP,METROPOLITAN NORTH WEST REGION,2,1,0,0,1,1,2,0,1,0,1,0,0,0,0,0,0,0,0,0,No,0,2,0,1,0,0,MELB_URBAN,MELB_URBAN,PORT PHILLIP,METROPOLITAN NORTH WEST REGION,ST KILDA,2017,4,April
146.76361118339986,-36.28901410367057,3455294,15/3/2017,08.00.00,No,Collision with vehicle,Tuesday,LANE SIDE SWIPE (VEHICLES IN PARALLEL LANES),Day,146.76361,-36.28901,INDIGO,NORTH EASTERN REGION,2,1,0,0,1,1,2,0,1,0,1,0,0,0,0,0,0,0,0,1,No,0,2,0,1,0,0,RURAL_VICTORIA,RURAL_VICTORIA,INDIGO,NORTH EASTERN REGION,WOORAGEE,2017,3,March
144.94216611505044,-37.78940374997313,3455298,17/3/2017,19.15.00,Yes,Collision with vehicle,Friday,VEHICLE OFF FOOTPATH STRIKES VEH ON CARRIAGEWAY,Day,144.94217,-37.7894,MELBOURNE,METROPOLITAN NORTH WEST REGION,2,1,0,1,0,1,2,0,1,0,1,0,0,0,0,0,0,0,0,1,No,0,2,0,1,0,0,MELB_URBAN,MELB_URBAN,MELBOURNE,METROPOLITAN NORTH WEST REGION,PARKVILLE,2017,3,March
145.08389533602798,-38.00707325967628,3455307,5/2/2017,09.30.00,Yes,Collision with vehicle,Sunday,LEFT TURN SIDESWIPE,Day,145.0839,-38.00707,KINGSTON,METROPOLITAN SOUTH EAST REGION,2,1,0,0,1,1,1,0,1,0,1,0,0,0,0,0,0,0,0,0,No,0,2,0,1,0,0,MELB_URBAN,MELB_URBAN,KINGSTON,METROPOLITAN SOUTH EAST REGION,MORDIALLOC,2017,2,February
144.87349317602198,-37.84145921474923,3455325,28/3/2017,15.15.00,No,Collision with vehicle,Tuesday,RIGHT TURN SIDESWIPE,Day,144.87349,-37.84146,HOBSONS BAY,METROPOLITAN NORTH WEST REGION,2,1,0,1,0,1,1,1,1,0,1,0,0,0,0,0,0,0,0,0,No,0,2,0,1,0,0,MELB_URBAN,MELB_URBAN,HOBSONS BAY,METROPOLITAN NORTH WEST REGION,NEWPORT,2017,3,March
144.9874870419619,-37.77906526343449,3455334,12/3/2017,18.00.00,Yes,No collision and no object struck,Sunday,OUT OF CONTROL ON CARRIAGEWAY (ON STRAIGHT),Day,144.98748999999995,-37.779070000000004,YARRA,METROPOLITAN NORTH WEST REGION,1,1,0,0,1,0,0,1,1,0,0,0,0,0,0,0,0,0,0,0,No,0,1,0,0,0,0,MELB_URBAN,MELB_URBAN,YARRA,METROPOLITAN NORTH WEST REGION,FITZROY NORTH,2017,3,March
144.96135881146827,-37.810316721263774,3455335,3/4/2017,12.30.00,No,Collision with vehicle,Monday,LEFT TURN SIDESWIPE,Day,144.96136,-37.810320000000004,MELBOURNE,METROPOLITAN NORTH WEST REGION,2,1,0,0,1,1,2,0,1,0,0,0,0,0,1,0,0,0,0,0,No,0,2,0,0,0,0,MELBOURNE_CBD,"MELBOURNE_CBD,MELB_URBAN",MELBOURNE,METROPOLITAN NORTH WEST REGION,MELBOURNE,2017,4,April
144.95047205103387,-37.77589458588175,3455345,17/3/2017,21.40.00,Yes,Collision with vehicle,Friday,RIGHT THROUGH,Dark Street lights on,144.95047,-37.775890000000004,MORELAND,METROPOLITAN NORTH WEST REGION,2,1,0,0,1,1,1,1,1,0,1,0,0,0,0,0,0,0,1,0,No,0,2,0,1,0,0,MELB_URBAN,MELB_URBAN,MORELAND,METROPOLITAN NORTH WEST REGION,BRUNSWICK,2017,3,March
143.8273925685762,-37.51230029238426,3455353,18/3/2017,08.20.00,No,Vehicle overturned (no collision),Saturday,OFF CARRIAGEWAY TO LEFT,Day,143.82738999999995,-37.5123,BALLARAT,WESTERN REGION,1,1,0,1,0,0,0,1,1,0,0,0,0,0,0,0,0,0,0,0,No,0,1,0,0,0,0,RURAL_VICTORIA,RURAL_VICTORIA,BALLARAT,WESTERN REGION,MINERS REST,2017,3,March
145.0695156010652,-37.7255210148349,3455355,18/3/2017,08.00.00,Yes,Collision with vehicle,Saturday,RIGHT/LEFT FAR (INTERSECTIONS ONLY),Day,145.06951999999995,-37.72552,BANYULE,METROPOLITAN NORTH WEST REGION,2,1,0,1,0,1,1,1,1,0,1,0,0,0,0,0,0,0,0,0,No,0,2,1,0,0,0,MELB_URBAN,MELB_URBAN,BANYULE,METROPOLITAN NORTH WEST REGION,MACLEOD,2017,3,March
144.34712539683963,-38.14676003292609,3455356,18/3/2017,08.36.00,No,Collision with vehicle,Saturday,CROSS TRAFFIC(INTERSECTIONS ONLY),Day,144.34713,-38.14676,GEELONG,SOUTH WESTERN REGION,2,1,0,1,0,1,2,0,1,0,1,0,0,0,0,0,0,0,0,0,No,0,2,0,1,0,0,LARGE_PROVINCIAL_CITIES,LARGE_PROVINCIAL_CITIES,GEELONG,SOUTH WESTERN REGION,NEWTOWN,2017,3,March
144.96147987946372,-37.80436068114304,3455368,28/2/2017,19.17.00,Yes,Collision with vehicle,Tuesday,VEHICLE STRIKES DOOR OF PARKED/STATIONARY VEHICLE,Day,144.96148,-37.804359999999996,MELBOURNE,METROPOLITAN NORTH WEST REGION,2,1,0,0,1,1,0,2,1,0,1,0,0,0,0,0,0,0,0,0,No,0,2,0,1,0,0,MELB_URBAN,MELB_URBAN,MELBOURNE,METROPOLITAN NORTH WEST REGION,CARLTON,2017,2,February
145.05406957023888,-37.97995217655375,3455378,29/3/2017,08.40.00,No,Collision with vehicle,Wednesday,LEFT TURN SIDESWIPE,Day,145.05407,-37.97995,KINGSTON,METROPOLITAN SOUTH EAST REGION,2,1,0,0,1,1,2,0,1,0,1,0,0,0,0,0,0,0,0,0,No,0,2,0,1,0,0,MELB_URBAN,MELB_URBAN,KINGSTON,METROPOLITAN SOUTH EAST REGION,MENTONE,2017,3,March
145.07826129249975,-37.70849943213239,3455385,3/4/2017,17.29.00,No,Collision with vehicle,Monday,RIGHT THROUGH,Dusk/Dawn,145.07826,-37.7085,BANYULE,METROPOLITAN NORTH WEST REGION,2,1,0,1,0,1,2,0,1,0,1,0,0,0,0,0,0,0,0,0,No,0,2,0,1,0,0,MELB_URBAN,MELB_URBAN,BANYULE,METROPOLITAN NORTH WEST REGION,WATSONIA,2017,4,April
144.9922895998237,-37.861551920407344,3455386,3/4/2017,17.55.00,No,Collision with vehicle,Monday,ENTERING PARKING,Dusk/Dawn,144.99229,-37.86155,PORT PHILLIP,METROPOLITAN NORTH WEST REGION,2,1,0,1,0,1,1,1,1,0,1,0,0,0,0,0,0,0,0,0,No,0,2,0,1,0,0,MELB_URBAN,MELB_URBAN,PORT PHILLIP,METROPOLITAN NORTH WEST REGION,ST KILDA,2017,4,April
144.93435853113115,-37.788569393464776,3455387,3/4/2017,17.48.00,No,Collision with vehicle,Monday,RIGHT THROUGH,Day,144.93436,-37.78857,MELBOURNE,METROPOLITAN NORTH WEST REGION,2,1,0,0,1,1,1,1,1,0,1,0,0,0,0,0,0,0,0,0,No,0,2,0,1,0,0,MELB_URBAN,MELB_URBAN,"MOONEE VALLEY,MELBOURNE",METROPOLITAN NORTH WEST REGION,KENSINGTON,2017,4,April
145.0980427039779,-37.81485177960121,3455389,3/4/2017,16.45.00,No,Collision with vehicle,Monday,RIGHT THROUGH,Day,145.09804,-37.81485,BOROONDARA,METROPOLITAN SOUTH EAST REGION,2,1,0,0,1,1,1,1,1,0,1,0,0,0,0,0,0,0,0,1,No,0,2,0,1,0,0,MELB_URBAN,MELB_URBAN,BOROONDARA,METROPOLITAN SOUTH EAST REGION,SURREY HILLS,2017,4,April
144.87096484284268,-37.707270398583226,3455397,18/3/2017,08.40.00,No,Collision with vehicle,Saturday,RIGHT NEAR (INTERSECTIONS ONLY),Day,144.87096,-37.70727,BRIMBANK,METROPOLITAN NORTH WEST REGION,2,1,0,1,0,1,1,1,1,0,1,0,0,0,0,0,0,0,0,0,No,0,2,0,1,0,0,MELB_URBAN,MELB_URBAN,"HUME,BRIMBANK",METROPOLITAN NORTH WEST REGION,TULLAMARINE,2017,3,March
144.87178548939585,-38.36472599986226,3455400,18/3/2017,08.10.00,No,Collision with vehicle,Saturday,RIGHT THROUGH,Day,144.87179,-38.36473,MORNINGTON PENINSULA,METROPOLITAN SOUTH EAST REGION,3,1,0,1,0,2,2,1,1,1,1,0,0,0,0,0,0,0,0,0,No,0,2,0,1,0,0,MELB_URBAN,MELB_URBAN,MORNINGTON PENINSULA,METROPOLITAN SOUTH EAST REGION,CAPEL SOUND,2017,3,March
145.0785305213126,-37.707030474726594,3455414,23/3/2017,08.00.00,No,Collision with vehicle,Thursday,RIGHT NEAR (INTERSECTIONS ONLY),Day,145.07853,-37.707029999999996,BANYULE,METROPOLITAN NORTH WEST REGION,2,1,0,0,1,1,2,0,1,0,1,0,0,0,0,0,0,0,0,0,No,0,2,0,1,0,0,MELB_URBAN,MELB_URBAN,BANYULE,METROPOLITAN NORTH WEST REGION,WATSONIA,2017,3,March
145.00772520724075,-37.8380055193722,3455415,21/3/2017,08.30.00,No,Collision with vehicle,Tuesday,CROSS TRAFFIC(INTERSECTIONS ONLY),Day,145.00773,-37.83801,STONNINGTON,METROPOLITAN SOUTH EAST REGION,2,1,0,0,1,1,1,1,1,0,1,0,0,0,0,0,0,0,0,0,No,0,2,0,1,0,0,MELB_URBAN,MELB_URBAN,STONNINGTON,METROPOLITAN SOUTH EAST REGION,TOORAK,2017,3,March
144.98314462488702,-37.85528187901569,3455417,23/3/2017,17.15.00,No,Collision with vehicle,Thursday,OTHER SAME DIRECTION-MANOUEVRES NOT INCLUDED IN DCAs 130-137,Day,144.98314,-37.85528,PORT PHILLIP,METROPOLITAN NORTH WEST REGION,2,1,0,1,0,1,1,1,1,0,1,0,0,0,0,0,0,0,0,0,No,0,2,0,1,0,0,MELB_URBAN,MELB_URBAN,PORT PHILLIP,METROPOLITAN NORTH WEST REGION,ST KILDA,2017,3,March
144.95492809004602,-37.818845825595226,3455423,22/3/2017,14.45.00,No,Collision with vehicle,Wednesday,VEHICLE STRIKES DOOR OF PARKED/STATIONARY VEHICLE,Day,144.95493000000005,-37.81885,MELBOURNE,METROPOLITAN NORTH WEST REGION,3,1,0,0,1,2,3,0,1,1,1,0,0,0,0,0,0,0,0,0,No,0,2,0,1,0,0,MELBOURNE_CBD,MELBOURNE_CBD,MELBOURNE,METROPOLITAN NORTH WEST REGION,MELBOURNE,2017,3,March
144.89533121364437,-37.79756937683484,3455430,29/3/2017,12.40.00,No,Collision with vehicle,Wednesday,LEFT NEAR (INTERSECTIONS ONLY),Day,144.89533,-37.79757,MARIBYRNONG,METROPOLITAN NORTH WEST REGION,2,1,0,0,1,1,1,1,1,0,1,0,0,0,0,0,0,0,0,0,No,0,2,0,1,0,0,MELB_URBAN,MELB_URBAN,MARIBYRNONG,METROPOLITAN NORTH WEST REGION,FOOTSCRAY,2017,3,March
144.97820020250862,-37.79830877848296,3455435,28/3/2017,16.00.00,No,Collision with vehicle,Tuesday,VEHICLE STRIKES DOOR OF PARKED/STATIONARY VEHICLE,Day,144.9782,-37.79831,YARRA,METROPOLITAN NORTH WEST REGION,2,1,0,0,1,1,1,0,1,0,0,0,0,0,1,0,0,0,0,0,No,0,2,0,0,0,0,MELB_URBAN,MELB_URBAN,YARRA,METROPOLITAN NORTH WEST REGION,FITZROY,2017,3,March
145.01232631121553,-37.93022559757776,3455440,4/4/2017,07.10.00,No,Collision with vehicle,Tuesday,LEFT NEAR (INTERSECTIONS ONLY),Day,145.01233,-37.93023,BAYSIDE,METROPOLITAN SOUTH EAST REGION,2,1,0,0,1,1,0,2,1,0,1,0,0,0,0,0,0,0,0,0,No,0,2,0,1,0,0,MELB_URBAN,MELB_URBAN,BAYSIDE,METROPOLITAN SOUTH EAST REGION,BRIGHTON EAST,2017,4,April
143.8414471241293,-37.55987809135353,3455442,4/4/2017,08.20.00,No,Collision with vehicle,Tuesday,LEFT TURN SIDESWIPE,Day,143.84145,-37.55988,BALLARAT,WESTERN REGION,2,1,0,0,1,1,2,0,1,0,1,0,0,0,0,0,0,0,0,0,No,0,2,0,1,0,0,LARGE_PROVINCIAL_CITIES,LARGE_PROVINCIAL_CITIES,BALLARAT,WESTERN REGION,BALLARAT CENTRAL,2017,4,April