X,Y,OBJECTID,ACCIDENT_DATE,ACCIDENT_TIME,ALCOHOLTIME,ACCIDENT_TYPE,DAY_OF_WEEK,DCA_CODE,LIGHT_CONDITION,LONGITUDE,LATITUDE,LGA_NAME,REGION_NAME,TOTAL_PERSONS,INJ_OR_FATAL,FATALITY,SERIOUSINJURY,OTHERINJURY,NONINJURED,MALES,FEMALES,BICYCLIST,PASSENGER,DRIVER,PEDESTRIAN,PILLION,MOTORIST,UNKNOWN,PED_CYCLIST_5_12,PED_CYCLIST_13_18,OLD_PEDESTRIAN,OLD_DRIVER,YOUNG_DRIVER,ALCOHOL_RELATED,UNLICENCSED,NO_OF_VEHICLES,HEAVYVEHICLE,PASSENGERVEHICLE,MOTORCYCLE,PUBLICVEHICLE,DEG_URBAN_NAME,DEG_URBAN_ALL,LGA_NAME_ALL,REGION_NAME_ALL,Suburb,Year,Month,Month_name
144.45714043458926,-38.28457757420815,3455448,4/4/2017,08.10.00,No,No collision and no object struck,Tuesday,OUT OF CONTROL ON CARRIAGEWAY (ON STRAIGHT),Day,144.45713999999995,-38.28458,GEELONG,SOUTH WESTERN REGION,1,1,1,0,0,0,1,0,1,0,0,0,0,0,0,0,0,0,0,0,No,0,1,0,0,0,0,RURAL_VICTORIA,RURAL_VICTORIA,GEELONG,SOUTH WESTERN REGION,CONNEWARRE,2017,4,April
145.0099716888801,-37.841213696416546,3455453,18/3/2017,09.55.00,No,Collision with vehicle,Saturday,LEFT TURN SIDESWIPE,Day,145.00996999999995,-37.84121,STONNINGTON,METROPOLITAN SOUTH EAST REGION,2,1,0,0,1,1,0,2,1,0,1,0,0,0,0,0,0,0,0,0,No,0,2,0,1,0,0,MELB_URBAN,MELB_URBAN,STONNINGTON,METROPOLITAN SOUTH EAST REGION,TOORAK,2017,3,March
144.5818802681089,-37.681942338692906,3455483,29/3/2017,20.00.00,Yes,Collision with vehicle,Tuesday,VEHICLE STRIKES ANOTHER VEH WHILE EMERGING FROM DRIVEWAY,Dark Street lights on,144.58188,-37.681940000000004,MELTON,METROPOLITAN NORTH WEST REGION,3,1,0,0,1,2,0,1,1,0,0,0,0,0,2,0,1,0,0,0,No,0,2,0,0,0,0,SMALL_CITIES,SMALL_CITIES,MELTON,METROPOLITAN NORTH WEST REGION,MELTON,2017,3,March
144.95607133808096,-37.80492883653362,3455493,4/4/2017,12.30.00,No,Collision with vehicle,Tuesday,RIGHT THROUGH,Day,144.95606999999995,-37.80493,MELBOURNE,METROPOLITAN NORTH WEST REGION,5,1,0,0,1,4,3,2,1,3,1,0,0,0,0,0,1,0,0,0,No,0,2,0,1,0,0,MELB_URBAN,MELB_URBAN,MELBOURNE,METROPOLITAN NORTH WEST REGION,NORTH MELBOURNE,2017,4,April
144.9739036415525,-37.86045784132713,3455496,26/3/2017,10.50.00,No,Collision with vehicle,Sunday,VEHICLE STRIKES ANOTHER VEH WHILE EMERGING FROM DRIVEWAY,Day,144.9739,-37.860459999999996,PORT PHILLIP,METROPOLITAN NORTH WEST REGION,2,1,0,0,1,1,1,1,1,0,1,0,0,0,0,0,0,0,0,0,No,0,2,0,1,0,0,MELB_URBAN,MELB_URBAN,PORT PHILLIP,METROPOLITAN NORTH WEST REGION,ST KILDA WEST,2017,3,March
144.97886984809003,-37.79595094440165,3455498,4/4/2017,15.40.00,No,Collision with vehicle,Tuesday,REAR END(VEHICLES IN SAME LANE),Day,144.97887,-37.79595,YARRA,METROPOLITAN NORTH WEST REGION,2,1,0,0,1,1,1,0,1,0,0,0,0,0,1,0,0,0,0,0,No,0,2,0,0,0,0,MELB_URBAN,MELB_URBAN,YARRA,METROPOLITAN NORTH WEST REGION,FITZROY,2017,4,April
145.55840951716647,-38.067892442411775,3455501,19/3/2017,09.00.00,Yes,Collision with vehicle,Sunday,LANE CHANGE LEFT (NOT OVERTAKING),Day,145.55841,-38.06789000000001,CARDINIA,METROPOLITAN SOUTH EAST REGION,2,1,0,0,1,1,1,1,1,0,1,0,0,0,0,0,0,0,0,0,No,0,2,0,1,0,0,RURAL_VICTORIA,RURAL_VICTORIA,CARDINIA,METROPOLITAN SOUTH EAST REGION,NAR NAR GOON,2017,3,March
145.0694841810284,-37.80170435688349,3455502,19/3/2017,09.25.00,No,Collision with vehicle,,CROSS TRAFFIC(INTERSECTIONS ONLY),Day,145.06948,-37.8017,BOROONDARA,METROPOLITAN SOUTH EAST REGION,2,1,0,0,1,1,1,1,1,0,1,0,0,0,0,0,0,0,0,0,No,0,2,0,1,0,0,MELB_URBAN,MELB_URBAN,BOROONDARA,METROPOLITAN SOUTH EAST REGION,BALWYN NORTH,2017,3,March
144.9498701216748,-37.813610267854266,3455516,18/3/2017,19.00.00,Yes,Collision with vehicle,Saturday,VEHICLE STRIKES DOOR OF PARKED/STATIONARY VEHICLE,Day,144.94987,-37.81361,MELBOURNE,METROPOLITAN NORTH WEST REGION,3,1,0,1,0,2,0,3,1,1,1,0,0,0,0,0,0,0,0,1,No,0,2,0,1,0,0,MELB_URBAN,MELB_URBAN,MELBOURNE,METROPOLITAN NORTH WEST REGION,DOCKLANDS,2017,3,March
145.0106540118631,-37.819751656354725,3455534,30/3/2017,08.00.00,No,Collision with vehicle,Wednesday,LEFT TURN SIDESWIPE,Day,145.01065,-37.81975,YARRA,METROPOLITAN NORTH WEST REGION,2,1,0,1,0,1,1,1,1,0,1,0,0,0,0,0,0,0,0,0,No,0,2,0,1,0,0,MELB_URBAN,MELB_URBAN,YARRA,METROPOLITAN NORTH WEST REGION,RICHMOND,2017,3,March
145.1964596053994,-37.81596177077819,3455548,4/4/2017,05.50.00,Yes,Collision with vehicle,Monday,LEFT NEAR (INTERSECTIONS ONLY),Dark Street lights on,145.19646,-37.81596,WHITEHORSE,METROPOLITAN SOUTH EAST REGION,2,1,0,0,1,1,2,0,1,0,1,0,0,0,0,0,0,0,0,0,No,0,2,0,1,0,0,MELB_URBAN,MELB_URBAN,WHITEHORSE,METROPOLITAN SOUTH EAST REGION,MITCHAM,2017,4,April
144.94797567031333,-37.803865752706535,3455552,5/4/2017,08.20.00,No,Collision with vehicle,Wednesday,CROSS TRAFFIC(INTERSECTIONS ONLY),Day,144.94798,-37.80387,MELBOURNE,METROPOLITAN NORTH WEST REGION,2,1,0,1,0,1,2,0,1,0,1,0,0,0,0,0,0,0,0,0,No,0,2,0,1,0,0,MELB_URBAN,MELB_URBAN,MELBOURNE,METROPOLITAN NORTH WEST REGION,NORTH MELBOURNE,2017,4,April
144.87542646866493,-37.73110294814503,3455553,19/3/2017,14.00.00,No,Collision with vehicle,Sunday,RIGHT THROUGH,Day,144.87543,-37.7311,MOONEE VALLEY,METROPOLITAN NORTH WEST REGION,2,1,0,0,1,1,2,0,1,0,1,0,0,0,0,0,1,0,0,0,No,0,2,0,1,0,0,MELB_URBAN,MELB_URBAN,MOONEE VALLEY,METROPOLITAN NORTH WEST REGION,NIDDRIE,2017,3,March
144.9793635996006,-37.8657438326071,3455564,11/3/2017,01.23.00,Yes,Collision with vehicle,Saturday,VEHICLE COLLIDES WITH VEHICLE PARKED ON LEFT OF ROAD,Dark Street lights on,144.97936,-37.86574,PORT PHILLIP,METROPOLITAN NORTH WEST REGION,1,1,0,1,0,0,1,0,1,0,0,0,0,0,0,0,0,0,0,0,No,0,2,0,1,0,0,MELB_URBAN,MELB_URBAN,PORT PHILLIP,METROPOLITAN NORTH WEST REGION,ST KILDA,2017,3,March
146.00077069274022,-36.467309718089616,3455577,24/3/2017,16.20.00,Yes,Collision with vehicle,Friday,PULLING OUT -REAR END,Day,146.00077,-36.46731,BENALLA,NORTH EASTERN REGION,2,1,1,0,0,1,2,0,1,0,1,0,0,0,0,0,0,0,0,0,No,0,2,0,1,0,0,RURAL_VICTORIA,RURAL_VICTORIA,BENALLA,NORTH EASTERN REGION,BENALLA,2017,3,March
146.31420706634492,-36.35541860694492,3455579,29/3/2017,12.00.00,No,Collision with vehicle,Wednesday,CROSS TRAFFIC(INTERSECTIONS ONLY),Day,146.31421,-36.35542,WANGARATTA,NORTH EASTERN REGION,2,1,0,0,1,1,1,1,1,0,1,0,0,0,0,0,0,0,0,0,No,0,2,0,1,0,0,SMALL_CITIES,SMALL_CITIES,WANGARATTA,NORTH EASTERN REGION,WANGARATTA,2017,3,March
145.00485061402614,-37.89750692707581,3455580,8/3/2017,18.15.00,Yes,Collision with vehicle,Wednesday,VEHICLE STRIKES DOOR OF PARKED/STATIONARY VEHICLE,Day,145.00485,-37.89751,BAYSIDE,METROPOLITAN SOUTH EAST REGION,2,1,0,0,1,1,2,0,1,0,1,0,0,0,0,0,0,0,0,0,No,0,2,0,1,0,0,MELB_URBAN,MELB_URBAN,BAYSIDE,METROPOLITAN SOUTH EAST REGION,BRIGHTON,2017,3,March
145.22588700150143,-37.95736962827457,3455583,27/3/2017,05.10.00,Yes,Collision with vehicle,Monday,LANE SIDE SWIPE (VEHICLES IN PARALLEL LANES),Dark Street lights on,145.22589,-37.957370000000004,DANDENONG,METROPOLITAN SOUTH EAST REGION,2,2,0,1,1,0,1,1,1,0,1,0,0,0,0,0,0,0,0,1,No,0,2,0,1,0,0,MELB_URBAN,MELB_URBAN,DANDENONG,METROPOLITAN SOUTH EAST REGION,DANDENONG NORTH,2017,3,March
145.11000986399853,-38.15387991198071,3455589,18/3/2017,17.40.00,Yes,Collision with vehicle,Saturday,LEFT TURN SIDESWIPE,Day,145.11001000000005,-38.15388,FRANKSTON,METROPOLITAN SOUTH EAST REGION,2,1,0,0,1,1,1,0,1,0,0,0,0,0,1,0,0,0,0,0,No,0,2,0,0,0,0,MELB_URBAN,MELB_URBAN,FRANKSTON,METROPOLITAN SOUTH EAST REGION,FRANKSTON SOUTH,2017,3,March
144.94532862040674,-37.83610984964546,3455594,5/4/2017,08.00.00,No,Collision with vehicle,Wednesday,CROSS TRAFFIC(INTERSECTIONS ONLY),Day,144.94533,-37.83611,PORT PHILLIP,METROPOLITAN NORTH WEST REGION,2,1,0,0,1,1,1,1,1,0,1,0,0,0,0,0,0,0,0,0,No,0,2,0,1,0,0,MELB_URBAN,MELB_URBAN,PORT PHILLIP,METROPOLITAN NORTH WEST REGION,PORT MELBOURNE,2017,4,April
144.364040537805,-38.152440152061146,3455603,5/4/2017,08.25.00,No,No collision and no object struck,Wednesday,OUT OF CONTROL ON CARRIAGEWAY (ON STRAIGHT),Day,144.36404,-38.15244000000001,GEELONG,SOUTH WESTERN REGION,2,1,0,1,0,1,1,0,1,0,0,0,0,0,1,0,0,0,0,0,No,0,2,0,0,0,0,LARGE_PROVINCIAL_CITIES,LARGE_PROVINCIAL_CITIES,GEELONG,SOUTH WESTERN REGION,GEELONG,2017,4,April
144.34626934262369,-36.80099996578368,3455607,20/3/2017,08.00.00,Yes,Collision with vehicle,Sunday,CROSS TRAFFIC(INTERSECTIONS ONLY),Day,144.34627,-36.801,BENDIGO,NORTHERN REGION,2,1,0,0,1,1,1,1,1,0,1,0,0,0,0,0,0,0,0,0,No,0,2,0,1,0,0,LARGE_PROVINCIAL_CITIES,LARGE_PROVINCIAL_CITIES,BENDIGO,NORTHERN REGION,STRATHFIELDSAYE,2017,3,March
144.9602338508116,-37.7780441926496,3455609,20/3/2017,08.06.00,No,Collision with vehicle,Monday,RIGHT THROUGH,Day,144.96023,-37.778040000000004,MELBOURNE,METROPOLITAN NORTH WEST REGION,2,2,0,1,1,0,2,0,1,0,1,0,0,0,0,0,0,0,0,0,No,0,2,0,1,0,0,MELB_URBAN,MELB_URBAN,"MORELAND,MELBOURNE",METROPOLITAN NORTH WEST REGION,BRUNSWICK,2017,3,March
144.95568226577382,-37.810109347699964,3455616,20/3/2017,07.30.00,No,Collision with vehicle,Monday,ENTERING PARKING,Day,144.95568,-37.810109999999995,MELBOURNE,METROPOLITAN NORTH WEST REGION,3,1,0,0,1,2,2,1,1,1,1,0,0,0,0,0,0,0,0,0,No,0,2,0,1,0,0,MELB_URBAN,MELB_URBAN,MELBOURNE,METROPOLITAN NORTH WEST REGION,WEST MELBOURNE,2017,3,March
144.95595737451774,-37.76630082324912,3455620,24/3/2017,07.00.00,No,Collision with vehicle,Friday,RIGHT THROUGH,Dusk/Dawn,144.95596,-37.7663,MORELAND,METROPOLITAN NORTH WEST REGION,2,2,0,0,2,0,1,1,1,0,0,0,0,1,0,0,0,0,0,0,No,0,2,0,0,1,0,MELB_URBAN,MELB_URBAN,MORELAND,METROPOLITAN NORTH WEST REGION,BRUNSWICK,2017,3,March
144.35251262910023,-38.10089032754068,3455627,4/3/2017,12.10.00,No,Collision with vehicle,Friday,LANE SIDE SWIPE (VEHICLES IN PARALLEL LANES),Day,144.35251,-38.10089,GEELONG,SOUTH WESTERN REGION,2,1,0,1,0,1,1,0,1,0,0,0,0,0,1,0,1,0,0,0,No,0,2,0,0,0,0,LARGE_PROVINCIAL_CITIES,LARGE_PROVINCIAL_CITIES,GEELONG,SOUTH WESTERN REGION,NORLANE,2017,3,March
145.10710067488597,-37.7880432819128,3455629,8/7/2014,16.45.00,No,Collision with vehicle,Tuesday,VEHICLE STRIKES ANOTHER VEH WHILE EMERGING FROM DRIVEWAY,Day,145.1071,-37.78804,MANNINGHAM,METROPOLITAN SOUTH EAST REGION,2,1,0,0,1,1,1,0,1,0,0,0,0,0,1,0,1,0,0,0,No,0,2,0,0,0,0,MELB_URBAN,MELB_URBAN,MANNINGHAM,METROPOLITAN SOUTH EAST REGION,DONCASTER,2014,7,July
144.96083049373718,-37.774737318232546,3455630,25/3/2017,11.40.00,No,Collision with vehicle,Saturday,RIGHT TURN SIDESWIPE,Day,144.96083000000004,-37.77474,MORELAND,METROPOLITAN NORTH WEST REGION,2,1,0,0,1,1,2,0,1,0,1,0,0,0,0,0,0,0,0,1,No,0,2,0,1,0,0,MELB_URBAN,MELB_URBAN,MORELAND,METROPOLITAN NORTH WEST REGION,BRUNSWICK,2017,3,March
144.97884904789882,-37.845300215638225,3455631,28/3/2017,15.30.00,No,Collision with vehicle,Tuesday,VEHICLE STRIKES DOOR OF PARKED/STATIONARY VEHICLE,Day,144.97885,-37.8453,MELBOURNE,METROPOLITAN NORTH WEST REGION,2,1,0,0,1,1,2,0,1,1,0,0,0,0,0,0,0,0,0,0,No,0,2,0,1,0,0,MELB_URBAN,MELB_URBAN,"PORT PHILLIP,MELBOURNE",METROPOLITAN NORTH WEST REGION,MELBOURNE,2017,3,March
144.83027487641664,-37.869272185258716,3455674,25/3/2017,07.50.00,Yes,Collision with vehicle,Saturday,CROSS TRAFFIC(INTERSECTIONS ONLY),Day,144.83026999999996,-37.86927,HOBSONS BAY,METROPOLITAN NORTH WEST REGION,2,1,0,0,1,1,0,2,1,0,1,0,0,0,0,0,0,0,0,1,No,0,2,0,1,0,0,MELB_URBAN,MELB_URBAN,HOBSONS BAY,METROPOLITAN NORTH WEST REGION,ALTONA,2017,3,March
144.9439381753655,-37.80006069411967,3455684,31/3/2017,08.35.00,No,Collision with vehicle,Thursday,LANE CHANGE LEFT (NOT OVERTAKING),Day,144.94394,-37.800059999999995,MELBOURNE,METROPOLITAN NORTH WEST REGION,2,1,0,1,0,1,1,1,1,0,1,0,0,0,0,0,0,0,0,0,No,0,2,0,1,0,0,MELB_URBAN,MELB_URBAN,MELBOURNE,METROPOLITAN NORTH WEST REGION,NORTH MELBOURNE,2017,3,March
144.46595173420624,-38.285345098333686,3455686,26/3/2017,14.10.00,No,Collision with vehicle,Sunday,REAR END(VEHICLES IN SAME LANE),Day,144.46595,-38.28535,GEELONG,SOUTH WESTERN REGION,2,1,0,0,1,1,1,0,1,0,0,0,0,0,1,0,0,0,0,0,No,0,2,0,0,0,0,RURAL_VICTORIA,RURAL_VICTORIA,GEELONG,SOUTH WESTERN REGION,CONNEWARRE,2017,3,March
145.22464697778148,-37.99592859841664,3455689,31/3/2017,08.20.00,No,Collision with vehicle,Thursday,RIGHT NEAR (INTERSECTIONS ONLY),Day,145.22465,-37.99593,DANDENONG,METROPOLITAN SOUTH EAST REGION,2,1,0,1,0,1,2,0,1,0,1,0,0,0,0,0,0,0,0,0,No,0,2,0,1,0,0,MELB_URBAN,MELB_URBAN,DANDENONG,METROPOLITAN SOUTH EAST REGION,DANDENONG,2017,3,March
144.9547065794089,-37.83853353130878,3455699,5/4/2017,18.14.00,Yes,Collision with vehicle,Wednesday,CROSS TRAFFIC(INTERSECTIONS ONLY),Dusk/Dawn,144.95471,-37.83853,PORT PHILLIP,METROPOLITAN NORTH WEST REGION,2,1,0,0,1,1,1,1,1,0,1,0,0,0,0,0,0,0,0,0,No,0,2,0,1,0,0,MELB_URBAN,MELB_URBAN,PORT PHILLIP,METROPOLITAN NORTH WEST REGION,ALBERT PARK,2017,4,April
144.9558930809459,-37.805868179728606,3455700,5/4/2017,18.34.00,Yes,Collision with vehicle,Wednesday,RIGHT THROUGH,Dark Street lights on,144.95588999999995,-37.80587,MELBOURNE,METROPOLITAN NORTH WEST REGION,3,1,0,0,1,2,3,0,1,1,1,0,0,0,0,0,1,0,0,1,No,0,2,0,1,0,0,MELB_URBAN,MELB_URBAN,MELBOURNE,METROPOLITAN NORTH WEST REGION,WEST MELBOURNE,2017,4,April
144.98643726032634,-37.86636058157902,3455701,5/4/2017,16.50.00,No,Collision with vehicle,Wednesday,OTHER MANOEUVRING NOT INCLUDED IN DCAs 140-148,Day,144.98644,-37.86636,PORT PHILLIP,METROPOLITAN NORTH WEST REGION,2,1,0,0,1,1,1,1,1,0,1,0,0,0,0,0,0,0,0,0,No,0,2,0,1,0,0,MELB_URBAN,MELB_URBAN,PORT PHILLIP,METROPOLITAN NORTH WEST REGION,ST KILDA,2017,4,April
145.06633775553453,-37.90719128493011,3455705,5/4/2017,20.00.00,Yes,Collision with vehicle,Wednesday,OTHER ADJACENT (INTERSECTIONS ONLY),Dark Street lights on,145.06634,-37.90719,GLEN EIRA,METROPOLITAN SOUTH EAST REGION,2,1,0,0,1,1,0,2,1,0,1,0,0,0,0,0,0,0,0,0,No,0,2,0,1,0,0,MELB_URBAN,MELB_URBAN,GLEN EIRA,METROPOLITAN SOUTH EAST REGION,MURRUMBEENA,2017,4,April
146.9050999641406,-36.09158990362939,3455734,26/3/2017,10.40.00,No,Collision with vehicle,,OTHER SAME DIRECTION-MANOUEVRES NOT INCLUDED IN DCAs 130-137,Day,146.9051,-36.091590000000004,WODONGA,NORTH EASTERN REGION,3,1,0,0,1,2,0,2,2,0,1,0,0,0,0,0,0,0,0,0,No,0,3,0,1,0,0,SMALL_CITIES,SMALL_CITIES,WODONGA,NORTH EASTERN REGION,GATEWAY ISLAND,2017,3,March
144.96962442112454,-37.82269329907216,3455740,1/6/2017,14.30.00,No,Collision with vehicle,Thursday,OTHER MANOEUVRING NOT INCLUDED IN DCAs 140-148,Day,144.96962,-37.82269,MELBOURNE,METROPOLITAN NORTH WEST REGION,2,1,0,0,1,1,2,0,1,0,1,0,0,0,0,0,0,0,0,0,No,0,2,0,1,0,0,MELB_URBAN,MELB_URBAN,MELBOURNE,METROPOLITAN NORTH WEST REGION,SOUTHBANK,2017,6,June
144.89768804340628,-37.85689851608855,3452764,2/3/2017,09.06.00,No,Collision with vehicle,Thursday,CROSS TRAFFIC(INTERSECTIONS ONLY),Day,144.89768999999995,-37.8569,HOBSONS BAY,METROPOLITAN NORTH WEST REGION,2,1,0,0,1,1,0,2,1,0,1,0,0,0,0,0,0,0,0,0,No,0,2,0,1,0,0,MELB_URBAN,MELB_URBAN,HOBSONS BAY,METROPOLITAN NORTH WEST REGION,WILLIAMSTOWN,2017,3,March
145.20144049982514,-38.45521000329185,3452766,2/3/2017,09.45.00,No,Collision with vehicle,Thursday,RIGHT TURN SIDESWIPE,Day,145.20144,-38.45521,BASS COAST,EASTERN REGION,2,1,0,0,1,1,1,1,1,0,1,0,0,0,0,0,0,0,0,0,No,0,2,0,1,0,0,TOWNS,TOWNS,BASS COAST,"EASTERN REGION,EASTERN REGION",COWES,2017,3,March
145.01200989863173,-37.764600583844256,3452767,1/3/2017,08.05.00,No,Collision with vehicle,Wednesday,REAR END(VEHICLES IN SAME LANE),Day,145.01201,-37.7646,DAREBIN,METROPOLITAN NORTH WEST REGION,2,1,0,0,1,1,1,1,1,0,1,0,0,0,0,0,0,0,0,0,No,0,2,0,1,0,0,MELB_URBAN,MELB_URBAN,DAREBIN,METROPOLITAN NORTH WEST REGION,NORTHCOTE,2017,3,March
144.97268801304196,-37.78465727992077,3452770,6/3/2017,17.45.00,No,Collision with vehicle,Monday,CROSS TRAFFIC(INTERSECTIONS ONLY),Day,144.97269,-37.784659999999995,YARRA,METROPOLITAN NORTH WEST REGION,3,1,0,0,1,2,1,2,1,0,2,0,0,0,0,0,0,0,0,0,No,0,3,0,2,0,0,MELB_URBAN,MELB_URBAN,YARRA,METROPOLITAN NORTH WEST REGION,CARLTON NORTH,2017,3,March
144.96280452585108,-37.81658098908753,3452773,6/3/2017,16.35.00,Yes,Collision with vehicle,Sunday,VEHICLE STRIKES DOOR OF PARKED/STATIONARY VEHICLE,Day,144.9628,-37.81658,MELBOURNE,METROPOLITAN NORTH WEST REGION,2,1,0,0,1,1,2,0,1,0,1,0,0,0,0,0,0,0,0,0,No,0,2,0,1,0,0,MELBOURNE_CBD,MELBOURNE_CBD,MELBOURNE,METROPOLITAN NORTH WEST REGION,MELBOURNE,2017,3,March
144.96113093882397,-37.81594417899896,3452776,7/3/2017,08.15.00,No,Collision with vehicle,Tuesday,REAR END(VEHICLES IN SAME LANE),Day,144.96113,-37.81594000000001,MELBOURNE,METROPOLITAN NORTH WEST REGION,2,1,0,0,1,1,0,2,1,0,1,0,0,0,0,0,0,0,0,0,No,0,2,0,1,0,0,MELBOURNE_CBD,MELBOURNE_CBD,MELBOURNE,METROPOLITAN NORTH WEST REGION,MELBOURNE,2017,3,March
145.1994828085806,-37.957129589129075,3452786,8/3/2017,19.30.00,Yes,Collision with vehicle,Wednesday,OTHER ADJACENT (INTERSECTIONS ONLY),Day,145.19948,-37.95713,DANDENONG,METROPOLITAN SOUTH EAST REGION,2,1,0,0,1,1,1,0,1,0,1,0,0,0,0,1,0,0,0,0,No,0,2,0,1,0,0,MELB_URBAN,MELB_URBAN,DANDENONG,METROPOLITAN SOUTH EAST REGION,NOBLE PARK NORTH,2017,3,March
144.98818677038787,-38.317545358450324,3452789,5/3/2017,09.30.00,Yes,Collision with vehicle,Sunday,LEFT NEAR (INTERSECTIONS ONLY),Unk.,144.98819,-38.31755,MORNINGTON PENINSULA,METROPOLITAN SOUTH EAST REGION,2,1,0,0,1,1,0,2,1,0,1,0,0,0,0,0,0,0,0,0,No,0,2,0,1,0,0,MELB_URBAN,MELB_URBAN,MORNINGTON PENINSULA,METROPOLITAN SOUTH EAST REGION,SAFETY BEACH,2017,3,March
144.98607573733142,-37.80659423004953,3452790,12/3/2017,18.20.00,Yes,Collision with vehicle,Sunday,RIGHT THROUGH,Day,144.98608000000004,-37.80659,YARRA,METROPOLITAN NORTH WEST REGION,2,1,0,0,1,1,2,0,1,0,1,0,0,0,0,0,0,0,0,0,No,0,2,0,1,0,0,MELB_URBAN,MELB_URBAN,YARRA,METROPOLITAN NORTH WEST REGION,COLLINGWOOD,2017,3,March
145.04136689030491,-37.857299627757314,3452797,21/2/2017,16.47.00,No,Collision with vehicle,Tuesday,RIGHT THROUGH,Day,145.04137,-37.8573,STONNINGTON,METROPOLITAN SOUTH EAST REGION,2,1,0,0,1,1,1,1,1,0,1,0,0,0,0,0,0,0,0,1,No,0,2,0,1,0,0,MELB_URBAN,MELB_URBAN,STONNINGTON,METROPOLITAN SOUTH EAST REGION,GLEN IRIS,2017,2,February
145.00736186869264,-37.87709022423313,3452806,26/2/2017,13.45.00,No,Collision with vehicle,,VEHICLE STRIKES DOOR OF PARKED/STATIONARY VEHICLE,Day,145.00736,-37.87709,GLEN EIRA,METROPOLITAN SOUTH EAST REGION,2,1,0,0,1,1,1,1,1,0,1,0,0,0,0,0,1,0,0,0,No,0,2,0,1,0,0,MELB_URBAN,MELB_URBAN,GLEN EIRA,METROPOLITAN SOUTH EAST REGION,ST KILDA EAST,2017,2,February
144.95185943474962,-37.84936072877123,3452808,2/3/2017,11.27.00,No,Collision with vehicle,Thursday,VEHICLE STRIKES DOOR OF PARKED/STATIONARY VEHICLE,Day,144.95186,-37.84936,PORT PHILLIP,METROPOLITAN NORTH WEST REGION,2,1,0,0,1,1,1,1,1,0,1,0,0,0,0,0,0,0,0,0,No,0,2,0,1,0,0,MELB_URBAN,MELB_URBAN,PORT PHILLIP,METROPOLITAN NORTH WEST REGION,ALBERT PARK,2017,3,March
145.02184037168237,-37.78253119308341,3452814,2/3/2017,08.08.00,No,Collision with vehicle,Wednesday,VEHICLE STRIKES DOOR OF PARKED/STATIONARY VEHICLE,Day,145.02184,-37.78253,DAREBIN,METROPOLITAN NORTH WEST REGION,3,1,0,0,1,2,1,1,1,1,1,0,0,0,0,0,0,0,0,0,No,0,2,0,1,0,0,MELB_URBAN,MELB_URBAN,"YARRA,DAREBIN",METROPOLITAN NORTH WEST REGION,ALPHINGTON,2017,3,March
144.97361960187897,-37.80538168868778,3452818,2/3/2017,08.25.00,No,Collision with vehicle,Thursday,VEHICLE OFF FOOTPATH STRIKES VEH ON CARRIAGEWAY,Day,144.97361999999995,-37.80538,YARRA,METROPOLITAN NORTH WEST REGION,2,1,0,0,1,1,2,0,1,0,1,0,0,0,0,0,0,0,0,0,No,0,2,0,1,0,0,MELB_URBAN,MELB_URBAN,"YARRA,MELBOURNE",METROPOLITAN NORTH WEST REGION,CARLTON,2017,3,March
144.87473808537453,-37.841592975426934,3452820,2/3/2017,13.05.00,No,Collision with vehicle,Thursday,LEFT NEAR (INTERSECTIONS ONLY),Day,144.87474,-37.841590000000004,HOBSONS BAY,METROPOLITAN NORTH WEST REGION,2,1,0,0,1,1,1,1,1,0,1,0,0,0,0,0,0,0,0,0,No,0,2,0,1,0,0,MELB_URBAN,MELB_URBAN,HOBSONS BAY,METROPOLITAN NORTH WEST REGION,NEWPORT,2017,3,March
145.1451151021493,-38.067971937438585,3452829,7/3/2017,12.15.00,No,Collision with vehicle,Monday,CROSS TRAFFIC(INTERSECTIONS ONLY),Unk.,145.14512,-38.06797,KINGSTON,METROPOLITAN SOUTH EAST REGION,2,1,0,0,1,1,0,1,1,0,0,0,0,0,1,0,0,0,0,0,No,0,2,0,0,0,0,MELB_URBAN,MELB_URBAN,KINGSTON,METROPOLITAN SOUTH EAST REGION,PATTERSON LAKES,2017,3,March
144.9400260111597,-37.78917508503812,3452833,7/3/2017,15.12.00,No,Struck Pedestrian,Tuesday,PED NEAR SIDE. PED HIT BY VEHICLE FROM THE RIGHT.,Day,144.94003,-37.78918,MELBOURNE,METROPOLITAN NORTH WEST REGION,2,1,0,0,1,1,0,1,1,0,0,1,0,0,0,0,0,0,0,0,No,0,1,0,0,0,0,MELB_URBAN,MELB_URBAN,MELBOURNE,METROPOLITAN NORTH WEST REGION,NORTH MELBOURNE,2017,3,March
145.04343427361076,-37.75392247603719,3452834,12/3/2017,23.05.00,No,Collision with vehicle,,REAR END(VEHICLES IN SAME LANE),Dark Street lights on,145.04343,-37.75392,BANYULE,METROPOLITAN NORTH WEST REGION,2,1,0,0,1,1,0,1,1,0,1,0,0,0,0,0,0,0,0,0,No,0,2,0,1,0,0,MELB_URBAN,MELB_URBAN,BANYULE,METROPOLITAN NORTH WEST REGION,BELLFIELD,2017,3,March