X,Y,OBJECTID,ACCIDENT_DATE,ACCIDENT_TIME,ALCOHOLTIME,ACCIDENT_TYPE,DAY_OF_WEEK,DCA_CODE,LIGHT_CONDITION,LONGITUDE,LATITUDE,LGA_NAME,REGION_NAME,TOTAL_PERSONS,INJ_OR_FATAL,FATALITY,SERIOUSINJURY,OTHERINJURY,NONINJURED,MALES,FEMALES,BICYCLIST,PASSENGER,DRIVER,PEDESTRIAN,PILLION,MOTORIST,UNKNOWN,PED_CYCLIST_5_12,PED_CYCLIST_13_18,OLD_PEDESTRIAN,OLD_DRIVER,YOUNG_DRIVER,ALCOHOL_RELATED,UNLICENCSED,NO_OF_VEHICLES,HEAVYVEHICLE,PASSENGERVEHICLE,MOTORCYCLE,PUBLICVEHICLE,DEG_URBAN_NAME,DEG_URBAN_ALL,LGA_NAME_ALL,REGION_NAME_ALL,Suburb,Year,Month,Month_name
144.90240937543655,-37.85770982183755,3452837,12/3/2017,09.40.00,Yes,Collision with vehicle,Sunday,ENTERING PARKING,Day,144.90241,-37.85771,HOBSONS BAY,METROPOLITAN NORTH WEST REGION,2,1,0,0,1,1,2,0,1,0,1,0,0,0,0,0,0,0,1,0,No,0,2,0,1,0,0,MELB_URBAN,MELB_URBAN,HOBSONS BAY,METROPOLITAN NORTH WEST REGION,WILLIAMSTOWN,2017,3,March
144.91485409362744,-37.80151527002039,3452842,13/3/2017,08.38.00,No,Collision with vehicle,Monday,VEHICLE OFF FOOTPATH STRIKES VEH ON CARRIAGEWAY,Day,144.91485,-37.801520000000004,MELBOURNE,METROPOLITAN NORTH WEST REGION,2,1,0,1,0,1,1,1,1,0,1,0,0,0,0,0,0,0,0,0,No,0,2,0,1,0,0,MELB_URBAN,MELB_URBAN,MELBOURNE,METROPOLITAN NORTH WEST REGION,WEST MELBOURNE,2017,3,March
144.88213081674118,-37.7695952188218,3452844,9/3/2017,17.45.00,No,Collision with vehicle,Wednesday,RIGHT TURN SIDESWIPE,Day,144.88213000000005,-37.7696,MARIBYRNONG,METROPOLITAN NORTH WEST REGION,2,1,0,0,1,1,2,0,1,0,1,0,0,0,0,0,0,0,0,0,No,0,2,0,1,0,0,MELB_URBAN,MELB_URBAN,MARIBYRNONG,METROPOLITAN NORTH WEST REGION,MARIBYRNONG,2017,3,March
145.07040088699034,-37.75678720119437,3452845,13/3/2017,08.05.00,No,Collision with vehicle,Monday,RIGHT NEAR (INTERSECTIONS ONLY),Day,145.0704,-37.75679,BANYULE,METROPOLITAN NORTH WEST REGION,2,1,0,0,1,1,2,0,1,0,1,0,0,0,0,0,0,0,0,0,No,0,2,0,1,0,0,MELB_URBAN,MELB_URBAN,BANYULE,METROPOLITAN NORTH WEST REGION,HEIDELBERG,2017,3,March
144.90431023046818,-37.79488166091185,3452846,13/3/2017,09.11.00,Yes,Collision with vehicle,Sunday,RIGHT FAR (INTERSECTIONS ONLY),Day,144.90431,-37.79488,MARIBYRNONG,METROPOLITAN NORTH WEST REGION,3,1,0,0,1,2,2,1,1,1,1,0,0,0,0,0,0,0,0,0,No,0,2,0,1,0,0,MELB_URBAN,MELB_URBAN,MARIBYRNONG,METROPOLITAN NORTH WEST REGION,FOOTSCRAY,2017,3,March
145.21657467517912,-37.686182477817795,3452858,25/2/2017,07.30.00,No,Collision with vehicle,Friday,RIGHT FAR (INTERSECTIONS ONLY),Dusk/Dawn,145.21657,-37.68618,NILLUMBIK,METROPOLITAN NORTH WEST REGION,2,1,0,0,1,1,2,0,1,0,1,0,0,0,0,0,0,0,0,0,No,0,2,0,1,0,0,RURAL_VICTORIA,RURAL_VICTORIA,NILLUMBIK,METROPOLITAN NORTH WEST REGION,KANGAROO GROUND,2017,2,February
144.96054287680764,-37.77649029988832,3452861,9/2/2017,18.00.00,Yes,No collision and no object struck,Thursday,UNKNOWN-NO DETAILS ON MANOEUVRES OF ROAD-USERS IN ACCIDENT,Unk.,144.96053999999995,-37.77649,MORELAND,METROPOLITAN NORTH WEST REGION,1,1,0,0,1,0,0,1,1,0,0,0,0,0,0,0,0,0,0,0,No,0,1,0,0,0,0,MELB_URBAN,MELB_URBAN,MORELAND,METROPOLITAN NORTH WEST REGION,BRUNSWICK,2017,2,February
145.0360738706345,-37.90343860115108,3452864,2/3/2017,17.00.00,No,Collision with vehicle,Thursday,LEFT TURN SIDESWIPE,Day,145.03607,-37.90344,GLEN EIRA,METROPOLITAN SOUTH EAST REGION,2,1,0,0,1,1,1,1,1,0,1,0,0,0,0,0,0,0,0,1,No,0,2,0,1,0,0,MELB_URBAN,MELB_URBAN,GLEN EIRA,METROPOLITAN SOUTH EAST REGION,ORMOND,2017,3,March
144.93221739839962,-37.803713210297545,3452870,2/3/2017,18.20.00,Yes,Collision with vehicle,Thursday,RIGHT THROUGH,Day,144.93222,-37.803709999999995,MELBOURNE,METROPOLITAN NORTH WEST REGION,2,1,0,0,1,1,2,0,1,0,1,0,0,0,0,0,0,0,0,0,No,0,2,0,1,0,0,MELB_URBAN,MELB_URBAN,MELBOURNE,METROPOLITAN NORTH WEST REGION,WEST MELBOURNE,2017,3,March
144.30864011345258,-38.3369700439151,3452873,4/3/2017,21.00.00,Yes,Collision with vehicle,Saturday,VEHICLE COLLIDES WITH VEHICLE PARKED ON LEFT OF ROAD,Dark Street lights unknown,144.30864,-38.33697,SURF COAST,SOUTH WESTERN REGION,1,1,0,0,1,0,1,0,1,0,0,0,0,0,0,0,0,0,0,0,No,0,2,0,1,0,0,SMALL_CITIES,SMALL_CITIES,SURF COAST,SOUTH WESTERN REGION,TORQUAY,2017,3,March
145.02559771472187,-37.94870970256432,3452874,7/3/2017,19.03.00,Yes,Collision with vehicle,Tuesday,VEHICLE OFF FOOTPATH STRIKES VEH ON CARRIAGEWAY,Day,145.0256,-37.94871,BAYSIDE,METROPOLITAN SOUTH EAST REGION,2,1,0,0,1,1,1,1,1,0,1,0,0,0,0,1,0,0,0,0,No,0,2,0,1,0,0,MELB_URBAN,MELB_URBAN,BAYSIDE,METROPOLITAN SOUTH EAST REGION,HIGHETT,2017,3,March
145.07464311328675,-37.78810149530647,3452891,13/3/2017,10.40.00,No,Collision with vehicle,Monday,LEFT TURN SIDESWIPE,Day,145.07464,-37.7881,BOROONDARA,METROPOLITAN SOUTH EAST REGION,3,1,0,1,0,2,3,0,1,1,1,0,0,0,0,0,0,0,0,0,No,0,2,0,1,0,0,MELB_URBAN,MELB_URBAN,BOROONDARA,METROPOLITAN SOUTH EAST REGION,BALWYN NORTH,2017,3,March
144.9554180500231,-37.821830568814796,3452909,27/2/2017,08.00.00,No,Collision with vehicle,Monday,LANE SIDE SWIPE (VEHICLES IN PARALLEL LANES),Day,144.95542,-37.82183,MELBOURNE,METROPOLITAN NORTH WEST REGION,2,1,0,0,1,1,1,0,1,0,0,0,0,0,1,0,0,0,0,0,No,0,2,0,0,0,0,MELB_URBAN,MELB_URBAN,MELBOURNE,METROPOLITAN NORTH WEST REGION,MELBOURNE,2017,2,February
144.89229475833594,-37.8451123358736,3452924,3/3/2017,06.08.00,No,Vehicle overturned (no collision),Friday,OUT OF CONTROL ON CARRIAGEWAY (ON STRAIGHT),Dark Street lights on,144.89229,-37.84511,HOBSONS BAY,METROPOLITAN NORTH WEST REGION,1,1,0,0,1,0,1,0,1,0,0,0,0,0,0,0,0,0,0,0,No,0,1,0,0,0,0,MELB_URBAN,MELB_URBAN,HOBSONS BAY,METROPOLITAN NORTH WEST REGION,NEWPORT,2017,3,March
144.99836864112052,-37.8103358432776,3452933,1/3/2017,19.10.00,Yes,Collision with vehicle,Wednesday,RIGHT THROUGH,Dusk/Dawn,144.99837,-37.810340000000004,YARRA,METROPOLITAN NORTH WEST REGION,3,1,0,0,1,2,1,2,1,1,1,0,0,0,0,0,0,0,0,0,No,0,2,0,1,0,0,MELB_URBAN,MELB_URBAN,YARRA,METROPOLITAN NORTH WEST REGION,RICHMOND,2017,3,March
142.9253237459878,-37.283736068255685,3452976,3/3/2017,08.30.00,No,Collision with a fixed object,Friday,RIGHT OFF CARRIAGEWAY INTO OBJECT/PARKED VEHICLE,Day,142.92532,-37.28374,ARARAT,WESTERN REGION,1,1,0,1,0,0,1,0,1,0,0,0,0,0,0,0,0,0,0,0,Yes,0,1,0,0,0,0,TOWNS,TOWNS,ARARAT,WESTERN REGION,ARARAT,2017,3,March
145.0970002710592,-37.866268526773375,3452977,8/3/2017,07.45.00,No,No collision and no object struck,Wednesday,OUT OF CONTROL ON CARRIAGEWAY (ON STRAIGHT),Day,145.097,-37.86627,MONASH,METROPOLITAN SOUTH EAST REGION,1,1,0,0,1,0,1,0,1,0,0,0,0,0,0,0,1,0,0,0,No,0,1,0,0,0,0,MELB_URBAN,MELB_URBAN,MONASH,METROPOLITAN SOUTH EAST REGION,ASHWOOD,2017,3,March
144.99628272649875,-37.83624035378905,3452978,8/3/2017,09.40.00,No,Collision with vehicle,Wednesday,ENTERING PARKING,Day,144.99628,-37.836240000000004,STONNINGTON,METROPOLITAN SOUTH EAST REGION,3,1,0,1,0,2,3,0,1,1,1,0,0,0,0,0,0,0,0,0,No,0,2,0,1,0,0,MELB_URBAN,MELB_URBAN,STONNINGTON,METROPOLITAN SOUTH EAST REGION,SOUTH YARRA,2017,3,March
144.98841969165818,-37.87016012838284,3452980,8/3/2017,08.50.00,No,Collision with vehicle,Wednesday,VEHICLE OFF FOOTPATH STRIKES VEH ON CARRIAGEWAY,Day,144.98842,-37.87016,PORT PHILLIP,METROPOLITAN NORTH WEST REGION,2,1,0,0,1,1,1,1,1,0,1,0,0,0,0,0,1,0,0,1,No,0,2,0,1,0,0,MELB_URBAN,MELB_URBAN,PORT PHILLIP,METROPOLITAN NORTH WEST REGION,ST KILDA,2017,3,March
144.96581627527326,-37.798529582956355,3452981,2/3/2017,09.30.00,No,Collision with vehicle,Thursday,LEFT NEAR (INTERSECTIONS ONLY),Unk.,144.96582,-37.79853,MELBOURNE,METROPOLITAN NORTH WEST REGION,2,1,0,0,1,1,1,1,1,0,1,0,0,0,0,0,0,0,0,0,No,0,2,0,1,0,0,MELB_URBAN,MELB_URBAN,MELBOURNE,METROPOLITAN NORTH WEST REGION,CARLTON,2017,3,March
142.85206732211915,-35.50316427279938,3452983,8/3/2017,08.35.00,No,Collision with vehicle,Wednesday,LEFT NEAR (INTERSECTIONS ONLY),Day,142.85207,-35.50316,BULOKE,NORTHERN REGION,10,1,0,0,1,9,3,7,1,0,1,0,0,0,8,0,1,0,0,0,No,0,2,0,0,0,1,SMALL_TOWNS,SMALL_TOWNS,BULOKE,NORTHERN REGION,SEA LAKE,2017,3,March
144.98836855212525,-37.79313095779009,3452990,14/3/2017,07.41.00,No,Collision with vehicle,Tuesday,RIGHT THROUGH,Day,144.98837,-37.79313,YARRA,METROPOLITAN NORTH WEST REGION,2,1,0,0,1,1,2,0,1,0,1,0,0,0,0,0,0,0,0,0,No,0,2,0,1,0,0,MELB_URBAN,MELB_URBAN,YARRA,METROPOLITAN NORTH WEST REGION,CLIFTON HILL,2017,3,March
145.0185702631955,-37.783188242152185,3452998,13/3/2017,18.40.00,Yes,Collision with vehicle,Monday,RIGHT THROUGH,Dusk/Dawn,145.01856999999995,-37.78319000000001,DAREBIN,METROPOLITAN NORTH WEST REGION,2,1,0,1,0,1,2,0,1,0,1,0,0,0,0,0,0,0,0,1,No,0,2,0,1,0,0,MELB_URBAN,MELB_URBAN,"YARRA,DAREBIN",METROPOLITAN NORTH WEST REGION,FAIRFIELD,2017,3,March
144.99394345815858,-37.84804034671081,3453002,20/2/2017,15.00.00,No,Collision with vehicle,Monday,VEHICLE STRIKES DOOR OF PARKED/STATIONARY VEHICLE,Unk.,144.99393999999995,-37.84804000000001,STONNINGTON,METROPOLITAN SOUTH EAST REGION,3,1,0,0,1,2,2,1,1,1,1,0,0,0,0,0,0,0,0,0,No,0,2,0,1,0,0,MELB_URBAN,MELB_URBAN,STONNINGTON,METROPOLITAN SOUTH EAST REGION,PRAHRAN,2017,2,February
144.9980220467653,-37.80551180366781,3453004,27/2/2017,08.30.00,No,Collision with vehicle,Monday,VEHICLE STRIKES ANOTHER VEH WHILE EMERGING FROM DRIVEWAY,Day,144.99802,-37.80551,YARRA,METROPOLITAN NORTH WEST REGION,2,1,0,0,1,1,2,0,1,0,1,0,0,0,0,1,0,0,0,0,No,0,2,0,1,0,0,MELB_URBAN,MELB_URBAN,YARRA,METROPOLITAN NORTH WEST REGION,ABBOTSFORD,2017,2,February
144.99254506137143,-37.807238656970455,3453007,27/2/2017,13.15.00,No,Collision with vehicle,Monday,RIGHT NEAR (INTERSECTIONS ONLY),Day,144.99255,-37.80724,YARRA,METROPOLITAN NORTH WEST REGION,2,1,0,1,0,1,1,1,1,0,1,0,0,0,0,0,0,0,0,1,No,0,2,0,0,0,0,MELB_URBAN,MELB_URBAN,YARRA,METROPOLITAN NORTH WEST REGION,ABBOTSFORD,2017,2,February
147.46886986210012,-37.80173066596009,3453018,27/2/2017,09.10.00,No,Collision with vehicle,Monday,REAR END(VEHICLES IN SAME LANE),Day,147.46886999999995,-37.80173,EAST GIPPSLAND,EASTERN REGION,2,1,0,0,1,1,1,0,1,0,0,0,0,0,1,0,0,0,0,0,No,0,2,0,0,0,0,SMALL_TOWNS,SMALL_TOWNS,EAST GIPPSLAND,"EASTERN REGION,EASTERN REGION",LINDENOW,2017,2,February
145.00861039931902,-37.870658170954414,3453021,20/2/2017,08.00.00,No,Collision with vehicle,Monday,RIGHT THROUGH,Day,145.00861,-37.87066,GLEN EIRA,METROPOLITAN SOUTH EAST REGION,2,2,0,0,2,0,1,1,1,0,1,0,0,0,0,0,0,0,0,0,No,0,2,0,1,0,0,MELB_URBAN,MELB_URBAN,GLEN EIRA,METROPOLITAN SOUTH EAST REGION,CAULFIELD NORTH,2017,2,February
144.95529955506143,-37.79953901400902,3453026,3/3/2017,13.30.00,No,Struck Pedestrian,Friday,PED EMERGES FROM IN FRONT OF PARKED OR STATIONARY VEHICLE,Day,144.9553,-37.79954,MELBOURNE,METROPOLITAN NORTH WEST REGION,2,1,1,0,0,1,1,1,1,0,0,1,0,0,0,0,0,0,0,0,No,0,1,0,0,0,0,MELB_URBAN,MELB_URBAN,MELBOURNE,METROPOLITAN NORTH WEST REGION,MELBOURNE,2017,3,March
144.7240613667786,-37.90818749459878,3453052,14/3/2017,14.15.00,No,Collision with vehicle,Tuesday,VEHICLE COLLIDES WITH VEHICLE PARKED ON LEFT OF ROAD,Day,144.72406,-37.90819000000001,WYNDHAM,METROPOLITAN NORTH WEST REGION,2,1,0,0,1,1,2,0,1,0,1,0,0,0,0,0,0,0,0,0,No,0,2,0,1,0,0,MELB_URBAN,MELB_URBAN,WYNDHAM,METROPOLITAN NORTH WEST REGION,POINT COOK,2017,3,March
145.10344377520147,-37.91223098422307,3453065,27/2/2017,18.22.00,Yes,Collision with vehicle,Sunday,CROSS TRAFFIC(INTERSECTIONS ONLY),Day,145.10343999999995,-37.91223,MONASH,METROPOLITAN SOUTH EAST REGION,2,1,0,0,1,1,0,2,1,0,1,0,0,0,0,0,0,0,0,0,No,0,2,0,1,0,0,MELB_URBAN,MELB_URBAN,MONASH,METROPOLITAN SOUTH EAST REGION,OAKLEIGH SOUTH,2017,2,February
144.96181573374398,-37.768856290767424,3453070,3/3/2017,07.20.00,No,Collision with vehicle,Thursday,LEFT TURN SIDESWIPE,Day,144.96182,-37.76886,MORELAND,METROPOLITAN NORTH WEST REGION,2,1,0,0,1,1,1,0,1,0,1,0,0,0,0,0,0,0,0,0,No,0,2,0,1,0,0,MELB_URBAN,MELB_URBAN,MORELAND,METROPOLITAN NORTH WEST REGION,BRUNSWICK,2017,3,March
144.43513163898032,-38.1821457291331,3453071,3/3/2017,18.00.00,Yes,Collision with vehicle,Friday,VEHICLE COLLIDES WITH VEHICLE PARKED ON LEFT OF ROAD,Day,144.43513000000004,-38.18215,GEELONG,SOUTH WESTERN REGION,2,1,0,0,1,1,1,1,1,0,1,0,0,0,0,0,0,0,0,0,No,0,2,0,1,0,0,RURAL_VICTORIA,RURAL_VICTORIA,GEELONG,SOUTH WESTERN REGION,MOOLAP,2017,3,March
144.92021751759248,-37.68291876173957,3453073,3/3/2017,19.45.00,Yes,Collision with vehicle,Thursday,HEAD ON (NOT OVERTAKING),Day,144.92022,-37.68292,HUME,METROPOLITAN NORTH WEST REGION,2,1,0,0,1,1,2,0,1,0,1,0,0,0,0,0,0,0,0,1,No,0,2,0,1,0,0,MELB_URBAN,MELB_URBAN,HUME,METROPOLITAN NORTH WEST REGION,BROADMEADOWS,2017,3,March
144.97607100686432,-37.79749011112865,3453080,27/2/2017,03.30.00,Yes,Collision with vehicle,Monday,VEHICLE COLLIDES WITH VEHICLE PARKED ON LEFT OF ROAD,Dark Street lights on,144.97607,-37.79749,YARRA,METROPOLITAN NORTH WEST REGION,2,1,0,0,1,1,2,0,1,0,1,0,0,0,0,0,0,0,0,0,No,0,2,0,1,0,0,MELB_URBAN,MELB_URBAN,YARRA,METROPOLITAN NORTH WEST REGION,FITZROY,2017,2,February
144.9820074841531,-37.737849764245546,3453082,17/2/2017,06.30.00,No,No collision and no object struck,Friday,OUT OF CONTROL ON CARRIAGEWAY (ON STRAIGHT),Dusk/Dawn,144.98201,-37.73785,DAREBIN,METROPOLITAN NORTH WEST REGION,2,1,0,1,0,1,2,0,1,0,1,0,0,0,0,0,0,0,0,1,No,0,2,0,1,0,0,MELB_URBAN,MELB_URBAN,"MORELAND,DAREBIN",METROPOLITAN NORTH WEST REGION,COBURG,2017,2,February
145.00113064718002,-37.791020047582066,3453089,9/3/2017,08.10.00,No,Collision with vehicle,Thursday,CROSS TRAFFIC(INTERSECTIONS ONLY),Day,145.00113000000005,-37.79102,YARRA,METROPOLITAN NORTH WEST REGION,2,1,0,0,1,1,0,2,1,0,1,0,0,0,0,0,0,0,0,0,No,0,2,0,1,0,0,MELB_URBAN,MELB_URBAN,YARRA,METROPOLITAN NORTH WEST REGION,CLIFTON HILL,2017,3,March
144.34763909864125,-38.14397988865362,3453094,9/3/2017,08.05.00,No,Collision with vehicle,Thursday,VEHICLE STRIKES DOOR OF PARKED/STATIONARY VEHICLE,Day,144.34763999999996,-38.14398,GEELONG,SOUTH WESTERN REGION,2,1,0,0,1,1,2,0,1,0,1,0,0,0,0,0,0,0,0,0,No,0,2,0,1,0,0,LARGE_PROVINCIAL_CITIES,LARGE_PROVINCIAL_CITIES,GEELONG,SOUTH WESTERN REGION,GEELONG WEST,2017,3,March
144.9977324433101,-37.82679026671885,3453104,14/3/2017,12.15.00,No,Collision with vehicle,Tuesday,ENTERING PARKING,Day,144.99773000000005,-37.82679,YARRA,METROPOLITAN NORTH WEST REGION,2,1,0,0,1,1,1,1,1,0,1,0,0,0,0,0,0,0,0,0,No,0,2,0,1,0,0,MELB_URBAN,MELB_URBAN,YARRA,METROPOLITAN NORTH WEST REGION,CREMORNE,2017,3,March
145.01889783216924,-37.77438215129256,3453115,27/2/2017,09.00.00,Yes,Collision with vehicle,Sunday,CROSS TRAFFIC(INTERSECTIONS ONLY),Day,145.0189,-37.77438,DAREBIN,METROPOLITAN NORTH WEST REGION,2,1,0,1,0,1,1,1,1,0,1,0,0,0,0,0,0,0,0,0,No,0,2,0,1,0,0,MELB_URBAN,MELB_URBAN,DAREBIN,METROPOLITAN NORTH WEST REGION,FAIRFIELD,2017,2,February
145.11640674888946,-38.05225094119006,3453119,27/2/2017,12.05.00,No,No collision and no object struck,Monday,UNKNOWN-NO DETAILS ON MANOEUVRES OF ROAD-USERS IN ACCIDENT,Day,145.11641,-38.05225,KINGSTON,METROPOLITAN SOUTH EAST REGION,1,1,0,1,0,0,1,0,1,0,0,0,0,0,0,0,0,0,0,0,No,0,1,0,0,0,0,MELB_URBAN,MELB_URBAN,KINGSTON,METROPOLITAN SOUTH EAST REGION,CHELSEA,2017,2,February
145.01895255113604,-37.81767161436911,3453121,28/1/2017,15.00.00,Yes,No collision and no object struck,Saturday,OUT OF CONTROL ON CARRIAGEWAY (ON STRAIGHT),Day,145.01895,-37.81767,BOROONDARA,METROPOLITAN SOUTH EAST REGION,2,1,0,1,0,1,1,0,1,0,1,0,0,0,0,0,0,0,0,0,No,0,2,0,1,0,0,MELB_URBAN,MELB_URBAN,BOROONDARA,METROPOLITAN SOUTH EAST REGION,HAWTHORN,2017,1,January
144.9453267644209,-37.81586154217863,3453123,4/3/2017,08.07.00,No,No collision and no object struck,Saturday,OUT OF CONTROL ON CARRIAGEWAY (ON STRAIGHT),Day,144.94533,-37.81586,MELBOURNE,METROPOLITAN NORTH WEST REGION,2,1,0,0,1,1,2,0,1,0,1,0,0,0,0,0,0,0,0,0,No,0,2,0,1,0,0,MELB_URBAN,MELB_URBAN,MELBOURNE,METROPOLITAN NORTH WEST REGION,DOCKLANDS,2017,3,March
145.10235384455308,-38.0281245668248,3453124,4/3/2017,11.15.00,No,Collision with vehicle,Saturday,RIGHT THROUGH,Day,145.10235,-38.02812,KINGSTON,METROPOLITAN SOUTH EAST REGION,3,1,0,0,1,2,2,1,1,1,1,0,0,0,0,0,0,0,0,0,No,0,2,0,1,0,0,MELB_URBAN,MELB_URBAN,KINGSTON,METROPOLITAN SOUTH EAST REGION,ASPENDALE,2017,3,March
144.9687432639964,-37.80815840340989,3453141,8/3/2017,10.25.00,No,Collision with vehicle,Wednesday,LEFT TURN SIDESWIPE,Day,144.96874,-37.80816,MELBOURNE,METROPOLITAN NORTH WEST REGION,2,1,0,0,1,1,2,0,1,0,1,0,0,0,0,0,0,0,0,0,No,0,2,0,1,0,0,MELBOURNE_CBD,"MELBOURNE_CBD,MELB_URBAN",MELBOURNE,METROPOLITAN NORTH WEST REGION,MELBOURNE,2017,3,March
144.96016362404438,-37.77859029416626,3453144,9/3/2017,13.58.00,No,Collision with vehicle,Thursday,VEHICLE STRIKES DOOR OF PARKED/STATIONARY VEHICLE,Day,144.96016,-37.77859,MELBOURNE,METROPOLITAN NORTH WEST REGION,2,1,0,0,1,1,1,1,1,0,1,0,0,0,0,0,0,0,0,0,No,0,2,0,1,0,0,MELB_URBAN,MELB_URBAN,MELBOURNE,METROPOLITAN NORTH WEST REGION,CARLTON NORTH,2017,3,March
144.58574717321105,-37.6830058513653,3453146,9/3/2017,11.50.00,No,Collision with vehicle,Thursday,VEHICLE OFF FOOTPATH STRIKES VEH ON CARRIAGEWAY,Day,144.58575,-37.683009999999996,MELTON,METROPOLITAN NORTH WEST REGION,3,1,0,0,1,2,2,1,1,1,1,0,0,0,0,0,0,0,0,0,No,0,2,0,1,0,0,SMALL_CITIES,SMALL_CITIES,MELTON,METROPOLITAN NORTH WEST REGION,MELTON,2017,3,March
145.16404125654145,-37.987326885790786,3453195,20/2/2017,17.00.00,No,Collision with vehicle,Monday,LEFT TURN SIDESWIPE,Day,145.16404,-37.98733,DANDENONG,METROPOLITAN SOUTH EAST REGION,2,1,0,0,1,1,1,0,1,0,1,0,0,0,0,0,0,0,0,0,No,0,2,0,1,0,0,MELB_URBAN,MELB_URBAN,DANDENONG,METROPOLITAN SOUTH EAST REGION,KEYSBOROUGH,2017,2,February
144.98716956489974,-37.91568248292632,3453224,28/2/2017,15.15.00,No,Collision with vehicle,Tuesday,RIGHT THROUGH,Day,144.98717,-37.91568,BAYSIDE,METROPOLITAN SOUTH EAST REGION,2,1,0,1,0,1,2,0,1,0,1,0,0,0,0,0,0,0,0,0,No,0,2,0,1,0,0,MELB_URBAN,MELB_URBAN,BAYSIDE,METROPOLITAN SOUTH EAST REGION,BRIGHTON,2017,2,February
145.12498781875146,-38.16182074845013,3453226,4/3/2017,22.23.00,Yes,Collision with vehicle,Friday,VEHICLE COLLIDES WITH VEHICLE PARKED ON LEFT OF ROAD,Dark Street lights on,145.12499,-38.16182,FRANKSTON,METROPOLITAN SOUTH EAST REGION,1,1,0,0,1,0,1,0,1,0,0,0,0,0,0,0,0,0,0,0,No,0,2,0,1,0,0,MELB_URBAN,MELB_URBAN,FRANKSTON,METROPOLITAN SOUTH EAST REGION,FRANKSTON SOUTH,2017,3,March
145.1156606723017,-38.05171524188591,3453233,5/3/2017,06.40.00,Yes,Collision with vehicle,Sunday,RIGHT THROUGH,Dusk/Dawn,145.11566000000005,-38.05172,KINGSTON,METROPOLITAN SOUTH EAST REGION,4,2,0,0,2,2,4,0,3,0,1,0,0,0,0,0,0,0,0,0,No,0,4,0,1,0,0,MELB_URBAN,MELB_URBAN,KINGSTON,METROPOLITAN SOUTH EAST REGION,CHELSEA,2017,3,March
144.93184218953448,-37.794631599805186,3453243,10/3/2017,07.30.00,No,Collision with vehicle,Friday,LEFT NEAR (INTERSECTIONS ONLY),Day,144.93184,-37.79463,MELBOURNE,METROPOLITAN NORTH WEST REGION,2,1,0,0,1,1,0,1,1,0,1,0,0,0,0,0,0,0,0,0,No,0,2,0,1,0,0,MELB_URBAN,MELB_URBAN,MELBOURNE,METROPOLITAN NORTH WEST REGION,KENSINGTON,2017,3,March
144.34470028066133,-38.18366003754689,3453244,10/3/2017,08.50.00,No,Collision with vehicle,Friday,VEHICLE STRIKES ANOTHER VEH WHILE EMERGING FROM DRIVEWAY,Day,144.3447,-38.183659999999996,GEELONG,SOUTH WESTERN REGION,2,1,0,0,1,1,1,1,1,0,1,0,0,0,0,0,0,0,0,0,No,0,2,0,1,0,0,LARGE_PROVINCIAL_CITIES,LARGE_PROVINCIAL_CITIES,GEELONG,SOUTH WESTERN REGION,BELMONT,2017,3,March
144.96225097277028,-37.742738266907956,3453262,15/3/2017,17.20.00,No,Collision with vehicle,Wednesday,CROSS TRAFFIC(INTERSECTIONS ONLY),Day,144.96225,-37.74274000000001,MORELAND,METROPOLITAN NORTH WEST REGION,3,1,0,0,1,2,2,1,1,1,1,0,0,0,0,0,0,0,0,0,No,0,2,0,1,0,0,MELB_URBAN,MELB_URBAN,MORELAND,METROPOLITAN NORTH WEST REGION,COBURG,2017,3,March
145.045565244813,-36.31459776309874,3453277,14/2/2017,07.00.00,No,Collision with vehicle,Tuesday,CROSS TRAFFIC(INTERSECTIONS ONLY),Day,145.04557,-36.3146,CAMPASPE,NORTHERN REGION,2,1,0,0,1,1,1,1,1,0,1,0,0,0,0,0,0,0,0,0,No,0,2,0,1,0,0,TOWNS,TOWNS,CAMPASPE,NORTHERN REGION,KYABRAM,2017,2,February
145.05808971029586,-37.88379608259512,3453279,19/2/2017,05.54.00,Yes,Collision with vehicle,Sunday,VEHICLE OFF FOOTPATH STRIKES VEH ON CARRIAGEWAY,Dark Street lights on,145.05809,-37.8838,STONNINGTON,METROPOLITAN SOUTH EAST REGION,3,1,0,0,1,2,3,0,1,1,1,0,0,0,0,0,0,0,0,0,No,0,2,0,1,0,0,MELB_URBAN,MELB_URBAN,STONNINGTON,METROPOLITAN SOUTH EAST REGION,MALVERN EAST,2017,2,February
143.84233888647296,-37.528917436733714,3453293,8/2/2017,17.00.00,No,Vehicle overturned (no collision),Tuesday,OFF CARRIAGEWAY TO LEFT,Day,143.84233999999995,-37.52892,BALLARAT,WESTERN REGION,2,1,0,1,0,1,1,1,1,0,0,0,0,0,1,0,0,0,0,0,No,0,2,0,0,0,0,LARGE_PROVINCIAL_CITIES,LARGE_PROVINCIAL_CITIES,BALLARAT,WESTERN REGION,WENDOUREE,2017,2,February
144.96139535998853,-37.821110064146616,3453295,23/2/2017,20.57.00,Yes,Collision with vehicle,Thursday,VEHICLE OFF FOOTPATH STRIKES VEH ON CARRIAGEWAY,Dark Street lights on,144.9614,-37.82111,MELBOURNE,METROPOLITAN NORTH WEST REGION,2,1,0,0,1,1,0,1,1,0,0,0,0,0,1,0,1,0,0,0,No,0,2,0,0,0,0,MELB_URBAN,MELB_URBAN,MELBOURNE,METROPOLITAN NORTH WEST REGION,SOUTHBANK,2017,2,February