X,Y,OBJECTID,ACCIDENT_DATE,ACCIDENT_TIME,ALCOHOLTIME,ACCIDENT_TYPE,DAY_OF_WEEK,DCA_CODE,LIGHT_CONDITION,LONGITUDE,LATITUDE,LGA_NAME,REGION_NAME,TOTAL_PERSONS,INJ_OR_FATAL,FATALITY,SERIOUSINJURY,OTHERINJURY,NONINJURED,MALES,FEMALES,BICYCLIST,PASSENGER,DRIVER,PEDESTRIAN,PILLION,MOTORIST,UNKNOWN,PED_CYCLIST_5_12,PED_CYCLIST_13_18,OLD_PEDESTRIAN,OLD_DRIVER,YOUNG_DRIVER,ALCOHOL_RELATED,UNLICENCSED,NO_OF_VEHICLES,HEAVYVEHICLE,PASSENGERVEHICLE,MOTORCYCLE,PUBLICVEHICLE,DEG_URBAN_NAME,DEG_URBAN_ALL,LGA_NAME_ALL,REGION_NAME_ALL,Suburb,Year,Month,Month_name
144.96027907579386,-38.34038989133067,3454003,15/2/2017,17.10.00,No,Collision with vehicle,Wednesday,U TURN,Day,144.96028,-38.34039,MORNINGTON PENINSULA,METROPOLITAN SOUTH EAST REGION,3,1,0,0,1,2,1,2,1,1,1,0,0,0,0,0,0,0,0,0,No,0,2,0,1,0,0,MELB_URBAN,MELB_URBAN,MORNINGTON PENINSULA,METROPOLITAN SOUTH EAST REGION,DROMANA,2017,2,February
144.9994412658042,-37.86951596910433,3454022,8/2/2017,08.00.00,No,Collision with vehicle,Wednesday,RIGHT THROUGH,Day,144.99944,-37.86952,GLEN EIRA,METROPOLITAN NORTH WEST REGION,2,1,0,1,0,1,1,1,1,0,1,0,0,0,0,0,0,0,0,0,No,0,2,0,1,0,0,MELB_URBAN,MELB_URBAN,"PORT PHILLIP,GLEN EIRA","METROPOLITAN NORTH WEST REGION,METROPOLITAN SOUTH EAST REGION",BALACLAVA,2017,2,February
144.92680290671302,-37.820987218565975,3454023,8/2/2017,08.45.00,No,Collision with vehicle,Wednesday,RIGHT NEAR (INTERSECTIONS ONLY),Day,144.9268,-37.82099,MELBOURNE,METROPOLITAN NORTH WEST REGION,2,1,0,1,0,1,2,0,1,0,1,0,0,0,0,0,0,0,0,0,No,0,2,1,0,0,0,MELB_URBAN,MELB_URBAN,MELBOURNE,METROPOLITAN NORTH WEST REGION,PORT MELBOURNE,2017,2,February
145.06744203156083,-37.88474082576453,3454025,5/2/2017,17.15.00,No,Collision with vehicle,,REAR END(VEHICLES IN SAME LANE),Dusk/Dawn,145.06744,-37.88474,GLEN EIRA,METROPOLITAN SOUTH EAST REGION,2,1,0,0,1,1,2,0,1,0,1,0,0,0,0,0,0,0,0,0,No,1,2,0,1,0,0,MELB_URBAN,MELB_URBAN,GLEN EIRA,METROPOLITAN SOUTH EAST REGION,CARNEGIE,2017,2,February
145.06046385578145,-37.98901929006881,3454059,23/2/2017,16.05.00,No,Collision with vehicle,Thursday,LEFT NEAR (INTERSECTIONS ONLY),Day,145.06046,-37.989020000000004,KINGSTON,METROPOLITAN SOUTH EAST REGION,2,1,0,0,1,1,1,1,1,0,1,0,0,0,0,0,0,0,0,1,No,0,2,0,1,0,0,MELB_URBAN,MELB_URBAN,KINGSTON,METROPOLITAN SOUTH EAST REGION,MENTONE,2017,2,February
145.0415066132747,-37.738543445082115,3454063,7/2/2017,16.45.00,No,Collision with vehicle,Tuesday,CROSS TRAFFIC(INTERSECTIONS ONLY),Day,145.04151000000005,-37.73854,BANYULE,METROPOLITAN NORTH WEST REGION,2,1,0,0,1,1,0,2,1,0,1,0,0,0,0,0,0,0,0,0,No,0,2,0,1,0,0,MELB_URBAN,MELB_URBAN,BANYULE,METROPOLITAN NORTH WEST REGION,HEIDELBERG WEST,2017,2,February
144.98216004920118,-37.80627971976564,3454066,23/2/2017,17.35.00,No,Collision with vehicle,Wednesday,VEHICLE STRIKES DOOR OF PARKED/STATIONARY VEHICLE,Day,144.98216000000005,-37.80628,YARRA,METROPOLITAN NORTH WEST REGION,3,1,0,0,1,2,2,0,1,1,1,0,0,0,0,0,0,0,0,0,No,0,2,0,1,0,0,MELB_URBAN,MELB_URBAN,YARRA,METROPOLITAN NORTH WEST REGION,FITZROY,2017,2,February
144.89563222278264,-37.823060231828414,3454094,25/1/2017,15.00.00,No,Collision with vehicle,Tuesday,REAR END(VEHICLES IN SAME LANE),Day,144.89563,-37.82306,MARIBYRNONG,METROPOLITAN NORTH WEST REGION,2,1,0,0,1,1,1,0,1,0,0,0,0,0,1,0,0,0,0,0,No,0,2,0,0,0,0,MELB_URBAN,MELB_URBAN,"MARIBYRNONG,HOBSONS BAY",METROPOLITAN NORTH WEST REGION,YARRAVILLE,2017,1,January
146.25983253874782,-38.174520029290704,3454098,15/4/2017,19.00.00,Yes,Collision with vehicle,Friday,VEHICLE OFF FOOTPATH STRIKES VEH ON CARRIAGEWAY,Dark Street lights on,146.25983,-38.17452,LATROBE,EASTERN REGION,2,1,0,1,0,1,1,1,1,0,1,0,0,0,0,0,0,0,1,0,No,0,2,0,1,0,0,SMALL_CITIES,SMALL_CITIES,LATROBE,"EASTERN REGION,EASTERN REGION",MOE,2017,4,April
145.31150022790075,-37.98526318857104,3454121,20/4/2017,18.10.00,Yes,Collision with vehicle,Thursday,REAR END(VEHICLES IN SAME LANE),Dark Street lights unknown,145.3115,-37.98526,CASEY,METROPOLITAN SOUTH EAST REGION,3,1,0,0,1,2,2,1,1,1,1,0,0,0,0,0,0,0,0,0,No,0,2,0,1,0,0,MELB_URBAN,MELB_URBAN,CASEY,METROPOLITAN SOUTH EAST REGION,NARRE WARREN NORTH,2017,4,April
145.00344107868682,-37.80941835580002,3454140,10/4/2017,17.10.00,No,Collision with vehicle,Monday,RIGHT THROUGH,Day,145.00343999999996,-37.80942,YARRA,METROPOLITAN NORTH WEST REGION,2,1,0,0,1,1,2,0,1,0,1,0,0,0,0,0,0,0,0,0,No,0,2,0,1,0,0,MELB_URBAN,MELB_URBAN,YARRA,METROPOLITAN NORTH WEST REGION,ABBOTSFORD,2017,4,April
144.96677865894324,-37.81602037937528,3454145,10/4/2017,19.30.00,Yes,Collision with vehicle,Monday,VEHICLE STRIKES DOOR OF PARKED/STATIONARY VEHICLE,Dark Street lights on,144.96678,-37.81602,MELBOURNE,METROPOLITAN NORTH WEST REGION,2,1,0,0,1,1,2,0,1,0,1,0,0,0,0,0,0,0,0,1,No,0,2,0,1,0,0,MELBOURNE_CBD,MELBOURNE_CBD,MELBOURNE,METROPOLITAN NORTH WEST REGION,MELBOURNE,2017,4,April
145.2007060346369,-37.85082486302885,3454179,28/4/2017,16.00.00,Yes,Collision with vehicle,Friday,RIGHT THROUGH,Day,145.20071000000004,-37.85082,WHITEHORSE,METROPOLITAN SOUTH EAST REGION,2,1,0,0,1,1,0,2,1,0,1,0,0,0,0,0,0,0,1,0,No,0,2,0,1,0,0,MELB_URBAN,MELB_URBAN,WHITEHORSE,METROPOLITAN SOUTH EAST REGION,VERMONT SOUTH,2017,4,April
145.03675033550468,-37.807552793706435,3454196,11/4/2017,08.45.00,No,Collision with vehicle,Tuesday,LEFT NEAR (INTERSECTIONS ONLY),Day,145.03675,-37.80755,BOROONDARA,METROPOLITAN SOUTH EAST REGION,2,2,0,0,2,0,1,1,1,0,1,0,0,0,0,0,0,0,0,0,No,0,2,0,1,0,0,MELB_URBAN,MELB_URBAN,BOROONDARA,METROPOLITAN SOUTH EAST REGION,KEW,2017,4,April
144.99632075099692,-37.82550577554477,3454197,11/4/2017,09.25.00,No,Collision with vehicle,Tuesday,LANE CHANGE LEFT (NOT OVERTAKING),Day,144.99632,-37.825509999999994,YARRA,METROPOLITAN NORTH WEST REGION,2,1,0,0,1,1,2,0,1,0,1,0,0,0,0,0,0,0,0,0,No,0,2,0,1,0,0,MELB_URBAN,MELB_URBAN,YARRA,METROPOLITAN NORTH WEST REGION,CREMORNE,2017,4,April
145.21491481132784,-37.69531533846809,3454200,11/4/2017,10.30.00,No,Collision with vehicle,Tuesday,RIGHT FAR (INTERSECTIONS ONLY),Day,145.21491,-37.69532,NILLUMBIK,METROPOLITAN NORTH WEST REGION,2,1,0,0,1,1,1,1,1,0,1,0,0,0,0,0,0,0,0,0,No,0,2,0,1,0,0,RURAL_VICTORIA,RURAL_VICTORIA,NILLUMBIK,METROPOLITAN NORTH WEST REGION,KANGAROO GROUND,2017,4,April
145.07677718545554,-37.79372070498569,3454207,17/4/2017,15.30.00,No,Collision with vehicle,Monday,LEFT NEAR (INTERSECTIONS ONLY),Day,145.07678,-37.79372,BOROONDARA,METROPOLITAN SOUTH EAST REGION,2,1,0,0,1,1,2,0,1,0,1,0,0,0,0,0,0,0,0,0,No,0,2,0,1,0,0,MELB_URBAN,MELB_URBAN,BOROONDARA,METROPOLITAN SOUTH EAST REGION,BALWYN NORTH,2017,4,April
144.37200147975202,-38.23819862977985,3454232,29/4/2017,11.10.00,No,Collision with vehicle,Saturday,VEHICLE OFF FOOTPATH STRIKES VEH ON CARRIAGEWAY,Day,144.372,-38.2382,GEELONG,SOUTH WESTERN REGION,2,1,0,0,1,1,2,0,1,0,1,0,0,0,0,1,0,0,0,1,No,0,2,0,1,0,0,RURAL_VICTORIA,RURAL_VICTORIA,GEELONG,SOUTH WESTERN REGION,ARMSTRONG CREEK,2017,4,April
144.97976517154666,-37.79067526763949,3454247,11/4/2017,07.45.00,No,Collision with vehicle,Tuesday,RIGHT THROUGH,Day,144.97977,-37.79068,YARRA,METROPOLITAN NORTH WEST REGION,3,1,0,0,1,2,3,0,1,1,1,0,0,0,0,0,0,0,0,0,No,0,2,0,0,0,0,MELB_URBAN,MELB_URBAN,YARRA,METROPOLITAN NORTH WEST REGION,FITZROY NORTH,2017,4,April
145.00501028975248,-37.848338568989725,3454266,22/4/2017,14.30.00,Yes,Collision with vehicle,Saturday,VEHICLE STRIKES DOOR OF PARKED/STATIONARY VEHICLE,Day,145.00501,-37.84834,STONNINGTON,METROPOLITAN SOUTH EAST REGION,2,1,0,0,1,1,1,1,1,0,1,0,0,0,0,0,0,0,0,0,No,0,2,0,1,0,0,MELB_URBAN,MELB_URBAN,STONNINGTON,METROPOLITAN SOUTH EAST REGION,PRAHRAN,2017,4,April
145.1437345077999,-37.7870086922839,3454282,28/4/2017,17.20.00,Yes,Collision with vehicle,Friday,RIGHT/LEFT. ONE VEH TURNING RIGHT THE OTHER LEFT.,Dark Street lights on,145.14373,-37.787009999999995,MANNINGHAM,METROPOLITAN SOUTH EAST REGION,2,1,0,0,1,1,2,0,1,0,1,0,0,0,0,0,0,0,0,1,No,0,2,0,1,0,0,MELB_URBAN,MELB_URBAN,MANNINGHAM,METROPOLITAN SOUTH EAST REGION,DONCASTER,2017,4,April
144.9804020566516,-37.84955952956477,3454306,10/3/2017,10.20.00,No,Collision with vehicle,Friday,VEHICLE STRIKES DOOR OF PARKED/STATIONARY VEHICLE,Day,144.9804,-37.84956,MELBOURNE,METROPOLITAN NORTH WEST REGION,2,1,0,0,1,1,1,1,1,0,1,0,0,0,0,0,0,0,0,0,No,0,2,0,1,0,0,MELB_URBAN,MELB_URBAN,"PORT PHILLIP,MELBOURNE",METROPOLITAN NORTH WEST REGION,MELBOURNE,2017,3,March
144.96225739533503,-37.81228152341232,3454307,17/4/2017,22.00.00,Yes,Collision with vehicle,Sunday,RIGHT TURN SIDESWIPE,Dark Street lights on,144.96226000000001,-37.81228,MELBOURNE,METROPOLITAN NORTH WEST REGION,2,1,0,0,1,1,0,1,1,0,0,0,0,0,1,0,0,0,0,0,No,0,2,0,0,0,0,MELBOURNE_CBD,MELBOURNE_CBD,MELBOURNE,METROPOLITAN NORTH WEST REGION,MELBOURNE,2017,4,April
144.9538998754682,-37.770650622179716,3454325,21/4/2017,17.30.00,Yes,Collision with vehicle,Friday,VEHICLE STRIKES DOOR OF PARKED/STATIONARY VEHICLE,Dusk/Dawn,144.9539,-37.77065,MORELAND,METROPOLITAN NORTH WEST REGION,2,1,0,1,0,1,2,0,1,0,1,0,0,0,0,0,0,0,0,0,No,0,2,0,1,0,0,MELB_URBAN,MELB_URBAN,MORELAND,METROPOLITAN NORTH WEST REGION,BRUNSWICK,2017,4,April
146.88433280178302,-36.14212687456728,3454326,24/4/2017,08.05.00,No,Collision with vehicle,Monday,CROSS TRAFFIC(INTERSECTIONS ONLY),Day,146.88433,-36.14213,WODONGA,NORTH EASTERN REGION,2,1,0,0,1,1,1,1,1,0,1,0,0,0,0,0,0,0,0,0,No,0,2,0,1,0,0,SMALL_CITIES,SMALL_CITIES,WODONGA,NORTH EASTERN REGION,WODONGA,2017,4,April
144.57157775454704,-38.16918973062424,3454327,24/4/2017,07.50.00,No,Collision with vehicle,Monday,VEHICLE OFF FOOTPATH STRIKES VEH ON CARRIAGEWAY,Dusk/Dawn,144.57158,-38.16919,GEELONG,SOUTH WESTERN REGION,2,1,0,0,1,1,1,1,1,0,1,0,0,0,0,0,1,0,0,1,No,0,2,0,1,0,0,SMALL_CITIES,SMALL_CITIES,GEELONG,SOUTH WESTERN REGION,DRYSDALE,2017,4,April
144.89645042122913,-37.803857937015906,3454334,30/4/2017,08.20.00,Yes,Collision with vehicle,Sunday,RIGHT THROUGH,Day,144.89645,-37.80386,MARIBYRNONG,METROPOLITAN NORTH WEST REGION,2,2,0,0,2,0,1,1,1,0,1,0,0,0,0,0,0,0,0,0,No,0,2,0,1,0,0,MELB_URBAN,MELB_URBAN,MARIBYRNONG,METROPOLITAN NORTH WEST REGION,SEDDON,2017,4,April
146.56038267076926,-38.13085163602814,3454338,30/4/2017,10.25.00,No,Collision with vehicle,Sunday,RIGHT NEAR (INTERSECTIONS ONLY),Day,146.56038,-38.13085,LATROBE,EASTERN REGION,2,1,0,0,1,1,0,1,1,0,1,0,0,0,0,0,0,0,1,0,No,0,2,0,1,0,0,RURAL_VICTORIA,RURAL_VICTORIA,LATROBE,"EASTERN REGION,EASTERN REGION",GLENGARRY,2017,4,April
144.9776602643339,-37.80579842310753,3454344,11/4/2017,23.25.00,Yes,Collision with vehicle,Tuesday,LEAVING PARKING,Dark Street lights on,144.97766000000001,-37.8058,YARRA,METROPOLITAN NORTH WEST REGION,2,1,0,0,1,1,2,0,1,0,1,0,0,0,0,0,0,0,0,0,No,0,2,0,1,0,0,MELB_URBAN,MELB_URBAN,YARRA,METROPOLITAN NORTH WEST REGION,FITZROY,2017,4,April
144.97202072314076,-37.81522978783593,3454349,29/11/2016,07.00.00,No,Collision with vehicle,Tuesday,ACCIDENT OR BROKEN DOWN,Day,144.97202,-37.81523,MELBOURNE,METROPOLITAN NORTH WEST REGION,3,1,0,0,1,2,0,1,2,0,0,0,0,0,1,0,0,0,0,0,No,0,3,0,0,0,0,MELBOURNE_CBD,MELBOURNE_CBD,MELBOURNE,METROPOLITAN NORTH WEST REGION,MELBOURNE,2016,11,November
144.36734921796318,-38.06764096672329,3454358,18/4/2017,09.30.00,No,Collision with vehicle,Monday,CROSS TRAFFIC(INTERSECTIONS ONLY),Day,144.36735,-38.067640000000004,GEELONG,SOUTH WESTERN REGION,2,1,0,1,0,1,2,0,1,0,1,0,0,0,0,0,0,0,0,0,No,0,2,0,1,0,0,LARGE_PROVINCIAL_CITIES,LARGE_PROVINCIAL_CITIES,GEELONG,SOUTH WESTERN REGION,CORIO,2017,4,April
144.97711012724483,-37.806340005022015,3454375,7/3/2017,13.15.00,No,No collision and no object struck,Tuesday,OUT OF CONTROL (OVERTAKING),Day,144.97711,-37.80634000000001,YARRA,METROPOLITAN NORTH WEST REGION,1,1,0,0,1,0,0,1,1,0,0,0,0,0,0,0,0,0,0,0,No,0,1,0,0,0,0,MELB_URBAN,MELB_URBAN,YARRA,METROPOLITAN NORTH WEST REGION,FITZROY,2017,3,March
145.27188971830464,-38.00607129252876,3454380,24/4/2017,15.30.00,No,Collision with vehicle,Monday,VEHICLE STRIKES ANOTHER VEH WHILE EMERGING FROM DRIVEWAY,Day,145.27188999999996,-38.00607,CASEY,METROPOLITAN SOUTH EAST REGION,2,1,0,1,0,1,2,0,1,0,1,0,0,0,0,0,0,0,0,0,No,0,2,0,1,0,0,MELB_URBAN,MELB_URBAN,CASEY,METROPOLITAN SOUTH EAST REGION,HALLAM,2017,4,April
144.93549514543267,-37.7833329595998,3454401,12/4/2017,08.45.00,No,Collision with vehicle,Wednesday,RIGHT THROUGH,Day,144.9355,-37.78333,MOONEE VALLEY,METROPOLITAN NORTH WEST REGION,2,2,0,0,2,0,1,1,1,0,1,0,0,0,0,0,0,0,0,0,No,0,2,0,1,0,0,MELB_URBAN,MELB_URBAN,MOONEE VALLEY,METROPOLITAN NORTH WEST REGION,TRAVANCORE,2017,4,April
145.07752050560654,-37.87330303450568,3454419,13/4/2017,11.45.00,No,No collision and no object struck,Thursday,OFF CARRIAGEWAY ON RIGHT BEND,Day,145.07752,-37.8733,BOROONDARA,METROPOLITAN SOUTH EAST REGION,2,1,0,0,1,1,0,1,1,0,0,0,0,0,1,0,0,0,0,0,No,0,2,0,0,0,0,MELB_URBAN,MELB_URBAN,BOROONDARA,METROPOLITAN SOUTH EAST REGION,ASHBURTON,2017,4,April
145.16649142761327,-37.88208016095028,3454424,24/4/2017,16.00.00,Yes,Collision with vehicle,Sunday,LANE SIDE SWIPE (VEHICLES IN PARALLEL LANES),Day,145.16648999999995,-37.88208,MONASH,METROPOLITAN SOUTH EAST REGION,2,1,0,1,0,1,1,0,1,0,0,0,0,0,1,0,0,0,0,0,No,0,2,0,0,0,0,MELB_URBAN,MELB_URBAN,MONASH,METROPOLITAN SOUTH EAST REGION,GLEN WAVERLEY,2017,4,April
144.89615527476127,-37.82012946478396,3454432,24/4/2017,19.15.00,Yes,Collision with vehicle,Monday,LEAVING PARKING,Dark Street lights on,144.89616,-37.82013,MARIBYRNONG,METROPOLITAN NORTH WEST REGION,2,1,0,0,1,1,2,0,1,0,1,0,0,0,0,0,0,0,0,0,No,0,2,0,1,0,0,MELB_URBAN,MELB_URBAN,MARIBYRNONG,METROPOLITAN NORTH WEST REGION,YARRAVILLE,2017,4,April
144.95663715063992,-37.81218080184189,3454434,24/4/2017,18.15.00,Yes,Collision with vehicle,Monday,VEHICLE STRIKES DOOR OF PARKED/STATIONARY VEHICLE,Dark Street lights on,144.95664,-37.81218,MELBOURNE,METROPOLITAN NORTH WEST REGION,3,1,0,0,1,2,2,1,1,1,1,0,0,0,0,0,0,0,0,0,No,0,2,0,1,0,0,MELBOURNE_CBD,MELBOURNE_CBD,MELBOURNE,METROPOLITAN NORTH WEST REGION,MELBOURNE,2017,4,April
144.98268990758731,-38.401200854209684,3454439,7/4/2017,18.05.00,Yes,Collision with vehicle,Friday,REAR END(VEHICLES IN SAME LANE),Dusk/Dawn,144.98269,-38.4012,MORNINGTON PENINSULA,METROPOLITAN SOUTH EAST REGION,2,1,0,1,0,1,1,1,1,0,1,0,0,0,0,0,0,0,0,0,Yes,0,2,0,1,0,0,RURAL_VICTORIA,RURAL_VICTORIA,MORNINGTON PENINSULA,METROPOLITAN SOUTH EAST REGION,MAIN RIDGE,2017,4,April
145.29521027468604,-38.01792702468779,3454447,8/4/2017,07.30.00,Yes,Collision with vehicle,Saturday,LEFT NEAR (INTERSECTIONS ONLY),Day,145.29521,-38.01793,CASEY,METROPOLITAN SOUTH EAST REGION,2,1,0,1,0,1,2,0,1,0,1,0,0,0,0,0,0,0,0,0,No,0,2,0,1,0,0,MELB_URBAN,MELB_URBAN,CASEY,METROPOLITAN SOUTH EAST REGION,NARRE WARREN,2017,4,April
145.15930599249788,-38.19552716985789,3454450,12/4/2017,17.20.00,No,Collision with vehicle,Wednesday,RIGHT THROUGH,Dusk/Dawn,145.15931,-38.19553,MORNINGTON PENINSULA,METROPOLITAN SOUTH EAST REGION,2,1,0,1,0,1,2,0,1,0,1,0,0,0,0,0,0,0,0,0,No,0,2,0,1,0,0,MELB_URBAN,MELB_URBAN,MORNINGTON PENINSULA,METROPOLITAN SOUTH EAST REGION,BAXTER,2017,4,April
144.89882865783568,-37.85903316634739,3454458,11/4/2017,22.30.00,Yes,Collision with vehicle,Tuesday,RIGHT THROUGH,Dark Street lights on,144.89883,-37.85903,HOBSONS BAY,METROPOLITAN NORTH WEST REGION,2,1,0,0,1,1,2,0,1,0,1,0,0,0,0,0,0,0,0,1,No,0,2,0,1,0,0,MELB_URBAN,MELB_URBAN,HOBSONS BAY,METROPOLITAN NORTH WEST REGION,WILLIAMSTOWN,2017,4,April
144.99116423105414,-37.824911360210095,3454466,19/4/2017,11.37.00,No,No collision and no object struck,Tuesday,OUT OF CONTROL ON CARRIAGEWAY (ON STRAIGHT),Day,144.99116,-37.824909999999996,YARRA,METROPOLITAN NORTH WEST REGION,2,1,0,1,0,1,2,0,1,0,1,0,0,0,0,0,0,0,0,0,No,0,2,0,1,0,0,MELB_URBAN,MELB_URBAN,YARRA,METROPOLITAN NORTH WEST REGION,RICHMOND,2017,4,April
144.92295760893387,-37.78918300630606,3454475,20/4/2017,15.35.00,No,Collision with vehicle,Thursday,LEFT REAR,Day,144.92296000000005,-37.78918,MELBOURNE,METROPOLITAN NORTH WEST REGION,2,1,0,0,1,1,1,1,1,0,1,0,0,0,0,0,0,0,0,0,No,0,2,0,1,0,0,MELB_URBAN,MELB_URBAN,MELBOURNE,METROPOLITAN NORTH WEST REGION,KENSINGTON,2017,4,April
145.0084196927439,-37.86750153588693,3454480,25/4/2017,11.00.00,No,Collision with vehicle,Tuesday,LANE SIDE SWIPE (VEHICLES IN PARALLEL LANES),Day,145.00842,-37.8675,PORT PHILLIP,METROPOLITAN NORTH WEST REGION,2,1,0,1,0,1,0,1,1,0,0,0,0,0,1,0,1,0,0,0,No,0,2,0,0,0,0,MELB_URBAN,MELB_URBAN,"PORT PHILLIP,GLEN EIRA","METROPOLITAN NORTH WEST REGION,METROPOLITAN SOUTH EAST REGION",ST KILDA EAST,2017,4,April
143.84255704895804,-37.52779964201008,3454490,8/4/2017,10.00.00,No,Collision with vehicle,Friday,ENTERING PARKING,Day,143.84256000000005,-37.5278,BALLARAT,WESTERN REGION,2,1,0,1,0,1,2,0,1,0,1,0,0,0,0,0,0,0,0,0,No,0,2,0,1,0,0,LARGE_PROVINCIAL_CITIES,LARGE_PROVINCIAL_CITIES,BALLARAT,WESTERN REGION,WENDOUREE,2017,4,April
145.29719744480508,-37.78802967975706,3454493,7/4/2017,14.56.00,No,Collision with vehicle,Friday,VEHICLE OFF FOOTPATH STRIKES VEH ON CARRIAGEWAY,Day,145.2972,-37.78803,MAROONDAH,METROPOLITAN SOUTH EAST REGION,2,1,0,1,0,1,1,1,1,0,1,0,0,0,0,0,1,0,0,0,No,0,2,0,1,0,0,MELB_URBAN,MELB_URBAN,MAROONDAH,METROPOLITAN SOUTH EAST REGION,CROYDON,2017,4,April
144.92830309554364,-37.73024941178149,3454500,23/3/2017,08.30.00,No,Collision with vehicle,Thursday,VEHICLE STRIKES DOOR OF PARKED/STATIONARY VEHICLE,Unk.,144.9283,-37.73025,MORELAND,METROPOLITAN NORTH WEST REGION,3,1,0,0,1,2,2,0,1,1,1,0,0,0,0,0,0,0,0,0,No,0,2,0,1,0,0,MELB_URBAN,MELB_URBAN,MORELAND,METROPOLITAN NORTH WEST REGION,PASCOE VALE,2017,3,March
145.01883252523132,-37.866010297871476,3454511,13/4/2017,09.48.00,No,Collision with vehicle,Wednesday,VEHICLE STRIKES ANOTHER VEH WHILE EMERGING FROM DRIVEWAY,Day,145.01883,-37.866009999999996,GLEN EIRA,METROPOLITAN SOUTH EAST REGION,2,1,0,0,1,1,1,1,1,0,1,0,0,0,0,0,0,0,0,0,No,0,2,0,1,0,0,MELB_URBAN,MELB_URBAN,GLEN EIRA,METROPOLITAN SOUTH EAST REGION,CAULFIELD NORTH,2017,4,April
144.97358983808547,-37.865790102394655,3454521,18/4/2017,17.30.00,No,Struck Pedestrian,Tuesday,FAR SIDE. PED HIT BY VEHICLE FROM THE LEFT,Day,144.97359,-37.865790000000004,PORT PHILLIP,METROPOLITAN NORTH WEST REGION,2,2,1,0,1,0,2,0,1,0,0,1,0,0,0,0,0,1,0,0,No,0,1,0,0,0,0,MELB_URBAN,MELB_URBAN,PORT PHILLIP,METROPOLITAN NORTH WEST REGION,ST KILDA,2017,4,April
144.98769389753954,-37.7971937309469,3454526,25/4/2017,12.50.00,No,Collision with vehicle,Monday,CROSS TRAFFIC(INTERSECTIONS ONLY),Day,144.98769,-37.79719,YARRA,METROPOLITAN NORTH WEST REGION,2,1,0,0,1,1,0,2,1,1,0,0,0,0,0,0,0,0,0,0,No,0,2,0,1,0,0,MELB_URBAN,MELB_URBAN,YARRA,METROPOLITAN NORTH WEST REGION,COLLINGWOOD,2017,4,April
144.99183003202396,-37.79972981476115,3454542,8/4/2017,10.45.00,No,Collision with vehicle,Saturday,ENTERING PARKING,Day,144.99183,-37.79973,YARRA,METROPOLITAN NORTH WEST REGION,2,1,0,1,0,1,1,1,1,0,1,0,0,0,0,0,0,0,0,0,No,0,2,0,1,0,0,MELB_URBAN,MELB_URBAN,YARRA,METROPOLITAN NORTH WEST REGION,COLLINGWOOD,2017,4,April
144.97731782845744,-37.84110049673184,3454552,12/4/2017,13.30.00,No,Collision with vehicle,Tuesday,VEHICLE STRIKES DOOR OF PARKED/STATIONARY VEHICLE,Day,144.97732,-37.8411,MELBOURNE,METROPOLITAN NORTH WEST REGION,2,1,0,0,1,1,1,1,1,0,1,0,0,0,0,0,0,0,0,0,No,0,2,0,1,0,0,MELB_URBAN,MELB_URBAN,"PORT PHILLIP,MELBOURNE",METROPOLITAN NORTH WEST REGION,MELBOURNE,2017,4,April
145.02081981678904,-37.92258099478995,3454555,7/4/2017,17.00.00,Yes,Collision with vehicle,Friday,VEHICLE STRIKES DOOR OF PARKED/STATIONARY VEHICLE,Day,145.02082,-37.922579999999996,BAYSIDE,METROPOLITAN SOUTH EAST REGION,2,1,0,0,1,1,2,0,1,0,1,0,0,0,0,0,0,0,0,0,No,0,2,0,1,0,0,MELB_URBAN,MELB_URBAN,BAYSIDE,METROPOLITAN SOUTH EAST REGION,BRIGHTON EAST,2017,4,April
145.25214252891124,-37.855410307704894,3454556,7/3/2017,09.00.00,No,No collision and no object struck,Tuesday,OUT OF CONTROL ON CARRIAGEWAY (ON STRAIGHT),Day,145.25214,-37.85541,KNOX,METROPOLITAN SOUTH EAST REGION,2,1,0,0,1,1,1,1,1,0,1,0,0,0,0,0,0,0,0,0,No,0,2,0,1,0,0,MELB_URBAN,MELB_URBAN,KNOX,METROPOLITAN SOUTH EAST REGION,WANTIRNA SOUTH,2017,3,March
145.02654706024634,-37.92474030851936,3454578,25/4/2017,15.20.00,No,Collision with vehicle,Tuesday,VEHICLE OFF FOOTPATH STRIKES VEH ON CARRIAGEWAY,Day,145.02655,-37.92474,GLEN EIRA,METROPOLITAN SOUTH EAST REGION,2,1,0,0,1,1,2,0,1,0,1,0,0,0,0,0,0,0,0,0,No,1,2,0,1,0,0,MELB_URBAN,MELB_URBAN,GLEN EIRA,METROPOLITAN SOUTH EAST REGION,BENTLEIGH,2017,4,April
144.91617802988424,-37.77173766117839,3454583,24/4/2017,22.58.00,Yes,Collision with vehicle,Monday,RIGHT THROUGH,Dark Street lights on,144.91618,-37.77174,MOONEE VALLEY,METROPOLITAN NORTH WEST REGION,2,1,0,0,1,1,2,0,1,0,1,0,0,0,0,0,0,0,0,0,No,0,2,0,1,0,0,MELB_URBAN,MELB_URBAN,MOONEE VALLEY,METROPOLITAN NORTH WEST REGION,ASCOT VALE,2017,4,April
144.9365334575655,-37.78382257586015,3454603,6/4/2017,09.20.00,No,Collision with vehicle,Thursday,LEFT TURN SIDESWIPE,Day,144.93653,-37.78382,MOONEE VALLEY,METROPOLITAN NORTH WEST REGION,2,1,0,0,1,1,2,0,1,0,1,0,0,0,0,0,0,0,0,0,No,0,2,0,1,0,0,MELB_URBAN,MELB_URBAN,MOONEE VALLEY,METROPOLITAN NORTH WEST REGION,TRAVANCORE,2017,4,April