X,Y,OBJECTID,ACCIDENT_DATE,ACCIDENT_TIME,ALCOHOLTIME,ACCIDENT_TYPE,DAY_OF_WEEK,DCA_CODE,LIGHT_CONDITION,LONGITUDE,LATITUDE,LGA_NAME,REGION_NAME,TOTAL_PERSONS,INJ_OR_FATAL,FATALITY,SERIOUSINJURY,OTHERINJURY,NONINJURED,MALES,FEMALES,BICYCLIST,PASSENGER,DRIVER,PEDESTRIAN,PILLION,MOTORIST,UNKNOWN,PED_CYCLIST_5_12,PED_CYCLIST_13_18,OLD_PEDESTRIAN,OLD_DRIVER,YOUNG_DRIVER,ALCOHOL_RELATED,UNLICENCSED,NO_OF_VEHICLES,HEAVYVEHICLE,PASSENGERVEHICLE,MOTORCYCLE,PUBLICVEHICLE,DEG_URBAN_NAME,DEG_URBAN_ALL,LGA_NAME_ALL,REGION_NAME_ALL,Suburb,Year,Month,Month_name
144.96315931889373,-37.81424771478841,3457691,26/7/2017,11.50.00,No,Collision with vehicle,Wednesday,REAR END(VEHICLES IN SAME LANE),Day,144.96316000000004,-37.81425,MELBOURNE,METROPOLITAN NORTH WEST REGION,3,1,0,0,1,2,3,0,1,0,2,0,0,0,0,0,0,0,0,0,No,0,3,0,2,0,0,MELBOURNE_CBD,MELBOURNE_CBD,MELBOURNE,METROPOLITAN NORTH WEST REGION,MELBOURNE,2017,7,July
144.9973008758393,-37.711997330521406,3457693,21/7/2017,08.05.00,No,Collision with vehicle,Friday,CROSS TRAFFIC(INTERSECTIONS ONLY),Day,144.9973,-37.711999999999996,DAREBIN,METROPOLITAN NORTH WEST REGION,2,1,0,0,1,1,1,1,1,0,1,0,0,0,0,0,0,0,0,0,No,0,2,0,1,0,0,MELB_URBAN,MELB_URBAN,DAREBIN,METROPOLITAN NORTH WEST REGION,RESERVOIR,2017,7,July
144.9983547710924,-37.90850900717258,3457723,8/7/2017,11.15.00,No,Collision with vehicle,Saturday,RIGHT NEAR (INTERSECTIONS ONLY),Day,144.99835,-37.90851,BAYSIDE,METROPOLITAN SOUTH EAST REGION,2,1,0,0,1,1,0,2,1,0,1,0,0,0,0,0,0,0,1,0,No,0,2,0,1,0,0,MELB_URBAN,MELB_URBAN,BAYSIDE,METROPOLITAN SOUTH EAST REGION,BRIGHTON,2017,7,July
144.98905048497284,-37.79945200120333,3457729,17/7/2017,17.30.00,Yes,Collision with vehicle,Sunday,RIGHT THROUGH,Unk.,144.98905,-37.79945,YARRA,METROPOLITAN NORTH WEST REGION,2,1,0,0,1,1,1,1,1,0,1,0,0,0,0,0,0,0,0,0,No,0,2,0,1,0,0,MELB_URBAN,MELB_URBAN,YARRA,METROPOLITAN NORTH WEST REGION,COLLINGWOOD,2017,7,July
145.18589056462386,-37.97337007391156,3458754,1/7/2017,16.28.00,Yes,Collision with vehicle,Friday,LANE SIDE SWIPE (VEHICLES IN PARALLEL LANES),Day,145.18589,-37.97337,DANDENONG,METROPOLITAN SOUTH EAST REGION,5,1,0,0,1,4,2,1,1,2,2,0,0,0,0,0,0,0,0,0,No,0,3,0,2,0,0,MELB_URBAN,MELB_URBAN,DANDENONG,METROPOLITAN SOUTH EAST REGION,NOBLE PARK,2017,7,July
144.96723131499186,-37.81306284051657,3458788,19/6/2017,21.10.00,Yes,No collision and no object struck,Sunday,OUT OF CONTROL ON CARRIAGEWAY (ON STRAIGHT),Dark Street lights on,144.96723,-37.81306,MELBOURNE,METROPOLITAN NORTH WEST REGION,2,1,0,0,1,1,1,0,1,0,1,0,0,0,0,0,0,0,0,0,No,0,2,0,1,0,0,MELBOURNE_CBD,MELBOURNE_CBD,MELBOURNE,METROPOLITAN NORTH WEST REGION,MELBOURNE,2017,6,June
144.97745952979568,-37.879868135778025,3458789,18/6/2017,10.00.00,No,Collision with vehicle,,LEFT REAR,Day,144.97746,-37.879870000000004,PORT PHILLIP,METROPOLITAN NORTH WEST REGION,2,1,0,0,1,1,2,0,1,0,1,0,0,0,0,0,0,0,0,0,No,0,2,0,1,0,0,MELB_URBAN,MELB_URBAN,PORT PHILLIP,METROPOLITAN NORTH WEST REGION,ELWOOD,2017,6,June
144.97653200205653,-37.842549540092726,3458825,27/6/2017,11.15.00,No,Collision with vehicle,Tuesday,VEHICLE STRIKES ANOTHER VEH WHILE EMERGING FROM DRIVEWAY,Day,144.97653,-37.84255,PORT PHILLIP,METROPOLITAN NORTH WEST REGION,2,1,0,0,1,1,1,1,1,0,1,0,0,0,0,0,0,0,0,0,No,0,2,0,1,0,0,MELB_URBAN,MELB_URBAN,PORT PHILLIP,METROPOLITAN NORTH WEST REGION,MELBOURNE,2017,6,June
145.0998350272578,-37.75604896404622,3458830,8/7/2017,06.45.00,Yes,Collision with vehicle,Saturday,LEFT NEAR (INTERSECTIONS ONLY),Dark Street lights on,145.09984,-37.75605,MANNINGHAM,METROPOLITAN SOUTH EAST REGION,2,1,0,1,0,1,1,1,1,0,1,0,0,0,0,0,0,0,0,1,No,0,2,0,1,0,0,MELB_URBAN,MELB_URBAN,MANNINGHAM,METROPOLITAN SOUTH EAST REGION,TEMPLESTOWE LOWER,2017,7,July
142.165879065685,-34.19074567967556,3458837,20/6/2017,08.10.00,No,Collision with vehicle,Tuesday,CROSS TRAFFIC(INTERSECTIONS ONLY),Day,142.16588000000004,-34.19075,MILDURA,WESTERN REGION,2,1,0,0,1,1,1,1,1,0,1,0,0,0,0,0,0,0,0,0,No,0,2,0,1,0,0,SMALL_CITIES,SMALL_CITIES,MILDURA,WESTERN REGION,MILDURA,2017,6,June
144.96744010002547,-37.79782001148907,3458842,20/6/2017,10.47.00,No,Collision with vehicle,Tuesday,VEHICLE STRIKES DOOR OF PARKED/STATIONARY VEHICLE,Day,144.96743999999995,-37.79782,MELBOURNE,METROPOLITAN NORTH WEST REGION,3,1,0,1,0,2,1,2,1,0,2,0,0,0,0,0,0,0,0,0,No,0,3,0,2,0,0,MELB_URBAN,MELB_URBAN,MELBOURNE,METROPOLITAN NORTH WEST REGION,CARLTON,2017,6,June
144.99165028451347,-37.807910704016926,3458853,25/6/2017,22.05.00,Yes,Collision with vehicle,Sunday,VEHICLE STRIKES ANOTHER VEH WHILE EMERGING FROM DRIVEWAY,Dark Street lights on,144.99165,-37.80791,YARRA,METROPOLITAN NORTH WEST REGION,2,1,0,0,1,1,1,1,1,0,1,0,0,0,0,0,0,0,0,1,No,0,2,0,1,0,0,MELB_URBAN,MELB_URBAN,YARRA,METROPOLITAN NORTH WEST REGION,ABBOTSFORD,2017,6,June
145.46673454953594,-38.06903687924972,3458858,2/7/2017,16.00.00,Yes,Struck animal,Sunday,STRUCK ANIMAL,Day,145.46673,-38.06904,CARDINIA,METROPOLITAN SOUTH EAST REGION,2,1,0,0,1,1,2,0,1,0,0,1,0,0,0,0,0,0,0,0,No,0,1,0,0,0,0,SMALL_CITIES,SMALL_CITIES,CARDINIA,METROPOLITAN SOUTH EAST REGION,PAKENHAM,2017,7,July
145.0411077647686,-37.770189240653615,3458892,20/6/2017,12.40.00,No,Collision with vehicle,Tuesday,VEHICLE STRIKES DOOR OF PARKED/STATIONARY VEHICLE,Day,145.04111,-37.77019,BANYULE,METROPOLITAN NORTH WEST REGION,2,1,0,0,1,1,1,1,1,0,1,0,0,0,0,0,0,0,0,1,No,0,2,0,1,0,0,MELB_URBAN,MELB_URBAN,BANYULE,METROPOLITAN NORTH WEST REGION,IVANHOE,2017,6,June
145.09558964487772,-38.00946917284657,3458904,26/6/2017,07.50.00,No,Collision with vehicle,Monday,VEHICLE STRIKES ANOTHER VEH WHILE EMERGING FROM DRIVEWAY,Day,145.09559,-38.00947,KINGSTON,METROPOLITAN SOUTH EAST REGION,3,1,0,0,1,2,2,1,1,1,1,0,0,0,0,0,1,0,0,0,No,0,2,0,1,0,0,MELB_URBAN,MELB_URBAN,KINGSTON,METROPOLITAN SOUTH EAST REGION,MORDIALLOC,2017,6,June
145.0127470916793,-37.71734771829805,3458909,26/6/2017,11.00.00,No,Collision with vehicle,Monday,CROSS TRAFFIC(INTERSECTIONS ONLY),Day,145.01275,-37.71735,DAREBIN,METROPOLITAN NORTH WEST REGION,2,1,0,0,1,1,2,0,1,0,1,0,0,0,0,0,0,0,0,1,No,0,2,0,1,0,0,MELB_URBAN,MELB_URBAN,DAREBIN,METROPOLITAN NORTH WEST REGION,RESERVOIR,2017,6,June
144.95368621516644,-37.80562591422285,3458915,3/7/2017,08.50.00,No,Collision with vehicle,Monday,REAR END(VEHICLES IN SAME LANE),Day,144.95369,-37.80563,MELBOURNE,METROPOLITAN NORTH WEST REGION,2,1,0,0,1,1,1,1,1,0,1,0,0,0,0,0,0,0,0,0,No,0,2,0,1,0,0,MELB_URBAN,MELB_URBAN,MELBOURNE,METROPOLITAN NORTH WEST REGION,WEST MELBOURNE,2017,7,July
144.86420918433947,-37.79787449088789,3458916,29/6/2017,16.30.00,No,Collision with vehicle,Wednesday,VEHICLE STRIKES ANOTHER VEH WHILE EMERGING FROM DRIVEWAY,Day,144.86421,-37.79787,MARIBYRNONG,METROPOLITAN NORTH WEST REGION,2,1,0,0,1,1,1,1,1,0,1,0,0,0,0,0,0,0,0,1,No,0,2,0,1,0,0,MELB_URBAN,MELB_URBAN,MARIBYRNONG,METROPOLITAN NORTH WEST REGION,WEST FOOTSCRAY,2017,6,June
144.9895373972578,-37.89778509585678,3458919,3/7/2017,09.55.00,No,Collision with vehicle,Monday,LEFT TURN SIDESWIPE,Day,144.98953999999995,-37.89779,BAYSIDE,METROPOLITAN SOUTH EAST REGION,2,1,1,0,0,1,1,1,1,0,1,0,0,0,0,0,0,0,0,0,No,0,2,1,0,0,0,MELB_URBAN,MELB_URBAN,BAYSIDE,METROPOLITAN SOUTH EAST REGION,BRIGHTON,2017,7,July
144.95663744481337,-37.83665177650235,3458924,17/6/2017,20.00.00,Yes,Collision with vehicle,Saturday,CROSS TRAFFIC(INTERSECTIONS ONLY),Dark Street lights unknown,144.95664,-37.83665,PORT PHILLIP,METROPOLITAN NORTH WEST REGION,2,1,0,0,1,1,1,0,1,0,0,0,0,0,1,0,0,0,0,0,No,0,2,0,0,0,0,MELB_URBAN,MELB_URBAN,PORT PHILLIP,METROPOLITAN NORTH WEST REGION,SOUTH MELBOURNE,2017,6,June
145.35511114081382,-37.908358340363705,3458925,9/7/2017,08.40.00,No,Collision with vehicle,,RIGHT THROUGH,Day,145.35511,-37.908359999999995,YARRA RANGES,METROPOLITAN SOUTH EAST REGION,2,1,0,1,0,1,1,1,1,0,1,0,0,0,0,0,0,0,0,0,No,0,2,0,1,0,0,MELB_URBAN,MELB_URBAN,YARRA RANGES,METROPOLITAN SOUTH EAST REGION,BELGRAVE,2017,7,July
145.38923027121936,-37.88272041064789,3458932,9/7/2017,12.38.00,No,Collision with vehicle,Sunday,RIGHT THROUGH,Day,145.38923,-37.88272,YARRA RANGES,METROPOLITAN SOUTH EAST REGION,2,1,0,1,0,1,2,0,1,0,1,0,0,0,0,0,0,0,0,0,No,0,2,0,1,0,0,MELB_URBAN,MELB_URBAN,YARRA RANGES,METROPOLITAN SOUTH EAST REGION,THE PATCH,2017,7,July
145.93991626154684,-38.15909950044696,3458943,20/6/2017,18.30.00,Yes,Collision with vehicle,Monday,LANE SIDE SWIPE (VEHICLES IN PARALLEL LANES),Dark Street lights on,145.93992,-38.1591,BAW BAW,EASTERN REGION,3,1,0,0,1,2,2,1,1,1,1,0,0,0,0,0,0,0,0,0,No,0,2,0,1,0,0,SMALL_CITIES,SMALL_CITIES,BAW BAW,"EASTERN REGION,EASTERN REGION",WARRAGUL,2017,6,June
144.96013667957467,-37.79215836643903,3458949,23/6/2017,14.30.00,No,Collision with vehicle,Friday,VEHICLE STRIKES DOOR OF PARKED/STATIONARY VEHICLE,Day,144.96014,-37.792159999999996,MELBOURNE,METROPOLITAN NORTH WEST REGION,2,1,0,0,1,1,2,0,1,0,1,0,0,0,0,0,0,0,0,0,No,0,2,0,1,0,0,MELB_URBAN,MELB_URBAN,MELBOURNE,METROPOLITAN NORTH WEST REGION,PARKVILLE,2017,6,June
145.0214606354451,-37.879796795843696,3458961,26/6/2017,18.10.00,Yes,Collision with vehicle,Monday,VEHICLE STRIKES ANOTHER VEH WHILE EMERGING FROM DRIVEWAY,Dark Street lights on,145.02146000000005,-37.8798,GLEN EIRA,METROPOLITAN SOUTH EAST REGION,2,1,0,0,1,1,0,1,1,0,1,0,0,0,0,1,0,0,0,0,No,0,2,0,1,0,0,MELB_URBAN,MELB_URBAN,GLEN EIRA,METROPOLITAN SOUTH EAST REGION,CAULFIELD,2017,6,June
144.4577802499449,-38.187579364090396,3458977,7/7/2017,06.55.00,No,Collision with vehicle,Friday,VEHICLE STRIKES ANOTHER VEH WHILE EMERGING FROM DRIVEWAY,Dark Street lights on,144.45778,-38.18758,GEELONG,SOUTH WESTERN REGION,2,1,0,0,1,1,2,0,1,0,1,0,0,0,0,0,0,0,0,1,No,0,2,0,1,0,0,TOWNS,TOWNS,GEELONG,SOUTH WESTERN REGION,LEOPOLD,2017,7,July
144.9584577582095,-37.806149686810045,3458994,15/6/2017,09.05.00,No,Collision with vehicle,Thursday,RIGHT THROUGH,Day,144.95846,-37.80615,MELBOURNE,METROPOLITAN NORTH WEST REGION,2,1,0,0,1,1,2,0,1,0,1,0,0,0,0,0,0,0,0,0,No,0,2,0,1,0,0,MELB_URBAN,MELB_URBAN,MELBOURNE,METROPOLITAN NORTH WEST REGION,MELBOURNE,2017,6,June
144.95529255322663,-37.799857977870325,3458995,19/4/2017,17.00.00,No,No collision and no object struck,Wednesday,OUT OF CONTROL ON CARRIAGEWAY (ON STRAIGHT),Day,144.95529,-37.799859999999995,MELBOURNE,METROPOLITAN NORTH WEST REGION,2,1,0,0,1,1,1,1,1,0,1,0,0,0,0,0,0,0,0,0,No,0,2,0,1,0,0,MELB_URBAN,MELB_URBAN,MELBOURNE,METROPOLITAN NORTH WEST REGION,NORTH MELBOURNE,2017,4,April
144.9951500716151,-37.86897969742864,3459000,21/6/2017,06.43.00,No,Collision with vehicle,Wednesday,VEHICLE STRIKES DOOR OF PARKED/STATIONARY VEHICLE,Dark Street lights on,144.99515,-37.86898,PORT PHILLIP,METROPOLITAN NORTH WEST REGION,2,1,0,0,1,1,2,0,1,0,1,0,0,0,0,0,0,0,0,0,No,0,2,0,1,0,0,MELB_URBAN,MELB_URBAN,PORT PHILLIP,METROPOLITAN NORTH WEST REGION,BALACLAVA,2017,6,June
144.91278858787663,-37.801243366463964,3459002,23/6/2017,10.00.00,No,Collision with vehicle,Thursday,LEFT NEAR (INTERSECTIONS ONLY),Day,144.91279,-37.80124,MELBOURNE,METROPOLITAN NORTH WEST REGION,2,1,0,0,1,1,2,0,1,0,1,0,0,0,0,0,0,0,0,0,No,0,2,0,1,0,0,MELB_URBAN,MELB_URBAN,MELBOURNE,METROPOLITAN NORTH WEST REGION,WEST MELBOURNE,2017,6,June
145.18723572001875,-37.709502327672354,3459006,17/6/2017,09.00.00,No,No collision and no object struck,Saturday,OUT OF CONTROL ON CARRIAGEWAY (ON STRAIGHT),Day,145.18724,-37.7095,NILLUMBIK,METROPOLITAN NORTH WEST REGION,1,1,0,1,0,0,1,0,1,0,0,0,0,0,0,0,0,0,0,0,No,0,1,0,0,0,0,MELB_URBAN,MELB_URBAN,NILLUMBIK,METROPOLITAN NORTH WEST REGION,RESEARCH,2017,6,June
144.97483056157708,-37.80550660321599,3459013,20/6/2017,15.30.00,No,Collision with vehicle,Tuesday,VEHICLE STRIKES DOOR OF PARKED/STATIONARY VEHICLE,Day,144.97483,-37.80551,YARRA,METROPOLITAN NORTH WEST REGION,2,1,0,0,1,1,0,2,1,0,1,0,0,0,0,0,0,0,0,0,No,0,2,0,1,0,0,MELB_URBAN,MELB_URBAN,YARRA,METROPOLITAN NORTH WEST REGION,FITZROY,2017,6,June
145.27881483014053,-37.853727600612466,3459024,16/9/2017,13.00.00,No,No collision and no object struck,Saturday,OUT OF CONTROL ON CARRIAGEWAY (ON BEND),Day,145.27881000000005,-37.85373,KNOX,METROPOLITAN SOUTH EAST REGION,1,1,0,1,0,0,1,0,1,0,0,0,0,0,0,0,1,0,0,0,No,0,1,0,0,0,0,MELB_URBAN,MELB_URBAN,KNOX,METROPOLITAN SOUTH EAST REGION,BAYSWATER,2017,9,September
144.97692285052884,-37.840619371673476,3459025,14/9/2017,11.15.00,No,No collision and no object struck,Wednesday,OFF CARRIAGEWAY TO LEFT,Unk.,144.97692,-37.84062,PORT PHILLIP,METROPOLITAN NORTH WEST REGION,2,1,0,0,1,1,1,0,1,0,0,0,0,0,1,0,0,0,0,0,No,0,2,0,0,0,0,MELB_URBAN,MELB_URBAN,PORT PHILLIP,METROPOLITAN NORTH WEST REGION,MELBOURNE,2017,9,September
142.00848033176518,-37.766170017713506,3459031,22/9/2017,16.00.00,Yes,Collision with vehicle,Friday,LANE SIDE SWIPE (VEHICLES IN PARALLEL LANES),Day,142.00848,-37.76617,SOUTHERN GRAMPIANS,SOUTH WESTERN REGION,2,1,0,0,1,1,2,0,1,0,1,0,0,0,0,0,0,0,0,0,No,0,2,0,1,0,0,RURAL_VICTORIA,RURAL_VICTORIA,SOUTHERN GRAMPIANS,SOUTH WESTERN REGION,HAMILTON,2017,9,September
145.00469794274107,-37.840590656870454,3459038,22/9/2017,13.30.00,No,Collision with vehicle,Friday,LEFT THROUGH,Day,145.0047,-37.84059,STONNINGTON,METROPOLITAN SOUTH EAST REGION,2,1,0,0,1,1,2,0,1,0,1,0,0,0,0,0,0,0,0,0,No,1,2,0,1,0,0,MELB_URBAN,MELB_URBAN,STONNINGTON,METROPOLITAN SOUTH EAST REGION,TOORAK,2017,9,September
144.98804075501675,-37.76797622267013,3459041,29/9/2017,01.07.00,Yes,Collision with vehicle,Thursday,HEAD ON (NOT OVERTAKING),Dark Street lights on,144.98803999999996,-37.76798,DAREBIN,METROPOLITAN NORTH WEST REGION,2,1,0,1,0,1,2,0,1,0,1,0,0,0,0,0,0,0,0,0,No,0,2,0,1,0,0,MELB_URBAN,MELB_URBAN,DAREBIN,METROPOLITAN NORTH WEST REGION,NORTHCOTE,2017,9,September
144.87888202526906,-37.78908387378414,3459066,22/8/2017,14.30.00,No,Collision with vehicle,Monday,RIGHT THROUGH,Day,144.87888,-37.78908,MARIBYRNONG,METROPOLITAN NORTH WEST REGION,2,1,0,0,1,1,1,0,1,0,0,0,0,0,1,0,0,0,0,0,No,0,2,0,0,0,0,MELB_URBAN,MELB_URBAN,MARIBYRNONG,METROPOLITAN NORTH WEST REGION,MAIDSTONE,2017,8,August
145.19025695563954,-38.241280607679435,3459084,23/9/2017,07.54.00,Yes,Struck animal,Saturday,STRUCK ANIMAL,Day,145.19026000000005,-38.241279999999996,MORNINGTON PENINSULA,METROPOLITAN SOUTH EAST REGION,1,1,0,0,1,0,0,0,1,0,0,0,0,0,0,0,0,0,0,0,No,0,1,0,0,0,0,RURAL_VICTORIA,RURAL_VICTORIA,MORNINGTON PENINSULA,METROPOLITAN SOUTH EAST REGION,SOMERVILLE,2017,9,September
144.93434043540572,-37.7885674644016,3459095,28/9/2017,18.10.00,Yes,Collision with vehicle,Thursday,RIGHT THROUGH,Day,144.93434,-37.78857,MELBOURNE,METROPOLITAN NORTH WEST REGION,2,1,0,0,1,1,2,0,1,0,1,0,0,0,0,0,0,0,0,0,No,0,2,0,1,0,0,MELB_URBAN,MELB_URBAN,"MOONEE VALLEY,MELBOURNE",METROPOLITAN NORTH WEST REGION,KENSINGTON,2017,9,September
144.93887148144324,-37.79543262950058,3459103,28/9/2017,07.15.00,No,Collision with vehicle,Thursday,LANE SIDE SWIPE (VEHICLES IN PARALLEL LANES),Day,144.93887,-37.795429999999996,MELBOURNE,METROPOLITAN NORTH WEST REGION,2,1,0,0,1,1,0,1,1,0,0,0,0,0,1,0,0,0,0,0,No,0,2,0,0,0,0,MELB_URBAN,MELB_URBAN,MELBOURNE,METROPOLITAN NORTH WEST REGION,NORTH MELBOURNE,2017,9,September
144.96030761863096,-37.84405671525096,3459104,30/9/2017,08.45.00,No,Collision with vehicle,Saturday,LEFT NEAR (INTERSECTIONS ONLY),Day,144.96031000000005,-37.84406,PORT PHILLIP,METROPOLITAN NORTH WEST REGION,2,1,0,1,0,1,0,2,1,0,1,0,0,0,0,0,0,0,0,0,No,0,2,0,1,0,0,MELB_URBAN,MELB_URBAN,PORT PHILLIP,METROPOLITAN NORTH WEST REGION,MIDDLE PARK,2017,9,September
144.99761566132287,-37.82744951667564,3459141,23/9/2017,11.30.00,No,No collision and no object struck,Saturday,OUT OF CONTROL ON CARRIAGEWAY (ON STRAIGHT),Day,144.99761999999996,-37.82745,YARRA,METROPOLITAN NORTH WEST REGION,2,1,0,0,1,1,0,1,1,0,0,0,0,0,1,0,0,0,0,0,No,0,2,0,0,0,0,MELB_URBAN,MELB_URBAN,YARRA,METROPOLITAN NORTH WEST REGION,RICHMOND,2017,9,September
144.9676967788902,-37.80506276124694,3459147,30/9/2017,13.18.00,No,Collision with vehicle,Saturday,LEFT TURN SIDESWIPE,Day,144.9677,-37.80506,MELBOURNE,METROPOLITAN NORTH WEST REGION,2,1,0,0,1,1,1,1,1,0,1,0,0,0,0,0,0,0,0,0,No,0,2,1,0,0,0,MELB_URBAN,MELB_URBAN,MELBOURNE,METROPOLITAN NORTH WEST REGION,CARLTON,2017,9,September
145.11361044639645,-38.0473998779881,3459152,30/9/2017,19.00.00,Yes,Collision with vehicle,Saturday,VEHICLE STRIKES ANOTHER VEH WHILE EMERGING FROM DRIVEWAY,Dark Street lights on,145.11361000000005,-38.0474,KINGSTON,METROPOLITAN SOUTH EAST REGION,2,1,0,1,0,1,1,1,1,0,1,0,0,0,0,0,0,0,0,0,No,0,2,0,1,0,0,MELB_URBAN,MELB_URBAN,KINGSTON,METROPOLITAN SOUTH EAST REGION,CHELSEA,2017,9,September
145.062462074981,-37.77107881500348,3459160,10/9/2017,09.09.00,No,Collision with vehicle,,LEFT NEAR (INTERSECTIONS ONLY),Day,145.06246000000004,-37.77108,BANYULE,METROPOLITAN NORTH WEST REGION,2,1,0,0,1,1,1,1,1,0,1,0,0,0,0,0,0,0,0,0,No,0,2,0,1,0,0,MELB_URBAN,MELB_URBAN,BANYULE,METROPOLITAN NORTH WEST REGION,IVANHOE EAST,2017,9,September
145.119674286788,-38.06430959132569,3459208,1/10/2017,08.50.00,Yes,Other accident,Sunday,OTHER ACCIDENTS-OFF STRAIGHT NOT INCLUDED IN DCAs 170-175,Day,145.11966999999999,-38.06431,KINGSTON,METROPOLITAN SOUTH EAST REGION,3,1,0,1,0,2,3,0,1,1,1,0,0,0,0,0,0,0,0,0,No,0,2,0,1,0,0,MELB_URBAN,MELB_URBAN,KINGSTON,METROPOLITAN SOUTH EAST REGION,BONBEACH,2017,10,October
144.95532227704538,-37.80846574287409,3459212,3/9/2017,22.00.00,Yes,Collision with vehicle,Sunday,REAR END(VEHICLES IN SAME LANE),Dark Street lights on,144.95532,-37.80847,MELBOURNE,METROPOLITAN NORTH WEST REGION,2,1,0,0,1,1,1,0,1,0,0,0,0,0,1,0,0,0,0,0,No,0,2,0,0,0,0,MELB_URBAN,MELB_URBAN,MELBOURNE,METROPOLITAN NORTH WEST REGION,WEST MELBOURNE,2017,9,September
144.96064638081018,-37.80877104807504,3459217,10/9/2017,20.31.00,Yes,Collision with vehicle,Sunday,VEHICLE STRIKES DOOR OF PARKED/STATIONARY VEHICLE,Dark Street lights on,144.96065,-37.80877,MELBOURNE,METROPOLITAN NORTH WEST REGION,2,1,0,1,0,1,2,0,1,0,1,0,0,0,0,0,0,0,0,0,No,0,2,0,1,0,0,MELB_URBAN,MELB_URBAN,MELBOURNE,METROPOLITAN NORTH WEST REGION,MELBOURNE,2017,9,September
145.39318996058353,-37.87065846805128,3459222,17/9/2017,15.25.00,No,Collision with vehicle,Sunday,REAR END(VEHICLES IN SAME LANE),Day,145.39319,-37.87066,YARRA RANGES,METROPOLITAN SOUTH EAST REGION,3,1,0,0,1,2,2,1,1,1,1,0,0,0,0,0,0,0,0,0,No,0,2,0,1,0,0,MELB_URBAN,MELB_URBAN,YARRA RANGES,METROPOLITAN SOUTH EAST REGION,OLINDA,2017,9,September
144.98905048497284,-37.79945200120333,3459234,12/9/2017,21.50.00,Yes,Collision with vehicle,Tuesday,RIGHT THROUGH,Dark Street lights unknown,144.98905,-37.79945,YARRA,METROPOLITAN NORTH WEST REGION,2,1,0,0,1,1,1,0,1,0,1,0,0,0,0,0,0,0,0,0,No,0,2,0,1,0,0,MELB_URBAN,MELB_URBAN,YARRA,METROPOLITAN NORTH WEST REGION,COLLINGWOOD,2017,9,September
144.34380070658278,-38.06480628656606,3459253,1/10/2017,19.17.00,No,Collision with vehicle,,OTHER SAME DIRECTION-MANOUEVRES NOT INCLUDED IN DCAs 130-137,Dusk/Dawn,144.3438,-38.064809999999994,GEELONG,SOUTH WESTERN REGION,3,1,0,1,0,2,0,1,1,0,0,0,0,0,2,0,1,0,0,0,No,0,2,0,0,0,0,LARGE_PROVINCIAL_CITIES,"RURAL_VICTORIA,LARGE_PROVINCIAL_CITIES",GEELONG,SOUTH WESTERN REGION,CORIO,2017,10,October
145.00327216518812,-37.82183840828127,3459270,11/9/2017,15.00.00,No,Collision with vehicle,Monday,VEHICLE OFF FOOTPATH STRIKES VEH ON CARRIAGEWAY,Day,145.00327,-37.82184,YARRA,METROPOLITAN NORTH WEST REGION,2,1,0,1,0,1,1,1,1,0,1,0,0,0,0,0,0,0,0,0,No,0,2,0,1,0,0,MELB_URBAN,MELB_URBAN,YARRA,METROPOLITAN NORTH WEST REGION,RICHMOND,2017,9,September
142.1422406831055,-34.17687943135839,3459304,4/9/2017,17.00.00,No,Collision with vehicle,Monday,VEHICLE STRIKES ANOTHER VEH WHILE EMERGING FROM DRIVEWAY,Day,142.14224,-34.17688,MILDURA,WESTERN REGION,2,1,0,0,1,1,1,1,1,0,1,0,0,0,0,0,0,0,0,0,No,0,2,0,1,0,0,SMALL_CITIES,SMALL_CITIES,MILDURA,WESTERN REGION,MILDURA,2017,9,September
144.97821111108308,-37.79981684584384,3459324,6/9/2017,15.40.00,No,No collision and no object struck,Wednesday,OUT OF CONTROL ON CARRIAGEWAY (ON STRAIGHT),Day,144.97821000000005,-37.799820000000004,YARRA,METROPOLITAN NORTH WEST REGION,2,1,0,1,0,1,1,1,1,0,1,0,0,0,0,0,0,0,0,0,No,0,2,0,1,0,0,MELB_URBAN,MELB_URBAN,YARRA,METROPOLITAN NORTH WEST REGION,FITZROY,2017,9,September
144.9968986280972,-37.81833397445389,3459356,4/9/2017,17.15.00,No,Collision with vehicle,Monday,RIGHT NEAR (INTERSECTIONS ONLY),Dusk/Dawn,144.9969,-37.818329999999996,YARRA,METROPOLITAN NORTH WEST REGION,2,1,0,0,1,1,0,1,1,0,1,0,0,0,0,0,0,0,0,1,No,0,2,0,1,0,0,MELB_URBAN,MELB_URBAN,YARRA,METROPOLITAN NORTH WEST REGION,RICHMOND,2017,9,September
145.01138486962083,-37.87856435458921,3459357,5/9/2017,07.35.00,No,Collision with vehicle,Tuesday,LEFT NEAR (INTERSECTIONS ONLY),Day,145.01138,-37.87856,GLEN EIRA,METROPOLITAN SOUTH EAST REGION,2,1,0,0,1,1,1,1,1,0,1,0,0,0,0,0,0,0,0,0,No,0,2,0,1,0,0,MELB_URBAN,MELB_URBAN,GLEN EIRA,METROPOLITAN SOUTH EAST REGION,CAULFIELD NORTH,2017,9,September