X,Y,OBJECTID,ACCIDENT_DATE,ACCIDENT_TIME,ALCOHOLTIME,ACCIDENT_TYPE,DAY_OF_WEEK,DCA_CODE,LIGHT_CONDITION,LONGITUDE,LATITUDE,LGA_NAME,REGION_NAME,TOTAL_PERSONS,INJ_OR_FATAL,FATALITY,SERIOUSINJURY,OTHERINJURY,NONINJURED,MALES,FEMALES,BICYCLIST,PASSENGER,DRIVER,PEDESTRIAN,PILLION,MOTORIST,UNKNOWN,PED_CYCLIST_5_12,PED_CYCLIST_13_18,OLD_PEDESTRIAN,OLD_DRIVER,YOUNG_DRIVER,ALCOHOL_RELATED,UNLICENCSED,NO_OF_VEHICLES,HEAVYVEHICLE,PASSENGERVEHICLE,MOTORCYCLE,PUBLICVEHICLE,DEG_URBAN_NAME,DEG_URBAN_ALL,LGA_NAME_ALL,REGION_NAME_ALL,Suburb,Year,Month,Month_name
145.0253663984374,-37.782855450659596,3459369,31/8/2017,05.50.00,Yes,Collision with vehicle,Thursday,VEHICLE STRIKES ANOTHER VEH WHILE EMERGING FROM DRIVEWAY,Dark Street lights on,145.02537,-37.78286,YARRA,METROPOLITAN NORTH WEST REGION,2,1,0,1,0,1,1,1,1,0,1,0,0,0,0,0,0,0,0,0,No,0,2,0,1,0,0,MELB_URBAN,MELB_URBAN,YARRA,METROPOLITAN NORTH WEST REGION,ALPHINGTON,2017,8,August
145.0746228349173,-37.81765290123543,3459374,12/9/2017,08.00.00,No,Collision with vehicle,Tuesday,RIGHT THROUGH,Day,145.07461999999995,-37.81765,BOROONDARA,METROPOLITAN SOUTH EAST REGION,2,1,0,1,0,1,2,0,1,0,1,0,0,0,0,0,0,0,0,1,No,0,2,0,1,0,0,MELB_URBAN,MELB_URBAN,BOROONDARA,METROPOLITAN SOUTH EAST REGION,CANTERBURY,2017,9,September
144.986244239391,-37.805599924864175,3459387,19/9/2017,08.38.00,No,Collision with vehicle,Tuesday,RIGHT THROUGH,Day,144.98623999999995,-37.8056,YARRA,METROPOLITAN NORTH WEST REGION,2,1,0,0,1,1,2,0,1,0,1,0,0,0,0,0,0,0,0,0,No,0,2,0,1,0,0,MELB_URBAN,MELB_URBAN,YARRA,METROPOLITAN NORTH WEST REGION,COLLINGWOOD,2017,9,September
144.94795714125064,-37.794202285678814,3459396,13/9/2017,16.45.00,No,Collision with vehicle,Wednesday,VEHICLE STRIKES DOOR OF PARKED/STATIONARY VEHICLE,Day,144.94796000000005,-37.7942,MELBOURNE,METROPOLITAN NORTH WEST REGION,2,2,0,0,2,0,0,2,1,0,1,0,0,0,0,0,0,0,0,1,No,0,2,0,1,0,0,MELB_URBAN,MELB_URBAN,MELBOURNE,METROPOLITAN NORTH WEST REGION,NORTH MELBOURNE,2017,9,September
144.95226061278603,-37.79720298326259,3459417,12/9/2017,07.30.00,No,Collision with vehicle,Tuesday,LEFT TURN SIDESWIPE,Day,144.95226,-37.7972,MELBOURNE,METROPOLITAN NORTH WEST REGION,2,1,0,0,1,1,2,0,1,0,1,0,0,0,0,0,0,0,0,0,No,0,2,0,1,0,0,MELB_URBAN,MELB_URBAN,MELBOURNE,METROPOLITAN NORTH WEST REGION,PARKVILLE,2017,9,September
144.65888518270503,-38.26853814892625,3459422,11/9/2017,16.00.00,No,Collision with vehicle,Monday,RIGHT FAR (INTERSECTIONS ONLY),Day,144.65888999999999,-38.26854,QUEENSCLIFFE,SOUTH WESTERN REGION,2,1,0,1,0,1,2,0,1,0,1,0,0,0,0,0,0,0,0,0,No,0,2,0,1,0,0,TOWNS,TOWNS,QUEENSCLIFFE,SOUTH WESTERN REGION,QUEENSCLIFF,2017,9,September
144.9756104880642,-37.805587035045,3459424,12/9/2017,12.22.00,No,Collision with vehicle,Tuesday,VEHICLE STRIKES DOOR OF PARKED/STATIONARY VEHICLE,Day,144.97561000000005,-37.80559,YARRA,METROPOLITAN NORTH WEST REGION,3,1,0,0,1,2,1,2,1,0,2,0,0,0,0,0,0,0,0,0,No,0,3,0,2,0,0,MELB_URBAN,MELB_URBAN,YARRA,METROPOLITAN NORTH WEST REGION,FITZROY,2017,9,September
144.975809833251,-37.76232091418042,3459430,18/9/2017,07.20.00,Yes,Collision with vehicle,Sunday,VEHICLE STRIKES DOOR OF PARKED/STATIONARY VEHICLE,Day,144.97581,-37.76232,MORELAND,METROPOLITAN NORTH WEST REGION,2,1,0,0,1,1,2,0,1,0,1,0,0,0,0,0,0,0,0,0,No,0,2,0,1,0,0,MELB_URBAN,MELB_URBAN,MORELAND,METROPOLITAN NORTH WEST REGION,BRUNSWICK EAST,2017,9,September
145.05466054448127,-38.24849866815176,3459437,19/9/2017,15.55.00,No,Collision with vehicle,Monday,VEHICLE STRIKES ANOTHER VEH WHILE EMERGING FROM DRIVEWAY,Day,145.05466,-38.2485,MORNINGTON PENINSULA,METROPOLITAN SOUTH EAST REGION,2,1,0,0,1,1,1,1,1,0,1,0,0,0,0,0,1,0,0,0,No,0,2,0,1,0,0,MELB_URBAN,MELB_URBAN,MORNINGTON PENINSULA,METROPOLITAN SOUTH EAST REGION,MOUNT MARTHA,2017,9,September
144.95462189626596,-37.81781412508285,3459438,19/9/2017,16.45.00,No,Collision with vehicle,Tuesday,VEHICLE STRIKES ANOTHER VEH WHILE EMERGING FROM DRIVEWAY,Day,144.95462,-37.817809999999994,MELBOURNE,METROPOLITAN NORTH WEST REGION,2,1,0,1,0,1,1,1,1,0,1,0,0,0,0,0,0,0,0,0,No,0,2,0,1,0,0,MELBOURNE_CBD,MELBOURNE_CBD,MELBOURNE,METROPOLITAN NORTH WEST REGION,MELBOURNE,2017,9,September
144.8662201143609,-37.728346867263646,3459439,19/9/2017,17.25.00,No,Collision with vehicle,Tuesday,REAR END(VEHICLES IN SAME LANE),Dusk/Dawn,144.86622,-37.72835,MOONEE VALLEY,METROPOLITAN NORTH WEST REGION,2,1,0,1,0,1,2,0,1,0,1,0,0,0,0,0,0,0,0,1,No,0,2,0,1,0,0,MELB_URBAN,MELB_URBAN,MOONEE VALLEY,METROPOLITAN NORTH WEST REGION,AIRPORT WEST,2017,9,September
142.14875296023442,-34.18824666774231,3459443,26/9/2017,08.05.00,No,Collision with vehicle,Tuesday,CROSS TRAFFIC(INTERSECTIONS ONLY),Day,142.14875,-34.18825,MILDURA,WESTERN REGION,2,1,0,0,1,1,0,2,1,0,1,0,0,0,0,0,0,0,0,0,No,0,2,0,1,0,0,SMALL_CITIES,SMALL_CITIES,MILDURA,WESTERN REGION,MILDURA,2017,9,September
145.01621780910816,-37.75047689792564,3459444,26/9/2017,08.40.00,No,Collision with vehicle,Tuesday,CROSS TRAFFIC(INTERSECTIONS ONLY),Day,145.01622,-37.750479999999996,DAREBIN,METROPOLITAN NORTH WEST REGION,2,1,0,0,1,1,0,2,1,0,1,0,0,0,0,0,0,0,0,0,No,0,2,0,1,0,0,MELB_URBAN,MELB_URBAN,DAREBIN,METROPOLITAN NORTH WEST REGION,PRESTON,2017,9,September
144.9646600673989,-37.775159589934454,3459445,20/9/2017,15.47.00,No,Collision with vehicle,Wednesday,VEHICLE STRIKES DOOR OF PARKED/STATIONARY VEHICLE,Day,144.96466,-37.77516,MORELAND,METROPOLITAN NORTH WEST REGION,2,1,0,0,1,1,2,0,1,0,1,0,0,0,0,0,0,0,0,0,No,0,2,0,1,0,0,MELB_URBAN,MELB_URBAN,MORELAND,METROPOLITAN NORTH WEST REGION,BRUNSWICK,2017,9,September
144.95572691010582,-37.81638456458587,3459453,26/9/2017,12.00.00,No,Collision with vehicle,Tuesday,RIGHT THROUGH,Day,144.95573000000005,-37.81638,MELBOURNE,METROPOLITAN NORTH WEST REGION,2,1,0,0,1,1,2,0,1,0,1,0,0,0,0,0,0,0,1,0,No,0,2,0,1,0,0,MELBOURNE_CBD,MELBOURNE_CBD,MELBOURNE,METROPOLITAN NORTH WEST REGION,MELBOURNE,2017,9,September
145.36927243881186,-38.02645183867333,3459459,6/9/2017,06.00.00,Yes,Collision with vehicle,Tuesday,LANE SIDE SWIPE (VEHICLES IN PARALLEL LANES),Dusk/Dawn,145.36927,-38.02645,CASEY,METROPOLITAN SOUTH EAST REGION,2,1,0,0,1,1,1,1,1,0,1,0,0,0,0,0,0,0,0,0,No,0,2,0,1,0,0,RURAL_VICTORIA,RURAL_VICTORIA,CASEY,METROPOLITAN SOUTH EAST REGION,BERWICK,2017,9,September
145.00971769028087,-37.78363287405927,3459464,6/9/2017,08.35.00,No,Collision with vehicle,Wednesday,VEHICLE STRIKES ANOTHER VEH WHILE EMERGING FROM DRIVEWAY,Day,145.00972,-37.78363,DAREBIN,METROPOLITAN NORTH WEST REGION,2,1,0,0,1,1,2,0,1,0,1,0,0,0,0,0,0,0,0,0,No,1,2,0,1,0,0,MELB_URBAN,MELB_URBAN,DAREBIN,METROPOLITAN NORTH WEST REGION,NORTHCOTE,2017,9,September
147.07848925177603,-38.09984376463189,3459469,12/9/2017,15.26.00,No,Collision with vehicle,Tuesday,VEHICLE STRIKES ANOTHER VEH WHILE EMERGING FROM DRIVEWAY,Day,147.07849,-38.09984,WELLINGTON,EASTERN REGION,2,1,0,0,1,1,1,1,1,0,1,0,0,0,0,1,0,0,0,1,No,0,2,0,1,0,0,SMALL_CITIES,SMALL_CITIES,WELLINGTON,"EASTERN REGION,EASTERN REGION",SALE,2017,9,September
144.98550435237303,-37.8645828300016,3459477,3/9/2017,10.00.00,No,No collision and no object struck,,OUT OF CONTROL ON CARRIAGEWAY (ON STRAIGHT),Day,144.9855,-37.86458,PORT PHILLIP,METROPOLITAN NORTH WEST REGION,2,1,0,0,1,1,0,1,1,0,0,0,0,0,1,0,0,0,0,0,No,0,2,0,0,0,0,MELB_URBAN,MELB_URBAN,PORT PHILLIP,METROPOLITAN NORTH WEST REGION,ST KILDA,2017,9,September
144.80407983608774,-37.72834092830514,3459495,26/9/2017,14.42.00,No,Collision with vehicle,Tuesday,VEHICLE STRIKES ANOTHER VEH WHILE EMERGING FROM DRIVEWAY,Day,144.80408,-37.72834,BRIMBANK,METROPOLITAN NORTH WEST REGION,2,1,0,1,0,1,2,0,1,0,1,0,0,0,0,0,1,0,0,0,No,0,2,0,1,0,0,MELB_URBAN,MELB_URBAN,BRIMBANK,METROPOLITAN NORTH WEST REGION,KEILOR DOWNS,2017,9,September
145.01091067063638,-37.71195935387191,3459503,26/9/2017,17.30.00,No,Collision with vehicle,Tuesday,VEHICLE OFF FOOTPATH STRIKES VEH ON CARRIAGEWAY,Day,145.01091,-37.71196,DAREBIN,METROPOLITAN NORTH WEST REGION,2,1,0,1,0,1,1,1,1,0,1,0,0,0,0,0,0,0,0,0,No,0,2,0,1,0,0,MELB_URBAN,MELB_URBAN,DAREBIN,METROPOLITAN NORTH WEST REGION,RESERVOIR,2017,9,September
144.95597225409753,-37.800590596836095,3459506,23/9/2017,13.30.00,No,Collision with vehicle,Saturday,LANE CHANGE LEFT (NOT OVERTAKING),Day,144.95597,-37.80059,MELBOURNE,METROPOLITAN NORTH WEST REGION,2,1,0,0,1,1,1,1,1,0,1,0,0,0,0,0,0,0,0,0,No,0,2,0,1,0,0,MELB_URBAN,MELB_URBAN,MELBOURNE,METROPOLITAN NORTH WEST REGION,NORTH MELBOURNE,2017,9,September
144.78805578866402,-37.76060665335198,3459532,13/9/2017,15.30.00,No,Collision with vehicle,Tuesday,VEHICLE OFF FOOTPATH STRIKES VEH ON CARRIAGEWAY,Day,144.78806,-37.76061,BRIMBANK,METROPOLITAN NORTH WEST REGION,2,1,0,0,1,1,1,1,1,0,1,0,0,0,0,1,0,0,0,0,No,0,2,0,1,0,0,MELB_URBAN,MELB_URBAN,BRIMBANK,METROPOLITAN NORTH WEST REGION,CAIRNLEA,2017,9,September
144.9972006936679,-37.80297011588421,3459536,20/9/2017,08.00.00,No,Collision with vehicle,Wednesday,RIGHT THROUGH,Day,144.9972,-37.80297,YARRA,METROPOLITAN NORTH WEST REGION,2,1,0,0,1,1,0,2,1,0,1,0,0,0,0,0,0,0,0,0,No,0,2,0,1,0,0,MELB_URBAN,MELB_URBAN,YARRA,METROPOLITAN NORTH WEST REGION,ABBOTSFORD,2017,9,September
144.76510475064018,-37.90424069715972,3459537,20/9/2017,08.25.00,No,Collision with vehicle,Tuesday,RIGHT FAR (INTERSECTIONS ONLY),Day,144.7651,-37.90424,WYNDHAM,METROPOLITAN NORTH WEST REGION,2,1,0,0,1,1,2,0,1,0,1,0,0,0,0,0,0,0,0,0,No,0,2,0,1,0,0,MELB_URBAN,MELB_URBAN,WYNDHAM,METROPOLITAN NORTH WEST REGION,POINT COOK,2017,9,September
146.55222787866362,-38.19363031911882,3459563,30/8/2017,23.30.00,Yes,Collision with vehicle,Wednesday,RIGHT NEAR (INTERSECTIONS ONLY),Dark Street lights unknown,146.55223,-38.19363,LATROBE,EASTERN REGION,2,1,0,0,1,1,1,0,1,0,1,0,0,0,0,0,0,0,0,0,No,0,2,0,1,0,0,SMALL_CITIES,SMALL_CITIES,LATROBE,"EASTERN REGION,EASTERN REGION",TRARALGON,2017,8,August
144.99434734235825,-37.845809970272654,3459564,22/8/2017,11.30.00,No,Collision with vehicle,Tuesday,LEFT TURN SIDESWIPE,Day,144.99435,-37.84581,STONNINGTON,METROPOLITAN SOUTH EAST REGION,2,1,0,0,1,1,1,0,1,0,0,0,0,0,1,0,0,0,0,0,No,0,2,0,0,0,0,MELB_URBAN,MELB_URBAN,STONNINGTON,METROPOLITAN SOUTH EAST REGION,SOUTH YARRA,2017,8,August
145.04142841845487,-37.7492298154349,3459580,14/9/2017,08.34.00,No,Collision with vehicle,Thursday,VEHICLE STRIKES DOOR OF PARKED/STATIONARY VEHICLE,Day,145.04143,-37.74923,BANYULE,METROPOLITAN NORTH WEST REGION,3,1,0,1,0,2,2,0,1,1,1,0,0,0,0,0,0,0,0,1,No,0,2,0,1,0,0,MELB_URBAN,MELB_URBAN,BANYULE,METROPOLITAN NORTH WEST REGION,HEIDELBERG WEST,2017,9,September
144.98863833198988,-37.74704035787367,3459595,20/9/2017,18.40.00,Yes,Collision with vehicle,Wednesday,TWO RIGHT TURNING (INTERSECTIONS ONLY),Dark Street lights on,144.98864,-37.74704000000001,DAREBIN,METROPOLITAN NORTH WEST REGION,2,1,0,0,1,1,1,1,1,0,1,0,0,0,0,0,0,0,0,0,No,0,2,0,1,0,0,MELB_URBAN,MELB_URBAN,DAREBIN,METROPOLITAN NORTH WEST REGION,PRESTON,2017,9,September
144.98818145453285,-37.81442277134494,3459601,1/8/2016,17.45.00,Yes,Collision with vehicle,Sunday,CROSS TRAFFIC(INTERSECTIONS ONLY),Dark Street lights unknown,144.98818,-37.81442,MELBOURNE,METROPOLITAN NORTH WEST REGION,2,1,0,0,1,1,1,1,1,0,1,0,0,0,0,0,0,0,0,0,No,0,2,0,1,0,0,MELB_URBAN,MELB_URBAN,MELBOURNE,METROPOLITAN NORTH WEST REGION,EAST MELBOURNE,2016,8,August
144.77298758726778,-37.728946894463036,3459608,27/9/2017,18.12.00,Yes,Collision with vehicle,Tuesday,CROSS TRAFFIC(INTERSECTIONS ONLY),Day,144.77299,-37.72895,BRIMBANK,METROPOLITAN NORTH WEST REGION,3,1,0,0,1,2,3,0,1,1,1,0,0,0,0,0,0,0,0,0,No,0,2,0,1,0,0,MELB_URBAN,MELB_URBAN,BRIMBANK,METROPOLITAN NORTH WEST REGION,KINGS PARK,2017,9,September
144.8414424173679,-37.77289646821479,3459609,27/9/2017,17.26.00,No,Collision with vehicle,Wednesday,CROSS TRAFFIC(INTERSECTIONS ONLY),Day,144.84143999999995,-37.7729,BRIMBANK,METROPOLITAN NORTH WEST REGION,4,1,0,0,1,3,2,2,1,2,1,0,0,0,0,0,0,0,0,0,No,0,2,0,1,0,0,MELB_URBAN,MELB_URBAN,BRIMBANK,METROPOLITAN NORTH WEST REGION,SUNSHINE NORTH,2017,9,September
145.00540703194412,-37.81787968821188,3459623,7/9/2017,17.00.00,No,Collision with vehicle,Thursday,VEHICLE STRIKES DOOR OF PARKED/STATIONARY VEHICLE,Day,145.00541,-37.81788,YARRA,METROPOLITAN NORTH WEST REGION,2,1,0,0,1,1,1,1,1,0,1,0,0,0,0,0,0,0,0,0,No,0,2,0,1,0,0,MELB_URBAN,MELB_URBAN,YARRA,METROPOLITAN NORTH WEST REGION,RICHMOND,2017,9,September
145.1979501520363,-37.85857366984478,3459630,14/9/2017,13.45.00,No,Collision with vehicle,Wednesday,LEFT TURN SIDESWIPE,Day,145.19795,-37.85857,WHITEHORSE,METROPOLITAN SOUTH EAST REGION,2,1,0,0,1,1,1,1,1,0,1,0,0,0,0,0,0,0,0,0,No,0,2,0,1,0,0,MELB_URBAN,MELB_URBAN,WHITEHORSE,METROPOLITAN SOUTH EAST REGION,VERMONT SOUTH,2017,9,September
144.94936256520188,-37.834957334789856,3459635,28/8/2017,18.10.00,Yes,Collision with vehicle,Monday,RIGHT NEAR (INTERSECTIONS ONLY),Dusk/Dawn,144.94936,-37.834959999999995,PORT PHILLIP,METROPOLITAN NORTH WEST REGION,2,1,0,0,1,1,0,1,1,0,1,0,0,0,0,0,0,0,0,0,No,0,2,0,1,0,0,MELB_URBAN,MELB_URBAN,PORT PHILLIP,METROPOLITAN NORTH WEST REGION,PORT MELBOURNE,2017,8,August
144.74329834124092,-37.885762437303065,3459654,27/9/2017,15.30.00,No,Collision with vehicle,Wednesday,VEHICLE OFF FOOTPATH STRIKES VEH ON CARRIAGEWAY,Day,144.7433,-37.88576,WYNDHAM,METROPOLITAN NORTH WEST REGION,2,1,0,0,1,1,1,1,1,0,1,0,0,0,0,0,1,0,0,0,No,0,2,0,1,0,0,MELB_URBAN,MELB_URBAN,WYNDHAM,METROPOLITAN NORTH WEST REGION,POINT COOK,2017,9,September
145.20903021948104,-38.14285029179917,3459664,28/9/2017,05.00.00,Yes,Collision with vehicle,Thursday,RIGHT THROUGH,Dark Street lights on,145.20903,-38.14285,FRANKSTON,METROPOLITAN SOUTH EAST REGION,2,1,0,1,0,1,2,0,1,0,1,0,0,0,0,0,0,0,0,0,No,0,2,0,1,0,0,MELB_URBAN,MELB_URBAN,FRANKSTON,METROPOLITAN SOUTH EAST REGION,LANGWARRIN,2017,9,September
145.00003840130043,-37.81865021238383,3459684,5/9/2017,16.30.00,No,Collision with vehicle,Tuesday,VEHICLE STRIKES DOOR OF PARKED/STATIONARY VEHICLE,Day,145.00003999999996,-37.81865,YARRA,METROPOLITAN NORTH WEST REGION,2,2,0,0,2,0,2,0,1,0,1,0,0,0,0,0,0,0,0,0,No,0,2,0,1,0,0,MELB_URBAN,MELB_URBAN,YARRA,METROPOLITAN NORTH WEST REGION,RICHMOND,2017,9,September
145.1159338928461,-37.917004098073676,3459693,20/9/2017,14.34.00,No,Collision with vehicle,Wednesday,CROSS TRAFFIC(INTERSECTIONS ONLY),Day,145.11593,-37.917,MONASH,METROPOLITAN SOUTH EAST REGION,2,1,0,0,1,1,2,0,1,0,1,0,0,0,0,0,0,0,0,0,No,0,2,0,1,0,0,MELB_URBAN,MELB_URBAN,MONASH,METROPOLITAN SOUTH EAST REGION,CLAYTON,2017,9,September
144.9948895342516,-37.809972793389015,3459707,24/9/2017,01.30.00,Yes,No collision and no object struck,Sunday,OUT OF CONTROL ON CARRIAGEWAY (ON STRAIGHT),Dark Street lights on,144.99489,-37.80997,YARRA,METROPOLITAN NORTH WEST REGION,1,1,0,0,1,0,1,0,1,0,0,0,0,0,0,0,0,0,0,0,No,0,1,0,0,0,0,MELB_URBAN,MELB_URBAN,YARRA,METROPOLITAN NORTH WEST REGION,ABBOTSFORD,2017,9,September
144.9924292668775,-37.76435885049083,3459709,22/9/2017,09.15.00,No,No collision and no object struck,Friday,OUT OF CONTROL ON CARRIAGEWAY (ON STRAIGHT),Day,144.99243,-37.764359999999996,DAREBIN,METROPOLITAN NORTH WEST REGION,3,1,0,0,1,2,0,1,1,1,1,0,0,0,0,0,0,0,0,0,No,0,2,0,1,0,0,MELB_URBAN,MELB_URBAN,DAREBIN,METROPOLITAN NORTH WEST REGION,NORTHCOTE,2017,9,September
145.1604643105686,-37.80752059387584,3459710,28/9/2017,09.35.00,No,Collision with vehicle,Thursday,CROSS TRAFFIC(INTERSECTIONS ONLY),Day,145.16046,-37.807520000000004,WHITEHORSE,METROPOLITAN SOUTH EAST REGION,2,1,0,0,1,1,2,0,1,0,1,0,0,0,0,1,0,0,0,0,No,0,2,0,1,0,0,MELB_URBAN,MELB_URBAN,WHITEHORSE,METROPOLITAN SOUTH EAST REGION,BLACKBURN NORTH,2017,9,September
145.02988901370225,-37.79204952979599,3459712,28/9/2017,09.34.00,No,Collision with vehicle,Wednesday,VEHICLE OFF FOOTPATH STRIKES VEH ON CARRIAGEWAY,Day,145.02989,-37.79205,BOROONDARA,METROPOLITAN SOUTH EAST REGION,2,1,0,1,0,1,2,0,1,0,1,0,0,0,0,0,0,0,0,0,No,0,2,1,0,0,0,MELB_URBAN,MELB_URBAN,BOROONDARA,METROPOLITAN SOUTH EAST REGION,KEW,2017,9,September
145.03990641323654,-37.9112641978606,3459724,8/9/2017,17.30.00,No,Collision with vehicle,Thursday,VEHICLE STRIKES DOOR OF PARKED/STATIONARY VEHICLE,Dusk/Dawn,145.03991000000005,-37.91126,GLEN EIRA,METROPOLITAN SOUTH EAST REGION,2,1,0,0,1,1,2,0,1,0,1,0,0,0,0,0,1,0,0,0,No,0,2,0,1,0,0,MELB_URBAN,MELB_URBAN,GLEN EIRA,METROPOLITAN SOUTH EAST REGION,MCKINNON,2017,9,September
144.99670180287043,-37.780970206155175,3459740,15/9/2017,07.30.00,No,Collision with vehicle,Friday,LANE SIDE SWIPE (VEHICLES IN PARALLEL LANES),Day,144.9967,-37.78097,DAREBIN,METROPOLITAN NORTH WEST REGION,2,1,0,0,1,1,1,1,1,0,1,0,0,0,0,0,1,0,0,0,No,0,2,0,1,0,0,MELB_URBAN,MELB_URBAN,DAREBIN,METROPOLITAN NORTH WEST REGION,NORTHCOTE,2017,9,September
144.2254771514629,-36.758994396682034,3459777,9/9/2017,09.45.00,No,Collision with vehicle,Saturday,LANE SIDE SWIPE (VEHICLES IN PARALLEL LANES),Day,144.22548,-36.758990000000004,BENDIGO,NORTHERN REGION,2,1,0,0,1,1,2,0,1,0,1,0,0,0,0,0,0,0,0,0,No,0,2,0,1,0,0,LARGE_PROVINCIAL_CITIES,"RURAL_VICTORIA,LARGE_PROVINCIAL_CITIES",BENDIGO,NORTHERN REGION,MAIDEN GULLY,2017,9,September
145.0518716853459,-37.98590501298658,3459778,9/9/2017,09.10.00,No,Collision with vehicle,Saturday,LEFT NEAR (INTERSECTIONS ONLY),Day,145.05187,-37.98591,KINGSTON,METROPOLITAN SOUTH EAST REGION,2,1,0,0,1,1,1,1,1,0,1,0,0,0,0,0,0,0,0,0,No,0,2,0,1,0,0,MELB_URBAN,MELB_URBAN,"KINGSTON,BAYSIDE",METROPOLITAN SOUTH EAST REGION,BEAUMARIS,2017,9,September
143.82320855391987,-37.53403156199044,3459783,8/9/2017,13.00.00,No,Collision with vehicle,Friday,VEHICLE STRIKES ANOTHER VEH WHILE EMERGING FROM DRIVEWAY,Day,143.82321000000005,-37.53403,BALLARAT,WESTERN REGION,2,1,0,0,1,1,0,1,1,0,0,0,0,0,1,0,0,0,0,0,No,0,2,0,0,0,0,LARGE_PROVINCIAL_CITIES,LARGE_PROVINCIAL_CITIES,BALLARAT,WESTERN REGION,WENDOUREE,2017,9,September
145.18883032034532,-37.951652803542146,3459803,17/9/2017,18.12.00,Yes,Collision with vehicle,Sunday,VEHICLE STRIKES ANOTHER VEH WHILE EMERGING FROM DRIVEWAY,Day,145.18883,-37.95165,DANDENONG,METROPOLITAN SOUTH EAST REGION,2,1,0,0,1,1,1,0,1,0,0,0,0,0,1,0,1,0,0,0,No,0,2,0,0,0,0,MELB_URBAN,MELB_URBAN,DANDENONG,METROPOLITAN SOUTH EAST REGION,NOBLE PARK NORTH,2017,9,September
144.9614296203479,-37.77110996235314,3459841,25/8/2017,17.55.00,Yes,Collision with vehicle,Friday,ENTERING PARKING,Dark Street lights on,144.96143,-37.77111,MORELAND,METROPOLITAN NORTH WEST REGION,2,1,0,0,1,1,1,1,1,0,1,0,0,0,0,0,0,0,0,0,No,0,2,0,1,0,0,MELB_URBAN,MELB_URBAN,MORELAND,METROPOLITAN NORTH WEST REGION,BRUNSWICK,2017,8,August
144.99741427655857,-37.777236543144454,3459891,25/8/2017,23.20.00,Yes,Collision with vehicle,Friday,VEHICLE COLLIDES WITH VEHICLE PARKED ON LEFT OF ROAD,Dark Street lights on,144.99741,-37.77724,DAREBIN,METROPOLITAN NORTH WEST REGION,1,1,0,1,0,0,1,0,1,0,0,0,0,0,0,0,0,0,0,0,No,0,2,0,1,0,0,MELB_URBAN,MELB_URBAN,DAREBIN,METROPOLITAN NORTH WEST REGION,NORTHCOTE,2017,8,August
144.9648640716114,-37.83175617971186,3459900,30/8/2017,16.30.00,No,Collision with vehicle,Tuesday,CROSS TRAFFIC(INTERSECTIONS ONLY),Unk.,144.96486000000004,-37.831759999999996,PORT PHILLIP,METROPOLITAN NORTH WEST REGION,2,1,0,0,1,1,2,0,1,0,1,0,0,0,0,0,0,0,0,0,No,0,2,0,1,0,0,MELB_URBAN,MELB_URBAN,PORT PHILLIP,METROPOLITAN NORTH WEST REGION,SOUTH MELBOURNE,2017,8,August
145.0101489850379,-37.878415443375,3459908,1/9/2017,15.30.00,No,Collision with vehicle,Friday,RIGHT THROUGH,Day,145.01015,-37.87842,GLEN EIRA,METROPOLITAN SOUTH EAST REGION,2,1,0,0,1,1,1,1,1,0,1,0,0,0,0,0,1,0,0,0,No,0,2,0,1,0,0,MELB_URBAN,MELB_URBAN,GLEN EIRA,METROPOLITAN SOUTH EAST REGION,ELSTERNWICK,2017,9,September
144.95876008938757,-37.85272255857531,3459927,19/8/2017,07.46.00,Yes,Collision with vehicle,Saturday,VEHICLE OFF FOOTPATH STRIKES VEH ON CARRIAGEWAY,Dusk/Dawn,144.95876,-37.85272,PORT PHILLIP,METROPOLITAN NORTH WEST REGION,2,1,0,0,1,1,2,0,1,0,1,0,0,0,0,0,1,0,0,0,No,0,2,0,1,0,0,MELB_URBAN,MELB_URBAN,PORT PHILLIP,METROPOLITAN NORTH WEST REGION,MIDDLE PARK,2017,8,August
145.00341052835955,-37.8629631083819,3459942,26/8/2017,15.56.00,Yes,Collision with vehicle,Saturday,CROSS TRAFFIC(INTERSECTIONS ONLY),Day,145.00341,-37.86296,PORT PHILLIP,METROPOLITAN NORTH WEST REGION,2,1,0,0,1,1,2,0,1,0,1,0,0,0,0,0,0,0,0,0,No,0,2,0,1,0,0,MELB_URBAN,MELB_URBAN,PORT PHILLIP,METROPOLITAN NORTH WEST REGION,ST KILDA EAST,2017,8,August
145.05911999908415,-37.92115999860452,3459945,26/8/2017,11.00.00,No,Collision with vehicle,Friday,REAR END(VEHICLES IN SAME LANE),Day,145.05912,-37.92116,GLEN EIRA,METROPOLITAN SOUTH EAST REGION,2,1,0,0,1,1,0,2,1,0,1,0,0,0,0,0,0,0,0,0,No,0,2,0,1,0,0,MELB_URBAN,MELB_URBAN,GLEN EIRA,METROPOLITAN SOUTH EAST REGION,BENTLEIGH EAST,2017,8,August
144.8300645221606,-37.87056414249262,3459985,20/8/2017,08.30.00,Yes,Collision with vehicle,Sunday,LEFT TURN SIDESWIPE,Day,144.83006,-37.87056,HOBSONS BAY,METROPOLITAN NORTH WEST REGION,2,1,0,0,1,1,2,0,1,1,0,0,0,0,0,0,0,0,0,0,No,0,2,0,1,0,0,MELB_URBAN,MELB_URBAN,HOBSONS BAY,METROPOLITAN NORTH WEST REGION,ALTONA,2017,8,August