X,Y,OBJECTID,ACCIDENT_DATE,ACCIDENT_TIME,ALCOHOLTIME,ACCIDENT_TYPE,DAY_OF_WEEK,DCA_CODE,LIGHT_CONDITION,LONGITUDE,LATITUDE,LGA_NAME,REGION_NAME,TOTAL_PERSONS,INJ_OR_FATAL,FATALITY,SERIOUSINJURY,OTHERINJURY,NONINJURED,MALES,FEMALES,BICYCLIST,PASSENGER,DRIVER,PEDESTRIAN,PILLION,MOTORIST,UNKNOWN,PED_CYCLIST_5_12,PED_CYCLIST_13_18,OLD_PEDESTRIAN,OLD_DRIVER,YOUNG_DRIVER,ALCOHOL_RELATED,UNLICENCSED,NO_OF_VEHICLES,HEAVYVEHICLE,PASSENGERVEHICLE,MOTORCYCLE,PUBLICVEHICLE,DEG_URBAN_NAME,DEG_URBAN_ALL,LGA_NAME_ALL,REGION_NAME_ALL,Suburb,Year,Month,Month_name
145.08014428657307,-37.90887355352304,3459988,20/8/2017,12.15.00,No,Collision with vehicle,Sunday,REAR END(VEHICLES IN SAME LANE),Day,145.08014,-37.90887,GLEN EIRA,METROPOLITAN SOUTH EAST REGION,3,2,0,1,1,1,2,1,2,0,1,0,0,0,0,0,0,0,0,0,Yes,0,3,0,1,0,0,MELB_URBAN,MELB_URBAN,"MONASH,GLEN EIRA",METROPOLITAN SOUTH EAST REGION,HUGHESDALE,2017,8,August
144.9711414041063,-37.7749603342937,3459994,24/8/2017,18.30.00,Yes,Collision with vehicle,Thursday,RIGHT THROUGH,Dark Street lights on,144.97114,-37.77496,MORELAND,METROPOLITAN NORTH WEST REGION,2,1,0,1,0,1,2,0,1,0,1,0,0,0,0,0,0,0,0,0,No,0,2,0,1,0,0,MELB_URBAN,MELB_URBAN,MORELAND,METROPOLITAN NORTH WEST REGION,BRUNSWICK EAST,2017,8,August
144.98401605611974,-37.80043896966496,3460012,1/9/2017,14.00.00,No,No collision and no object struck,Thursday,OUT OF CONTROL ON CARRIAGEWAY (ON STRAIGHT),Day,144.98402,-37.80044,YARRA,METROPOLITAN NORTH WEST REGION,1,1,0,1,0,0,1,0,1,0,0,0,0,0,0,0,0,0,0,0,No,0,1,0,0,0,0,MELB_URBAN,MELB_URBAN,YARRA,METROPOLITAN NORTH WEST REGION,COLLINGWOOD,2017,9,September
145.10989976575308,-38.04092314247894,3460016,13/8/2017,10.30.00,No,Collision with vehicle,Sunday,VEHICLE COLLIDES WITH VEHICLE PARKED ON LEFT OF ROAD,Day,145.1099,-38.04092,KINGSTON,METROPOLITAN SOUTH EAST REGION,2,1,0,1,0,1,1,1,1,0,0,0,0,0,1,0,0,0,0,0,No,0,2,0,1,0,0,MELB_URBAN,MELB_URBAN,KINGSTON,METROPOLITAN SOUTH EAST REGION,EDITHVALE,2017,8,August
145.2172828348363,-37.78069368958332,3460019,13/8/2017,09.26.00,Yes,Collision with vehicle,Sunday,CROSS TRAFFIC(INTERSECTIONS ONLY),Day,145.21728000000004,-37.78069,MANNINGHAM,METROPOLITAN SOUTH EAST REGION,2,1,0,0,1,1,2,0,1,0,1,0,0,0,0,0,0,0,0,0,No,0,2,0,1,0,0,MELB_URBAN,MELB_URBAN,MANNINGHAM,METROPOLITAN SOUTH EAST REGION,PARK ORCHARDS,2017,8,August
145.15336620012954,-37.70469033870787,3460020,13/8/2017,12.20.00,No,Collision with vehicle,Sunday,LANE SIDE SWIPE (VEHICLES IN PARALLEL LANES),Day,145.15337,-37.70469,NILLUMBIK,METROPOLITAN NORTH WEST REGION,6,2,0,0,2,4,4,1,2,3,1,0,0,0,0,0,0,0,0,0,No,0,3,0,1,0,0,MELB_URBAN,MELB_URBAN,NILLUMBIK,METROPOLITAN NORTH WEST REGION,ELTHAM,2017,8,August
144.7575935665129,-37.89687133730355,3460021,13/8/2017,10.16.00,No,Collision with vehicle,Sunday,LEFT TURN SIDESWIPE,Day,144.75759,-37.89687,WYNDHAM,METROPOLITAN NORTH WEST REGION,2,1,0,0,1,1,1,1,1,0,1,0,0,0,0,0,0,0,0,0,No,0,2,0,1,0,0,MELB_URBAN,MELB_URBAN,WYNDHAM,METROPOLITAN NORTH WEST REGION,POINT COOK,2017,8,August
145.18078041288342,-37.70562704481196,3460022,13/8/2017,12.18.00,No,Collision with vehicle,Sunday,U TURN,Day,145.18078,-37.70563,NILLUMBIK,METROPOLITAN NORTH WEST REGION,2,1,0,0,1,1,2,0,1,0,1,0,0,0,0,0,0,0,1,0,No,0,2,0,1,0,0,MELB_URBAN,MELB_URBAN,NILLUMBIK,METROPOLITAN NORTH WEST REGION,RESEARCH,2017,8,August
144.95392139298437,-37.812466237262534,3460029,20/8/2017,13.05.00,No,Collision with vehicle,Sunday,LEFT TURN SIDESWIPE,Day,144.95391999999995,-37.81247000000001,MELBOURNE,METROPOLITAN NORTH WEST REGION,3,1,0,0,1,2,1,2,1,1,1,0,0,0,0,0,0,0,0,0,No,0,2,0,1,0,0,MELBOURNE_CBD,"MELBOURNE_CBD,MELB_URBAN",MELBOURNE,METROPOLITAN NORTH WEST REGION,MELBOURNE,2017,8,August
144.99408618744474,-37.79414960046515,3460061,4/9/2017,08.00.00,No,Collision with vehicle,Monday,RIGHT THROUGH,Day,144.99409,-37.79415,YARRA,METROPOLITAN NORTH WEST REGION,2,1,0,0,1,1,1,1,1,0,1,0,0,0,0,0,0,0,0,0,No,0,2,0,1,0,0,MELB_URBAN,MELB_URBAN,YARRA,METROPOLITAN NORTH WEST REGION,CLIFTON HILL,2017,9,September
145.14568840017037,-38.07074281058684,3460062,1/9/2017,07.20.00,No,Collision with vehicle,Friday,OTHER ADJACENT (INTERSECTIONS ONLY),Day,145.14569,-38.07074,KINGSTON,METROPOLITAN SOUTH EAST REGION,2,2,0,0,2,0,2,0,1,0,1,0,0,0,0,0,0,0,0,1,No,0,2,0,1,0,0,MELB_URBAN,MELB_URBAN,KINGSTON,METROPOLITAN SOUTH EAST REGION,PATTERSON LAKES,2017,9,September
145.03611636044943,-37.92573319528466,3460063,30/8/2017,17.32.00,No,Collision with vehicle,Wednesday,RIGHT THROUGH,Dusk/Dawn,145.03611999999995,-37.92573,GLEN EIRA,METROPOLITAN SOUTH EAST REGION,2,1,0,0,1,1,0,2,1,0,1,0,0,0,0,0,0,0,0,0,No,0,2,0,1,0,0,MELB_URBAN,MELB_URBAN,GLEN EIRA,METROPOLITAN SOUTH EAST REGION,BENTLEIGH,2017,8,August
142.76582242011773,-37.05803052388698,3460064,4/9/2017,12.20.00,No,Collision with vehicle,Monday,VEHICLE COLLIDES WITH VEHICLE PARKED ON LEFT OF ROAD,Day,142.76582,-37.05803,NORTHERN GRAMPIANS,WESTERN REGION,2,1,0,1,0,1,2,0,1,0,0,0,0,0,1,0,0,0,0,0,No,0,2,0,1,0,0,TOWNS,TOWNS,NORTHERN GRAMPIANS,WESTERN REGION,STAWELL,2017,9,September
145.67358118190197,-38.22394278102719,3460075,13/8/2017,13.20.00,No,Collision with vehicle,Sunday,OTHER SAME DIRECTION-MANOUEVRES NOT INCLUDED IN DCAs 130-137,Day,145.67358000000004,-38.22394,CARDINIA,METROPOLITAN SOUTH EAST REGION,4,2,1,0,1,2,4,0,2,1,1,0,0,0,0,0,0,0,0,0,No,0,3,0,1,0,0,RURAL_VICTORIA,RURAL_VICTORIA,CARDINIA,METROPOLITAN SOUTH EAST REGION,YANNATHAN,2017,8,August
144.97506940563932,-37.78491732692669,3460084,20/8/2017,14.15.00,No,Collision with vehicle,Sunday,CROSS TRAFFIC(INTERSECTIONS ONLY),Day,144.97507,-37.78492,YARRA,METROPOLITAN NORTH WEST REGION,2,1,0,0,1,1,2,0,1,0,1,0,0,0,0,0,0,0,0,1,No,0,2,0,1,0,0,MELB_URBAN,MELB_URBAN,YARRA,METROPOLITAN NORTH WEST REGION,CARLTON NORTH,2017,8,August
144.9818113383501,-37.785665930644896,3460100,28/8/2017,08.40.00,Yes,Collision with vehicle,Sunday,RIGHT THROUGH,Day,144.98181,-37.78567,YARRA,METROPOLITAN NORTH WEST REGION,2,1,0,0,1,1,1,1,1,0,1,0,0,0,0,0,0,0,0,1,No,0,2,0,1,0,0,MELB_URBAN,MELB_URBAN,YARRA,METROPOLITAN NORTH WEST REGION,FITZROY NORTH,2017,8,August
144.9717148747556,-37.79046298276885,3460133,21/8/2017,08.10.00,No,Collision with vehicle,Monday,RIGHT THROUGH,Day,144.97171,-37.790459999999996,YARRA,METROPOLITAN NORTH WEST REGION,2,1,0,0,1,1,2,0,1,0,1,0,0,0,0,0,0,0,0,0,No,0,2,0,1,0,0,MELB_URBAN,MELB_URBAN,YARRA,METROPOLITAN NORTH WEST REGION,CARLTON NORTH,2017,8,August
144.96720204675242,-37.81084195395245,3460146,28/8/2017,15.35.00,No,Collision with vehicle,Monday,REAR END(VEHICLES IN SAME LANE),Day,144.9672,-37.81084,MELBOURNE,METROPOLITAN NORTH WEST REGION,2,1,0,0,1,1,1,1,1,0,1,0,0,0,0,0,0,0,0,0,No,0,2,0,1,0,0,MELBOURNE_CBD,MELBOURNE_CBD,MELBOURNE,METROPOLITAN NORTH WEST REGION,MELBOURNE,2017,8,August
144.73785895735068,-38.33973204821453,3460148,28/8/2017,14.42.00,No,Collision with vehicle,Monday,ENTERING PARKING,Day,144.73786,-38.339729999999996,MORNINGTON PENINSULA,METROPOLITAN SOUTH EAST REGION,2,1,0,0,1,1,1,1,1,0,1,0,0,0,0,0,0,0,0,0,No,0,2,0,1,0,0,MELB_URBAN,MELB_URBAN,MORNINGTON PENINSULA,METROPOLITAN SOUTH EAST REGION,SORRENTO,2017,8,August
143.84297216266503,-37.56005646201317,3460150,28/8/2017,16.35.00,Yes,Collision with vehicle,Sunday,CROSS TRAFFIC(INTERSECTIONS ONLY),Day,143.84297,-37.56006,BALLARAT,WESTERN REGION,2,1,0,0,1,1,1,1,1,0,1,0,0,0,0,0,0,0,0,0,No,0,2,0,1,0,0,LARGE_PROVINCIAL_CITIES,LARGE_PROVINCIAL_CITIES,BALLARAT,WESTERN REGION,BALLARAT CENTRAL,2017,8,August
144.9804124284562,-37.78742916707451,3460169,7/8/2017,15.38.00,No,Collision with vehicle,Monday,OTHER ADJACENT (INTERSECTIONS ONLY),Day,144.98041,-37.78743,YARRA,METROPOLITAN NORTH WEST REGION,2,1,0,0,1,1,1,1,1,0,1,0,0,0,0,1,0,0,0,0,No,0,2,0,1,0,0,MELB_URBAN,MELB_URBAN,YARRA,METROPOLITAN NORTH WEST REGION,FITZROY NORTH,2017,8,August
143.00552716019902,-38.16803070433395,3460175,14/8/2017,13.01.00,No,Vehicle overturned (no collision),Monday,OUT OF CONTROL ON CARRIAGEWAY (ON STRAIGHT),Day,143.00553,-38.16803,CORANGAMITE,SOUTH WESTERN REGION,1,1,0,1,0,0,1,0,1,0,0,0,0,0,0,0,0,0,0,0,No,0,1,0,0,0,0,RURAL_VICTORIA,RURAL_VICTORIA,CORANGAMITE,SOUTH WESTERN REGION,GLENORMISTON NORTH,2017,8,August
144.9755643234474,-37.79394045741238,3460179,31/7/2017,19.00.00,Yes,Collision with vehicle,Monday,VEHICLE STRIKES ANOTHER VEH WHILE EMERGING FROM DRIVEWAY,Dark Street lights on,144.97556,-37.79394,MELBOURNE,METROPOLITAN NORTH WEST REGION,2,1,0,0,1,1,1,1,1,0,1,0,0,0,0,0,0,0,0,0,No,0,2,0,1,0,0,MELB_URBAN,MELB_URBAN,"YARRA,MELBOURNE",METROPOLITAN NORTH WEST REGION,CARLTON,2017,7,July
145.04117489689474,-37.85831632316043,3460188,21/8/2017,19.15.00,Yes,Collision with vehicle,Monday,VEHICLE STRIKES DOOR OF PARKED/STATIONARY VEHICLE,Dark Street lights on,145.04117,-37.85832,STONNINGTON,METROPOLITAN SOUTH EAST REGION,2,1,0,0,1,1,1,1,1,0,1,0,0,0,0,0,0,0,0,0,No,0,2,0,1,0,0,MELB_URBAN,MELB_URBAN,STONNINGTON,METROPOLITAN SOUTH EAST REGION,GLEN IRIS,2017,8,August
145.06510992566675,-37.89712474906333,3460204,29/8/2017,06.35.00,No,Collision with vehicle,Monday,RIGHT THROUGH,Day,145.06511,-37.89712,GLEN EIRA,METROPOLITAN SOUTH EAST REGION,2,1,0,1,0,1,2,0,1,0,1,0,0,0,0,0,0,0,0,0,No,0,2,0,1,0,0,MELB_URBAN,MELB_URBAN,GLEN EIRA,METROPOLITAN SOUTH EAST REGION,MURRUMBEENA,2017,8,August
144.94892466499556,-37.75915073828958,3460206,23/8/2017,16.00.00,No,Collision with vehicle,Wednesday,RIGHT NEAR (INTERSECTIONS ONLY),Day,144.94892,-37.75915,MORELAND,METROPOLITAN NORTH WEST REGION,2,2,0,0,2,0,0,2,1,0,1,0,0,0,0,0,0,0,1,0,No,0,2,0,1,0,0,MELB_URBAN,MELB_URBAN,MORELAND,METROPOLITAN NORTH WEST REGION,BRUNSWICK WEST,2017,8,August
144.99672643353563,-37.87250512413391,3460224,14/8/2017,17.39.00,No,Collision with vehicle,Monday,VEHICLE STRIKES DOOR OF PARKED/STATIONARY VEHICLE,Day,144.99673,-37.87251,PORT PHILLIP,METROPOLITAN NORTH WEST REGION,2,1,0,0,1,1,2,0,1,0,1,0,0,0,0,0,0,0,0,0,No,0,2,0,1,0,0,MELB_URBAN,MELB_URBAN,PORT PHILLIP,METROPOLITAN NORTH WEST REGION,BALACLAVA,2017,8,August
144.96246744189963,-37.81274144420009,3460230,14/8/2017,16.46.00,No,Collision with vehicle,Monday,U TURN,Day,144.96247,-37.81274000000001,MELBOURNE,METROPOLITAN NORTH WEST REGION,2,1,0,1,0,1,2,0,1,0,1,0,0,0,0,0,0,0,0,0,No,0,2,0,1,0,0,MELBOURNE_CBD,MELBOURNE_CBD,MELBOURNE,METROPOLITAN NORTH WEST REGION,MELBOURNE,2017,8,August
144.98070771883397,-37.798577357535294,3460239,22/8/2017,10.15.00,No,Collision with vehicle,Tuesday,LANE CHANGE LEFT (NOT OVERTAKING),Day,144.98071000000004,-37.79858,YARRA,METROPOLITAN NORTH WEST REGION,2,1,0,0,1,1,1,1,1,0,1,0,0,0,0,0,0,0,0,0,No,0,2,1,0,0,0,MELB_URBAN,MELB_URBAN,YARRA,METROPOLITAN NORTH WEST REGION,FITZROY,2017,8,August
144.99062435832002,-37.77208198892315,3460246,22/8/2017,10.43.00,No,Collision with vehicle,Tuesday,VEHICLE OFF FOOTPATH STRIKES VEH ON CARRIAGEWAY,Day,144.99062,-37.772079999999995,DAREBIN,METROPOLITAN NORTH WEST REGION,2,1,0,0,1,1,2,0,1,0,1,0,0,0,0,0,0,0,0,1,No,0,2,0,1,0,0,MELB_URBAN,MELB_URBAN,DAREBIN,METROPOLITAN NORTH WEST REGION,NORTHCOTE,2017,8,August
144.9305070278929,-37.79468325469865,3460261,22/8/2017,08.20.00,No,Collision with vehicle,Tuesday,VEHICLE STRIKES DOOR OF PARKED/STATIONARY VEHICLE,Day,144.93051,-37.79468,MELBOURNE,METROPOLITAN NORTH WEST REGION,2,1,0,0,1,1,1,0,1,0,0,0,0,0,1,0,0,0,0,0,No,0,2,0,0,0,0,MELB_URBAN,MELB_URBAN,MELBOURNE,METROPOLITAN NORTH WEST REGION,KENSINGTON,2017,8,August
144.93223621818373,-37.78834250933919,3460266,8/8/2017,17.30.00,No,Collision with vehicle,Tuesday,LEFT TURN SIDESWIPE,Day,144.93223999999995,-37.78834000000001,MELBOURNE,METROPOLITAN NORTH WEST REGION,2,1,0,0,1,1,2,0,1,0,1,0,0,0,0,0,0,0,0,0,No,0,2,0,1,0,0,MELB_URBAN,MELB_URBAN,"MOONEE VALLEY,MELBOURNE",METROPOLITAN NORTH WEST REGION,FLEMINGTON,2017,8,August
145.04384925109218,-37.82879562388713,3460279,15/8/2017,08.30.00,No,Collision with vehicle,Tuesday,RIGHT THROUGH,Day,145.04385,-37.8288,BOROONDARA,METROPOLITAN SOUTH EAST REGION,2,1,0,1,0,1,1,1,1,0,1,0,0,0,0,0,0,0,0,0,No,0,2,0,1,0,0,MELB_URBAN,MELB_URBAN,BOROONDARA,METROPOLITAN SOUTH EAST REGION,HAWTHORN,2017,8,August
144.99519779723963,-37.78714676956965,3460293,22/8/2017,18.27.00,Yes,Collision with vehicle,Monday,OTHER SAME DIRECTION-MANOUEVRES NOT INCLUDED IN DCAs 130-137,Dark Street lights on,144.9952,-37.78715,YARRA,METROPOLITAN NORTH WEST REGION,2,1,0,0,1,1,0,2,1,0,1,0,0,0,0,0,0,0,0,0,No,0,2,0,1,0,0,MELB_URBAN,MELB_URBAN,YARRA,METROPOLITAN NORTH WEST REGION,FITZROY NORTH,2017,8,August
145.03495953285747,-37.794833548014545,3460300,23/8/2017,07.56.00,No,Collision with vehicle,Wednesday,CROSS TRAFFIC(INTERSECTIONS ONLY),Day,145.03496,-37.79483,BOROONDARA,METROPOLITAN SOUTH EAST REGION,2,1,0,1,0,1,2,0,1,0,1,0,0,0,0,0,0,0,0,1,No,0,2,0,1,0,0,MELB_URBAN,MELB_URBAN,BOROONDARA,METROPOLITAN SOUTH EAST REGION,KEW,2017,8,August
145.12765452780306,-37.91866049003468,3460309,29/8/2017,08.15.00,No,Collision with vehicle,Tuesday,VEHICLE OFF FOOTPATH STRIKES VEH ON CARRIAGEWAY,Day,145.12765,-37.918659999999996,MONASH,METROPOLITAN SOUTH EAST REGION,2,1,0,0,1,1,1,1,1,0,1,0,0,0,0,0,1,0,0,0,No,0,2,0,1,0,0,MELB_URBAN,MELB_URBAN,MONASH,METROPOLITAN SOUTH EAST REGION,CLAYTON,2017,8,August
145.04360887027832,-37.86987993332277,3460310,30/8/2017,09.13.00,No,Collision with vehicle,Wednesday,VEHICLE STRIKES DOOR OF PARKED/STATIONARY VEHICLE,Day,145.04361,-37.86988,STONNINGTON,METROPOLITAN SOUTH EAST REGION,2,1,0,0,1,1,1,1,1,0,1,0,0,0,0,0,0,0,0,0,No,0,2,0,1,0,0,MELB_URBAN,MELB_URBAN,STONNINGTON,METROPOLITAN SOUTH EAST REGION,MALVERN EAST,2017,8,August
144.85137485281237,-38.36931998422385,3460344,20/8/2017,09.00.00,Yes,Collision with vehicle,Sunday,LEFT TURN SIDESWIPE,Day,144.85137,-38.36932,MORNINGTON PENINSULA,METROPOLITAN SOUTH EAST REGION,2,1,0,0,1,1,1,1,1,0,1,0,0,0,0,0,0,0,0,0,No,0,2,0,1,0,0,MELB_URBAN,MELB_URBAN,MORNINGTON PENINSULA,METROPOLITAN SOUTH EAST REGION,TOOTGAROOK,2017,8,August
145.3225021652761,-37.85620980299697,3460386,16/8/2017,06.30.00,No,Collision with vehicle,Wednesday,PULLING OUT (OVERTAKING),Dusk/Dawn,145.3225,-37.85621,KNOX,METROPOLITAN SOUTH EAST REGION,2,1,0,1,0,1,2,0,1,0,1,0,0,0,0,0,0,0,0,0,No,0,2,0,1,0,0,MELB_URBAN,MELB_URBAN,KNOX,METROPOLITAN SOUTH EAST REGION,THE BASIN,2017,8,August
145.01196695158868,-37.969238968631934,3460404,23/8/2017,06.08.00,No,No collision and no object struck,Wednesday,OUT OF CONTROL ON CARRIAGEWAY (ON STRAIGHT),Dark Street lights on,145.01197,-37.96924,BAYSIDE,METROPOLITAN SOUTH EAST REGION,2,2,0,1,1,0,2,0,2,0,0,0,0,0,0,0,0,0,0,0,No,0,2,0,0,0,0,MELB_URBAN,MELB_URBAN,BAYSIDE,METROPOLITAN SOUTH EAST REGION,BLACK ROCK,2017,8,August
144.6559729157718,-38.11888583752924,3460417,31/8/2017,10.00.00,No,Collision with vehicle,Thursday,LEFT NEAR (INTERSECTIONS ONLY),Day,144.65597,-38.11889,GEELONG,SOUTH WESTERN REGION,2,1,0,0,1,1,2,0,1,0,1,0,0,0,0,0,0,0,0,0,No,0,2,0,1,0,0,TOWNS,TOWNS,GEELONG,SOUTH WESTERN REGION,PORTARLINGTON,2017,8,August
144.98784523531108,-37.83063297298215,3460443,16/8/2017,17.00.00,No,Collision with vehicle,Wednesday,VEHICLE OFF FOOTPATH STRIKES VEH ON CARRIAGEWAY,Day,144.98785,-37.83063,MELBOURNE,METROPOLITAN NORTH WEST REGION,2,1,0,0,1,1,2,0,1,0,1,0,0,0,0,0,1,0,0,1,No,0,2,0,1,0,0,MELB_URBAN,MELB_URBAN,"STONNINGTON,MELBOURNE","METROPOLITAN NORTH WEST REGION,METROPOLITAN SOUTH EAST REGION",SOUTH YARRA,2017,8,August
145.42311948848757,-37.92914831370759,3460468,26/8/2017,15.30.00,Yes,Collision with vehicle,Saturday,OTHER ADJACENT (INTERSECTIONS ONLY),Day,145.42311999999995,-37.92915,CARDINIA,METROPOLITAN SOUTH EAST REGION,2,1,0,0,1,1,1,1,1,0,1,0,0,0,0,0,0,0,0,0,No,0,2,0,1,0,0,MELB_URBAN,MELB_URBAN,CARDINIA,METROPOLITAN SOUTH EAST REGION,CLEMATIS,2017,8,August
144.21900117607814,-35.81025086643376,3460478,9/8/2017,14.40.00,No,Collision with vehicle,Wednesday,CROSS TRAFFIC(INTERSECTIONS ONLY),Day,144.219,-35.81025,GANNAWARRA,NORTHERN REGION,2,1,0,0,1,1,2,0,1,0,1,0,0,0,0,0,0,0,0,0,No,0,2,0,1,0,0,TOWNS,TOWNS,GANNAWARRA,NORTHERN REGION,COHUNA,2017,8,August
145.14060872308096,-37.81930232873824,3460484,16/8/2017,15.44.00,No,Collision with vehicle,Wednesday,OTHER MANOEUVRING NOT INCLUDED IN DCAs 140-148,Day,145.14061,-37.8193,WHITEHORSE,METROPOLITAN SOUTH EAST REGION,2,1,0,0,1,1,1,0,1,0,1,0,0,0,0,1,0,0,0,1,No,0,2,0,1,0,0,MELB_URBAN,MELB_URBAN,WHITEHORSE,METROPOLITAN SOUTH EAST REGION,BLACKBURN,2017,8,August
145.1373942953173,-38.1217434905474,3460498,24/8/2017,15.30.00,No,Collision with vehicle,Thursday,RIGHT FAR (INTERSECTIONS ONLY),Day,145.13738999999995,-38.12174,FRANKSTON,METROPOLITAN SOUTH EAST REGION,2,1,0,1,0,1,2,0,1,0,1,0,0,0,0,0,1,0,0,0,No,1,2,0,1,0,0,MELB_URBAN,MELB_URBAN,FRANKSTON,METROPOLITAN SOUTH EAST REGION,SEAFORD,2017,8,August
144.99463647265043,-37.84437043180704,3460499,23/8/2017,16.30.00,No,Collision with vehicle,Wednesday,ENTERING PARKING,Unk.,144.99464,-37.84437,STONNINGTON,METROPOLITAN SOUTH EAST REGION,2,1,0,0,1,1,2,0,1,0,1,0,0,0,0,0,0,0,0,0,No,0,2,0,1,0,0,MELB_URBAN,MELB_URBAN,STONNINGTON,METROPOLITAN SOUTH EAST REGION,SOUTH YARRA,2017,8,August
145.99783235212905,-36.54633033483518,3460503,24/8/2017,14.30.00,No,Collision with vehicle,Wednesday,VEHICLE STRIKES ANOTHER VEH WHILE EMERGING FROM DRIVEWAY,Day,145.99783,-36.54633,BENALLA,NORTH EASTERN REGION,2,1,0,0,1,1,1,1,1,0,1,0,0,0,0,0,1,0,0,1,No,0,2,0,1,0,0,TOWNS,TOWNS,BENALLA,NORTH EASTERN REGION,BENALLA,2017,8,August
144.96180867682145,-37.81129899742396,3460508,24/8/2017,16.30.00,No,Collision with vehicle,Thursday,CROSS TRAFFIC(INTERSECTIONS ONLY),Day,144.96181,-37.8113,MELBOURNE,METROPOLITAN NORTH WEST REGION,2,1,0,0,1,1,1,0,1,0,1,0,0,0,0,0,0,0,0,0,No,0,2,0,1,0,0,MELBOURNE_CBD,MELBOURNE_CBD,MELBOURNE,METROPOLITAN NORTH WEST REGION,MELBOURNE,2017,8,August
145.09636421100603,-37.59994637640559,3460526,10/8/2017,06.38.00,No,Collision with vehicle,Thursday,RIGHT THROUGH,Dusk/Dawn,145.09636,-37.59995,WHITTLESEA,METROPOLITAN NORTH WEST REGION,2,1,0,0,1,1,2,0,1,0,1,0,0,0,0,0,0,0,0,0,No,0,2,0,1,0,0,MELB_URBAN,MELB_URBAN,WHITTLESEA,METROPOLITAN NORTH WEST REGION,MERNDA,2017,8,August
144.973112322957,-37.833507768224095,3460528,8/8/2017,09.00.00,No,No collision and no object struck,Tuesday,OUT OF CONTROL ON CARRIAGEWAY (ON STRAIGHT),Day,144.97311000000005,-37.83351,MELBOURNE,METROPOLITAN NORTH WEST REGION,2,1,0,1,0,1,1,0,1,0,0,0,0,0,1,0,0,0,0,0,No,0,2,0,0,0,0,MELB_URBAN,MELB_URBAN,"PORT PHILLIP,MELBOURNE",METROPOLITAN NORTH WEST REGION,MELBOURNE,2017,8,August
144.88262170342117,-37.83861154013904,3460533,10/8/2017,18.30.00,Yes,Collision with vehicle,Wednesday,LANE CHANGE RIGHT (NOT OVERTAKING),Dark Street lights on,144.88262,-37.838609999999996,HOBSONS BAY,METROPOLITAN NORTH WEST REGION,2,1,0,1,0,1,1,1,1,0,1,0,0,0,0,0,0,0,0,0,No,0,2,0,1,0,0,MELB_URBAN,MELB_URBAN,HOBSONS BAY,METROPOLITAN NORTH WEST REGION,NEWPORT,2017,8,August
144.29025765668942,-36.74443385974322,3460534,10/8/2017,17.15.00,No,Collision with vehicle,Thursday,RIGHT NEAR (INTERSECTIONS ONLY),Day,144.29026000000005,-36.74443,BENDIGO,NORTHERN REGION,2,1,0,0,1,1,2,0,1,0,1,0,0,0,0,0,0,0,0,0,No,0,2,0,1,0,0,LARGE_PROVINCIAL_CITIES,LARGE_PROVINCIAL_CITIES,BENDIGO,NORTHERN REGION,NORTH BENDIGO,2017,8,August
144.9702262731554,-37.79899609407332,3460535,10/8/2017,18.25.00,Yes,Collision with vehicle,Wednesday,LEFT TURN SIDESWIPE,Unk.,144.97023000000004,-37.799,MELBOURNE,METROPOLITAN NORTH WEST REGION,2,1,0,0,1,1,2,0,1,0,1,0,0,0,0,0,0,0,0,0,No,0,2,0,1,0,0,MELB_URBAN,MELB_URBAN,MELBOURNE,METROPOLITAN NORTH WEST REGION,CARLTON,2017,8,August
144.99128170121722,-37.874725978651135,3460537,17/8/2017,08.45.00,No,Collision with vehicle,Wednesday,LEFT TURN SIDESWIPE,Day,144.99128000000005,-37.87473,PORT PHILLIP,METROPOLITAN NORTH WEST REGION,2,1,0,0,1,1,1,1,1,0,1,0,0,0,0,0,0,0,0,0,No,0,2,0,1,0,0,MELB_URBAN,MELB_URBAN,PORT PHILLIP,METROPOLITAN NORTH WEST REGION,ELWOOD,2017,8,August
144.9788346583749,-37.79616049534921,3460539,2/8/2017,23.45.00,Yes,Collision with vehicle,Wednesday,VEHICLE STRIKES DOOR OF PARKED/STATIONARY VEHICLE,Dark Street lights on,144.97883000000004,-37.79616,YARRA,METROPOLITAN NORTH WEST REGION,2,1,0,0,1,1,1,1,1,1,0,0,0,0,0,0,0,0,0,0,No,0,2,0,1,0,0,MELB_URBAN,MELB_URBAN,YARRA,METROPOLITAN NORTH WEST REGION,FITZROY,2017,8,August
144.96654033825925,-37.815492550237686,3460565,31/8/2017,22.42.00,Yes,Collision with vehicle,Thursday,RIGHT THROUGH,Dark Street lights on,144.96653999999995,-37.815490000000004,MELBOURNE,METROPOLITAN NORTH WEST REGION,2,1,0,1,0,1,2,0,1,0,1,0,0,0,0,0,0,0,0,0,Yes,0,2,0,0,0,0,MELBOURNE_CBD,MELBOURNE_CBD,MELBOURNE,METROPOLITAN NORTH WEST REGION,MELBOURNE,2017,8,August