X,Y,OBJECTID,ACCIDENT_DATE,ACCIDENT_TIME,ALCOHOLTIME,ACCIDENT_TYPE,DAY_OF_WEEK,DCA_CODE,LIGHT_CONDITION,LONGITUDE,LATITUDE,LGA_NAME,REGION_NAME,TOTAL_PERSONS,INJ_OR_FATAL,FATALITY,SERIOUSINJURY,OTHERINJURY,NONINJURED,MALES,FEMALES,BICYCLIST,PASSENGER,DRIVER,PEDESTRIAN,PILLION,MOTORIST,UNKNOWN,PED_CYCLIST_5_12,PED_CYCLIST_13_18,OLD_PEDESTRIAN,OLD_DRIVER,YOUNG_DRIVER,ALCOHOL_RELATED,UNLICENCSED,NO_OF_VEHICLES,HEAVYVEHICLE,PASSENGERVEHICLE,MOTORCYCLE,PUBLICVEHICLE,DEG_URBAN_NAME,DEG_URBAN_ALL,LGA_NAME_ALL,REGION_NAME_ALL,Suburb,Year,Month,Month_name
145.00095697168769,-37.88902216529158,3442289,11/4/2016,18.28.00,Yes,Collision with vehicle,Monday,LEFT NEAR (INTERSECTIONS ONLY),Dark Street lights on,145.00096000000005,-37.88902,BAYSIDE,METROPOLITAN SOUTH EAST REGION,2,1,0,0,1,1,2,0,1,0,1,0,0,0,0,0,0,0,0,1,No,0,2,0,1,0,0,MELB_URBAN,MELB_URBAN,BAYSIDE,METROPOLITAN SOUTH EAST REGION,BRIGHTON,2016,4,April
145.04348026651797,-37.990170228612094,3442290,9/4/2016,08.30.00,No,No collision and no object struck,Saturday,OUT OF CONTROL ON CARRIAGEWAY (ON STRAIGHT),Day,145.04348000000005,-37.99017,BAYSIDE,METROPOLITAN SOUTH EAST REGION,1,1,0,1,0,0,1,0,1,0,0,0,0,0,0,0,0,0,0,0,No,0,1,0,0,0,0,MELB_URBAN,MELB_URBAN,BAYSIDE,METROPOLITAN SOUTH EAST REGION,BEAUMARIS,2016,4,April
145.00000999564122,-37.73757000146952,3442294,16/4/2016,09.31.00,No,Collision with vehicle,Saturday,VEHICLE OFF FOOTPATH STRIKES VEH ON CARRIAGEWAY,Day,145.00001,-37.73757,DAREBIN,METROPOLITAN NORTH WEST REGION,2,1,0,0,1,1,1,1,1,0,1,0,0,0,0,0,1,0,0,0,No,0,2,0,1,0,0,MELB_URBAN,MELB_URBAN,DAREBIN,METROPOLITAN NORTH WEST REGION,PRESTON,2016,4,April
144.9664071184697,-37.76998257130617,3442297,16/3/2016,20.30.00,Yes,Collision with vehicle,Tuesday,VEHICLE STRIKES DOOR OF PARKED/STATIONARY VEHICLE,Dark No street lights,144.96641,-37.76998,MORELAND,METROPOLITAN NORTH WEST REGION,2,1,0,0,1,1,1,1,1,0,0,0,0,0,1,0,0,0,0,0,No,0,2,0,1,0,0,MELB_URBAN,MELB_URBAN,MORELAND,METROPOLITAN NORTH WEST REGION,BRUNSWICK,2016,3,March
144.97611660711274,-37.79091959117683,3442303,16/4/2016,21.30.00,Yes,Collision with vehicle,Saturday,VEHICLE STRIKES DOOR OF PARKED/STATIONARY VEHICLE,Dark Street lights on,144.97612,-37.79092,YARRA,METROPOLITAN NORTH WEST REGION,2,1,0,0,1,1,2,0,1,0,1,0,0,0,0,0,0,0,0,0,No,0,2,0,1,0,0,MELB_URBAN,MELB_URBAN,YARRA,METROPOLITAN NORTH WEST REGION,FITZROY NORTH,2016,4,April
145.03847821413964,-37.80401960897333,3442313,22/4/2016,05.30.00,Yes,Vehicle overturned (no collision),Friday,OUT OF CONTROL ON CARRIAGEWAY (ON STRAIGHT),Dark Street lights on,145.03848,-37.80402,BOROONDARA,METROPOLITAN SOUTH EAST REGION,1,1,0,1,0,0,0,1,1,0,0,0,0,0,0,0,0,0,0,0,No,0,1,0,0,0,0,MELB_URBAN,MELB_URBAN,BOROONDARA,METROPOLITAN SOUTH EAST REGION,KEW,2016,4,April
145.045565244813,-36.31459776309874,3442315,22/4/2016,08.30.00,No,Collision with vehicle,Friday,CROSS TRAFFIC(INTERSECTIONS ONLY),Day,145.04557,-36.3146,CAMPASPE,NORTHERN REGION,2,1,0,1,0,1,2,0,1,0,1,0,0,0,0,0,0,0,0,0,No,0,2,0,1,0,0,TOWNS,TOWNS,CAMPASPE,NORTHERN REGION,KYABRAM,2016,4,April
144.9735299388123,-37.8134398708649,3442316,22/4/2016,08.45.00,No,Collision with vehicle,Friday,LANE SIDE SWIPE (VEHICLES IN PARALLEL LANES),Day,144.97353,-37.81344,MELBOURNE,METROPOLITAN NORTH WEST REGION,2,1,0,0,1,1,1,1,1,0,1,0,0,0,0,0,0,0,0,0,No,0,2,0,1,0,0,MELBOURNE_CBD,MELBOURNE_CBD,MELBOURNE,METROPOLITAN NORTH WEST REGION,MELBOURNE,2016,4,April
145.06578285299096,-37.942636830665215,3442320,27/4/2016,08.10.00,No,Collision with vehicle,Tuesday,RIGHT THROUGH,Day,145.06578000000005,-37.942640000000004,KINGSTON,METROPOLITAN SOUTH EAST REGION,2,1,0,0,1,1,2,0,1,0,1,0,0,0,0,0,0,0,0,0,No,0,2,0,1,0,0,MELB_URBAN,MELB_URBAN,KINGSTON,METROPOLITAN SOUTH EAST REGION,MOORABBIN,2016,4,April
144.9627514222486,-37.76339926542556,3442336,12/4/2016,08.00.00,No,Collision with vehicle,Tuesday,LEFT TURN SIDESWIPE,Day,144.96275,-37.7634,MORELAND,METROPOLITAN NORTH WEST REGION,2,1,0,0,1,1,2,0,1,0,1,0,0,0,0,0,0,0,0,0,No,0,2,0,1,0,0,MELB_URBAN,MELB_URBAN,MORELAND,METROPOLITAN NORTH WEST REGION,BRUNSWICK,2016,4,April
144.8038599817849,-37.74470562697197,3442359,22/4/2016,11.15.00,No,Collision with vehicle,Thursday,RIGHT THROUGH,Day,144.80386000000001,-37.74471,BRIMBANK,METROPOLITAN NORTH WEST REGION,2,1,0,0,1,1,1,1,1,0,1,0,0,0,0,0,0,0,1,0,No,0,2,0,1,0,0,MELB_URBAN,MELB_URBAN,BRIMBANK,METROPOLITAN NORTH WEST REGION,ST ALBANS,2016,4,April
143.85912012536699,-37.559879303400095,3442367,20/4/2016,17.23.00,No,Collision with vehicle,Wednesday,ENTERING PARKING,Dusk/Dawn,143.85912,-37.55988,BALLARAT,WESTERN REGION,2,1,0,0,1,1,1,1,1,0,1,0,0,0,0,0,0,0,0,0,No,0,3,0,2,0,0,LARGE_PROVINCIAL_CITIES,LARGE_PROVINCIAL_CITIES,BALLARAT,WESTERN REGION,BALLARAT CENTRAL,2016,4,April
144.89768804340628,-37.85689851608855,3442398,17/4/2016,12.15.00,No,Collision with vehicle,Sunday,CROSS TRAFFIC(INTERSECTIONS ONLY),Day,144.89768999999995,-37.8569,HOBSONS BAY,METROPOLITAN NORTH WEST REGION,2,1,0,0,1,1,0,2,1,0,1,0,0,0,0,0,0,0,0,0,No,0,2,0,1,0,0,MELB_URBAN,MELB_URBAN,HOBSONS BAY,METROPOLITAN NORTH WEST REGION,WILLIAMSTOWN,2016,4,April
144.88241712575046,-37.687925028381706,3442407,17/4/2016,14.40.00,No,Collision with vehicle,Sunday,LEFT TURN SIDESWIPE,Day,144.88242,-37.68793,HUME,METROPOLITAN NORTH WEST REGION,2,1,0,0,1,1,2,0,1,0,1,0,0,0,0,0,0,0,0,0,No,0,2,0,1,0,0,MELB_URBAN,MELB_URBAN,HUME,METROPOLITAN NORTH WEST REGION,GLADSTONE PARK,2016,4,April
145.08200098342732,-37.83123324904937,3442409,17/4/2016,14.45.00,No,Collision with vehicle,Sunday,CROSS TRAFFIC(INTERSECTIONS ONLY),Day,145.082,-37.83123,BOROONDARA,METROPOLITAN SOUTH EAST REGION,2,1,0,0,1,1,1,1,1,0,1,0,0,0,0,0,0,0,0,1,No,0,2,0,1,0,0,MELB_URBAN,MELB_URBAN,BOROONDARA,METROPOLITAN SOUTH EAST REGION,CANTERBURY,2016,4,April
145.02446427213087,-37.92287667954381,3442411,22/4/2016,15.07.00,No,Collision with vehicle,Friday,REAR END(VEHICLES IN SAME LANE),Day,145.02446,-37.92288,BAYSIDE,METROPOLITAN SOUTH EAST REGION,2,1,0,1,0,1,0,2,1,0,1,0,0,0,0,0,0,0,0,0,No,0,2,0,1,0,0,MELB_URBAN,MELB_URBAN,BAYSIDE,METROPOLITAN SOUTH EAST REGION,BRIGHTON EAST,2016,4,April
144.94000822443164,-37.789269790708786,3442423,22/4/2016,18.12.00,Yes,Collision with vehicle,Thursday,VEHICLE STRIKES DOOR OF PARKED/STATIONARY VEHICLE,Dark Street lights on,144.94001,-37.78927,MELBOURNE,METROPOLITAN NORTH WEST REGION,2,1,0,0,1,1,1,1,1,0,1,0,0,0,0,0,0,0,0,0,No,0,2,0,1,0,0,MELB_URBAN,MELB_URBAN,MELBOURNE,METROPOLITAN NORTH WEST REGION,NORTH MELBOURNE,2016,4,April
145.04042124212359,-37.836887341193005,3442424,28/4/2016,06.00.00,Yes,Collision with vehicle,Thursday,RIGHT THROUGH,Dark Street lights on,145.04041999999995,-37.836890000000004,BOROONDARA,METROPOLITAN SOUTH EAST REGION,2,1,0,0,1,1,1,1,1,0,1,0,0,0,0,0,0,0,0,0,No,0,2,0,1,0,0,MELB_URBAN,MELB_URBAN,BOROONDARA,METROPOLITAN SOUTH EAST REGION,HAWTHORN,2016,4,April
144.92389833457858,-37.76482063856178,3442446,12/4/2016,18.20.00,Yes,No collision and no object struck,Tuesday,OUT OF CONTROL ON CARRIAGEWAY (ON STRAIGHT),Dark Street lights on,144.9239,-37.76482,MOONEE VALLEY,METROPOLITAN NORTH WEST REGION,1,1,0,0,1,0,1,0,1,0,0,0,0,0,0,0,0,0,0,0,No,0,1,0,0,0,0,MELB_URBAN,MELB_URBAN,MOONEE VALLEY,METROPOLITAN NORTH WEST REGION,MOONEE PONDS,2016,4,April
144.99272318971072,-37.91244243678017,3442459,18/4/2016,07.35.00,No,Collision with vehicle,Monday,LEAVING PARKING,Day,144.99272,-37.912440000000004,BAYSIDE,METROPOLITAN SOUTH EAST REGION,2,1,0,1,0,1,2,0,1,0,1,0,0,0,0,0,0,0,0,0,No,0,2,0,1,0,0,MELB_URBAN,MELB_URBAN,BAYSIDE,METROPOLITAN SOUTH EAST REGION,BRIGHTON,2016,4,April
144.96731871919712,-37.81303723977803,3442463,22/4/2016,20.05.00,Yes,Collision with vehicle,Thursday,VEHICLE STRIKES DOOR OF PARKED/STATIONARY VEHICLE,Dark Street lights on,144.96732,-37.81304,MELBOURNE,METROPOLITAN NORTH WEST REGION,2,1,0,0,1,1,1,1,1,0,1,0,0,0,0,0,0,0,0,0,No,0,2,0,1,0,0,MELBOURNE_CBD,MELBOURNE_CBD,MELBOURNE,METROPOLITAN NORTH WEST REGION,MELBOURNE,2016,4,April
144.38450654181068,-38.16868555023997,3442464,22/4/2016,18.30.00,Yes,Collision with vehicle,Friday,OTHER SAME DIRECTION-MANOUEVRES NOT INCLUDED IN DCAs 130-137,Unk.,144.38451,-38.16869000000001,GEELONG,SOUTH WESTERN REGION,2,1,0,0,1,1,1,0,1,0,1,0,0,0,0,0,0,0,0,0,No,0,2,0,1,0,0,LARGE_PROVINCIAL_CITIES,LARGE_PROVINCIAL_CITIES,GEELONG,SOUTH WESTERN REGION,THOMSON,2016,4,April
144.99047019164385,-37.77206435282361,3442489,12/4/2016,17.30.00,No,Collision with vehicle,Tuesday,VEHICLE OFF FOOTPATH STRIKES VEH ON CARRIAGEWAY,Day,144.99047,-37.772059999999996,DAREBIN,METROPOLITAN NORTH WEST REGION,2,1,0,0,1,1,1,1,1,0,1,0,0,0,0,0,0,0,0,0,No,0,2,0,1,0,0,MELB_URBAN,MELB_URBAN,DAREBIN,METROPOLITAN NORTH WEST REGION,NORTHCOTE,2016,4,April
145.03753923348557,-37.68132462906564,3442491,12/4/2016,10.45.00,No,Struck animal,Tuesday,STRUCK ANIMAL,Day,145.03753999999995,-37.68132,WHITTLESEA,METROPOLITAN NORTH WEST REGION,1,1,0,0,1,0,1,0,1,0,0,0,0,0,0,0,0,0,0,0,No,0,1,0,0,0,0,MELB_URBAN,MELB_URBAN,WHITTLESEA,METROPOLITAN NORTH WEST REGION,THOMASTOWN,2016,4,April
145.27561771750564,-37.85433972870369,3442493,7/4/2016,21.00.00,Yes,Collision with vehicle,Thursday,VEHICLE COLLIDES WITH VEHICLE PARKED ON LEFT OF ROAD,Dark No street lights,145.27562,-37.85434,KNOX,METROPOLITAN SOUTH EAST REGION,1,1,0,0,1,0,1,0,1,0,0,0,0,0,0,0,0,0,0,0,No,0,2,0,1,0,0,MELB_URBAN,MELB_URBAN,KNOX,METROPOLITAN SOUTH EAST REGION,BORONIA,2016,4,April
144.97551752737834,-37.7548911757563,3442524,22/4/2016,17.30.00,Yes,Collision with vehicle,Friday,RIGHT THROUGH,Day,144.97552,-37.75489,MORELAND,METROPOLITAN NORTH WEST REGION,2,1,0,1,0,1,1,1,1,0,1,0,0,0,0,0,0,0,0,0,No,0,2,0,1,0,0,MELB_URBAN,MELB_URBAN,MORELAND,METROPOLITAN NORTH WEST REGION,COBURG,2016,4,April
144.97800705212325,-37.86033204736421,3442526,23/4/2016,08.15.00,No,No collision and no object struck,Saturday,OUT OF CONTROL ON CARRIAGEWAY (ON STRAIGHT),Day,144.97801,-37.86033,PORT PHILLIP,METROPOLITAN NORTH WEST REGION,1,1,0,1,0,0,1,0,1,0,0,0,0,0,0,0,0,0,0,0,No,0,1,0,0,0,0,MELB_URBAN,MELB_URBAN,PORT PHILLIP,METROPOLITAN NORTH WEST REGION,ST KILDA,2016,4,April
144.93043609172986,-37.79446717798332,3442531,28/4/2016,19.00.00,Yes,Collision with vehicle,Thursday,TWO RIGHT TURNING (INTERSECTIONS ONLY),Dusk/Dawn,144.93044,-37.794470000000004,MELBOURNE,METROPOLITAN NORTH WEST REGION,2,1,0,0,1,1,0,2,1,0,1,0,0,0,0,0,0,0,0,0,No,0,2,0,1,0,0,MELB_URBAN,MELB_URBAN,MELBOURNE,METROPOLITAN NORTH WEST REGION,KENSINGTON,2016,4,April
144.96684858756603,-37.82613698998085,3442545,10/3/2016,20.00.00,Yes,Collision with vehicle,Thursday,VEHICLE STRIKES DOOR OF PARKED/STATIONARY VEHICLE,Dark Street lights unknown,144.96685,-37.82614,MELBOURNE,METROPOLITAN NORTH WEST REGION,2,1,0,0,1,1,2,0,1,0,1,0,0,0,0,0,0,0,0,0,No,0,2,0,1,0,0,MELB_URBAN,MELB_URBAN,MELBOURNE,METROPOLITAN NORTH WEST REGION,SOUTHBANK,2016,3,March
145.0440095213855,-37.85851639103228,3442556,16/4/2016,17.00.00,Yes,Collision with vehicle,Saturday,VEHICLE OFF FOOTPATH STRIKES VEH ON CARRIAGEWAY,Day,145.04401000000001,-37.85852,STONNINGTON,METROPOLITAN SOUTH EAST REGION,2,1,0,1,0,1,0,1,1,0,1,0,0,0,0,0,1,0,0,0,No,0,2,0,1,0,0,MELB_URBAN,MELB_URBAN,STONNINGTON,METROPOLITAN SOUTH EAST REGION,GLEN IRIS,2016,4,April
145.02628627638055,-37.77247915811023,3442582,29/4/2016,07.00.00,No,Collision with vehicle,Thursday,RIGHT THROUGH,Dusk/Dawn,145.02629,-37.77248,DAREBIN,METROPOLITAN NORTH WEST REGION,2,1,0,0,1,1,1,1,1,0,1,0,0,0,0,0,0,0,0,0,No,0,2,0,1,0,0,MELB_URBAN,MELB_URBAN,DAREBIN,METROPOLITAN NORTH WEST REGION,ALPHINGTON,2016,4,April
144.9607696375098,-37.81048920784104,3442588,29/4/2016,08.30.00,No,Collision with vehicle,Friday,LEFT TURN SIDESWIPE,Day,144.96077,-37.81049,MELBOURNE,METROPOLITAN NORTH WEST REGION,3,1,0,0,1,2,1,2,1,1,1,0,0,0,0,0,0,0,0,1,No,0,2,0,1,0,0,MELBOURNE_CBD,"MELBOURNE_CBD,MELB_URBAN",MELBOURNE,METROPOLITAN NORTH WEST REGION,MELBOURNE,2016,4,April
144.96348043055968,-37.84807976041958,3442603,15/3/2016,19.15.00,Yes,Collision with vehicle,Tuesday,ENTERING PARKING,Day,144.96348,-37.848079999999996,PORT PHILLIP,METROPOLITAN NORTH WEST REGION,2,1,0,0,1,1,1,1,1,0,1,0,0,0,0,0,0,0,0,1,No,0,2,0,1,0,0,MELB_URBAN,MELB_URBAN,PORT PHILLIP,METROPOLITAN NORTH WEST REGION,MIDDLE PARK,2016,3,March
144.96884642980308,-37.807294391820996,3442610,18/4/2016,19.05.00,Yes,Collision with vehicle,Monday,LEFT TURN SIDESWIPE,Dark Street lights on,144.96885,-37.80729,MELBOURNE,METROPOLITAN NORTH WEST REGION,2,1,0,1,0,1,1,0,1,0,1,0,0,0,0,0,0,0,0,0,No,0,2,0,1,0,0,MELB_URBAN,MELB_URBAN,MELBOURNE,METROPOLITAN NORTH WEST REGION,CARLTON,2016,4,April
144.96949953752903,-37.79737291268678,3442613,18/4/2016,14.00.00,No,Collision with vehicle,Monday,ENTERING PARKING,Day,144.9695,-37.79737,MELBOURNE,METROPOLITAN NORTH WEST REGION,2,1,0,0,1,1,0,2,1,0,1,0,0,0,0,0,0,0,0,0,No,0,2,0,1,0,0,MELB_URBAN,MELB_URBAN,MELBOURNE,METROPOLITAN NORTH WEST REGION,CARLTON,2016,4,April
145.1303376481264,-38.080121338471365,3442615,19/4/2016,05.30.00,Yes,Collision with vehicle,Tuesday,LANE SIDE SWIPE (VEHICLES IN PARALLEL LANES),Dark Street lights on,145.13034,-38.08012,KINGSTON,METROPOLITAN SOUTH EAST REGION,2,1,0,0,1,1,1,0,1,0,1,0,0,0,0,0,0,0,0,0,No,0,2,0,1,0,0,MELB_URBAN,MELB_URBAN,KINGSTON,METROPOLITAN SOUTH EAST REGION,CARRUM,2016,4,April
144.96060417752628,-37.77611653255999,3442626,15/6/2016,07.00.00,No,Collision with vehicle,Wednesday,CROSS TRAFFIC(INTERSECTIONS ONLY),Dusk/Dawn,144.9606,-37.77612,MORELAND,METROPOLITAN NORTH WEST REGION,2,1,0,0,1,1,2,0,1,0,0,0,0,0,1,0,0,0,0,0,No,0,2,0,0,0,0,MELB_URBAN,MELB_URBAN,MORELAND,METROPOLITAN NORTH WEST REGION,BRUNSWICK,2016,6,June
145.18362136417602,-38.292540007439925,3442654,27/6/2016,10.09.00,No,Collision with vehicle,Monday,RIGHT THROUGH,Day,145.18362,-38.29254,MORNINGTON PENINSULA,METROPOLITAN SOUTH EAST REGION,2,1,0,1,0,1,2,0,1,0,1,0,0,0,0,0,0,0,0,0,No,0,2,0,1,0,0,MELB_URBAN,MELB_URBAN,MORNINGTON PENINSULA,METROPOLITAN SOUTH EAST REGION,HASTINGS,2016,6,June
144.9671728225217,-37.82856502900649,3442678,14/6/2016,17.50.00,No,Collision with vehicle,Tuesday,CROSS TRAFFIC(INTERSECTIONS ONLY),Dusk/Dawn,144.96716999999995,-37.82857,MELBOURNE,METROPOLITAN NORTH WEST REGION,2,1,0,1,0,1,2,0,1,0,1,0,0,0,0,0,0,0,0,0,No,0,2,0,1,0,0,MELB_URBAN,MELB_URBAN,MELBOURNE,METROPOLITAN NORTH WEST REGION,SOUTHBANK,2016,6,June
145.05062830114142,-37.79932804817505,3442695,21/6/2016,19.00.00,Yes,Collision with vehicle,Tuesday,RIGHT THROUGH,Dark Street lights on,145.05063,-37.79933,BOROONDARA,METROPOLITAN SOUTH EAST REGION,2,1,0,1,0,1,1,1,1,0,1,0,0,0,0,0,0,0,0,0,No,0,2,0,1,0,0,MELB_URBAN,MELB_URBAN,BOROONDARA,METROPOLITAN SOUTH EAST REGION,KEW EAST,2016,6,June
144.74291851827059,-37.92681419068402,3461752,1/10/2017,16.30.00,Yes,Collision with vehicle,Sunday,LANE SIDE SWIPE (VEHICLES IN PARALLEL LANES),Day,144.74292,-37.926809999999996,WYNDHAM,METROPOLITAN NORTH WEST REGION,2,1,0,0,1,1,1,0,1,0,0,0,0,0,1,0,0,0,0,0,No,0,2,0,0,0,0,MELB_URBAN,MELB_URBAN,WYNDHAM,METROPOLITAN NORTH WEST REGION,POINT COOK,2017,10,October
145.2895414194051,-37.831683570725296,3461754,30/9/2017,17.00.00,Yes,Collision with vehicle,Saturday,TWO RIGHT TURNING (INTERSECTIONS ONLY),Day,145.28954,-37.83168,MAROONDAH,METROPOLITAN SOUTH EAST REGION,3,1,0,0,1,2,1,0,1,1,1,0,0,0,0,0,0,0,0,0,No,0,2,0,1,0,0,MELB_URBAN,MELB_URBAN,MAROONDAH,METROPOLITAN SOUTH EAST REGION,BAYSWATER NORTH,2017,9,September
144.94397831966447,-37.80030062471099,3461768,9/10/2017,08.20.00,No,Collision with vehicle,Monday,LEFT TURN SIDESWIPE,Day,144.94398,-37.8003,MELBOURNE,METROPOLITAN NORTH WEST REGION,2,1,0,0,1,1,1,1,1,0,1,0,0,0,0,0,0,0,0,0,No,0,2,0,1,0,0,MELB_URBAN,MELB_URBAN,MELBOURNE,METROPOLITAN NORTH WEST REGION,NORTH MELBOURNE,2017,10,October
145.14576809323074,-37.886339759135616,3461773,4/10/2017,11.50.00,No,Collision with vehicle,Wednesday,VEHICLE STRIKES ANOTHER VEH WHILE EMERGING FROM DRIVEWAY,Day,145.14577,-37.886340000000004,MONASH,METROPOLITAN SOUTH EAST REGION,2,1,0,0,1,1,1,1,1,0,1,0,0,0,0,0,1,0,0,1,No,0,2,0,1,0,0,MELB_URBAN,MELB_URBAN,MONASH,METROPOLITAN SOUTH EAST REGION,GLEN WAVERLEY,2017,10,October
144.95495758001087,-37.845936541222365,3461779,16/10/2017,07.20.00,Yes,Collision with vehicle,Sunday,LANE SIDE SWIPE (VEHICLES IN PARALLEL LANES),Day,144.95496,-37.84594,PORT PHILLIP,METROPOLITAN NORTH WEST REGION,2,1,0,1,0,1,1,0,1,0,0,0,0,0,1,0,0,0,0,0,No,0,2,0,0,0,0,MELB_URBAN,MELB_URBAN,PORT PHILLIP,METROPOLITAN NORTH WEST REGION,ALBERT PARK,2017,10,October
146.01328814026002,-36.01470999775175,3461783,11/10/2017,15.30.00,No,Collision with vehicle,Wednesday,VEHICLE OFF FOOTPATH STRIKES VEH ON CARRIAGEWAY,Day,146.01328999999996,-36.01471,MOIRA,NORTH EASTERN REGION,2,1,0,0,1,1,1,1,1,0,1,0,0,0,0,0,1,0,0,0,No,0,2,0,1,0,0,TOWNS,TOWNS,MOIRA,NORTH EASTERN REGION,YARRAWONGA,2017,10,October
144.92124032190546,-37.73102022963544,3461788,21/10/2017,10.05.00,No,Collision with vehicle,Friday,REAR END(VEHICLES IN SAME LANE),Day,144.92123999999995,-37.73102,MOONEE VALLEY,METROPOLITAN NORTH WEST REGION,2,1,0,1,0,1,2,0,1,0,1,0,0,0,0,0,0,0,0,0,No,0,2,0,1,0,0,MELB_URBAN,MELB_URBAN,MOONEE VALLEY,METROPOLITAN NORTH WEST REGION,STRATHMORE,2017,10,October
145.0554809872317,-37.905765113586256,3461789,21/10/2017,09.10.00,No,Collision with vehicle,Saturday,VEHICLE STRIKES DOOR OF PARKED/STATIONARY VEHICLE,Day,145.05548000000005,-37.905770000000004,GLEN EIRA,METROPOLITAN SOUTH EAST REGION,2,2,0,0,2,0,1,1,1,0,1,0,0,0,0,0,0,0,0,0,No,0,2,0,1,0,0,MELB_URBAN,MELB_URBAN,GLEN EIRA,METROPOLITAN SOUTH EAST REGION,CARNEGIE,2017,10,October
145.15935932175603,-37.674273557227046,3461792,21/10/2017,14.00.00,No,Collision with vehicle,Friday,LEFT TURN SIDESWIPE,Day,145.15936000000005,-37.67427,NILLUMBIK,METROPOLITAN NORTH WEST REGION,2,2,0,0,2,0,2,0,1,0,1,0,0,0,0,0,0,0,0,0,No,0,2,0,1,0,0,MELB_URBAN,MELB_URBAN,NILLUMBIK,METROPOLITAN NORTH WEST REGION,DIAMOND CREEK,2017,10,October
145.11400927989348,-37.51792717778258,3461831,15/10/2017,09.10.00,Yes,Collision with vehicle,Sunday,RIGHT NEAR (INTERSECTIONS ONLY),Day,145.11401,-37.51793,WHITTLESEA,METROPOLITAN NORTH WEST REGION,2,1,0,1,0,1,0,2,1,0,1,0,0,0,0,0,0,0,0,0,No,0,2,0,1,0,0,TOWNS,TOWNS,WHITTLESEA,METROPOLITAN NORTH WEST REGION,WHITTLESEA,2017,10,October
146.98892507713654,-37.96001447923296,3461868,5/10/2017,20.00.00,Yes,Collision with vehicle,Thursday,OTHER ADJACENT (INTERSECTIONS ONLY),Dark No street lights,146.98893,-37.96001,WELLINGTON,EASTERN REGION,2,1,0,0,1,1,1,0,1,0,0,0,0,0,1,0,0,0,0,0,No,0,2,0,0,0,0,TOWNS,TOWNS,WELLINGTON,"EASTERN REGION,EASTERN REGION",MAFFRA,2017,10,October
144.8587359283562,-37.78591751475575,3461874,1/9/2017,13.06.00,No,Collision with vehicle,Thursday,CROSS TRAFFIC(INTERSECTIONS ONLY),Day,144.85873999999995,-37.785920000000004,MARIBYRNONG,METROPOLITAN NORTH WEST REGION,2,1,0,0,1,1,2,0,1,0,1,0,0,0,0,0,0,0,0,0,No,0,2,0,1,0,0,MELB_URBAN,MELB_URBAN,MARIBYRNONG,METROPOLITAN NORTH WEST REGION,BRAYBROOK,2017,9,September
142.49078226654282,-38.39067443443359,3461882,16/10/2017,17.30.00,No,Collision with vehicle,Monday,RIGHT NEAR (INTERSECTIONS ONLY),Day,142.49078,-38.39067,WARRNAMBOOL,SOUTH WESTERN REGION,2,1,0,0,1,1,1,1,1,0,1,0,0,0,0,0,0,0,0,0,No,0,2,0,1,0,0,SMALL_CITIES,SMALL_CITIES,WARRNAMBOOL,SOUTH WESTERN REGION,WARRNAMBOOL,2017,10,October
145.3692396681145,-37.884889262356985,3461899,22/10/2017,09.00.00,No,Collision with vehicle,,CROSS TRAFFIC(INTERSECTIONS ONLY),Day,145.36924,-37.88489000000001,YARRA RANGES,METROPOLITAN SOUTH EAST REGION,2,1,0,0,1,1,2,0,1,0,1,0,0,0,0,0,0,0,0,0,No,0,2,0,1,0,0,MELB_URBAN,MELB_URBAN,YARRA RANGES,METROPOLITAN SOUTH EAST REGION,KALLISTA,2017,10,October
145.03275751578084,-37.806085696095494,3461903,3/10/2017,08.28.00,No,No collision and no object struck,Monday,OUT OF CONTROL ON CARRIAGEWAY (ON STRAIGHT),Day,145.03276,-37.80609000000001,BOROONDARA,METROPOLITAN SOUTH EAST REGION,2,1,0,0,1,1,1,1,1,0,1,0,0,0,0,0,0,0,0,0,No,0,2,0,1,0,0,MELB_URBAN,MELB_URBAN,BOROONDARA,METROPOLITAN SOUTH EAST REGION,KEW,2017,10,October
144.97650055356814,-37.79812671483485,3461905,3/10/2017,13.50.00,No,Collision with vehicle,Tuesday,VEHICLE STRIKES DOOR OF PARKED/STATIONARY VEHICLE,Day,144.9765,-37.79813,YARRA,METROPOLITAN NORTH WEST REGION,3,1,0,1,0,2,3,0,1,0,2,0,0,0,0,0,0,0,0,0,No,0,3,0,2,0,0,MELB_URBAN,MELB_URBAN,YARRA,METROPOLITAN NORTH WEST REGION,FITZROY,2017,10,October
145.0176800594326,-37.66287482615625,3461916,10/10/2017,07.22.00,No,Collision with vehicle,Tuesday,LEFT NEAR (INTERSECTIONS ONLY),Day,145.01768,-37.66287,WHITTLESEA,METROPOLITAN NORTH WEST REGION,2,1,0,0,1,1,1,1,1,0,1,0,0,0,0,0,0,0,0,0,No,0,2,0,1,0,0,MELB_URBAN,MELB_URBAN,WHITTLESEA,METROPOLITAN NORTH WEST REGION,LALOR,2017,10,October
144.96816823483098,-37.81295051216459,3461929,16/10/2017,19.20.00,Yes,Collision with vehicle,Sunday,ENTERING PARKING,Dusk/Dawn,144.96817,-37.81295,MELBOURNE,METROPOLITAN NORTH WEST REGION,2,1,0,0,1,1,2,0,1,0,1,0,0,0,0,0,0,0,0,0,No,0,2,0,1,0,0,MELBOURNE_CBD,MELBOURNE_CBD,MELBOURNE,METROPOLITAN NORTH WEST REGION,MELBOURNE,2017,10,October