X,Y,OBJECTID,ACCIDENT_DATE,ACCIDENT_TIME,ALCOHOLTIME,ACCIDENT_TYPE,DAY_OF_WEEK,DCA_CODE,LIGHT_CONDITION,LONGITUDE,LATITUDE,LGA_NAME,REGION_NAME,TOTAL_PERSONS,INJ_OR_FATAL,FATALITY,SERIOUSINJURY,OTHERINJURY,NONINJURED,MALES,FEMALES,BICYCLIST,PASSENGER,DRIVER,PEDESTRIAN,PILLION,MOTORIST,UNKNOWN,PED_CYCLIST_5_12,PED_CYCLIST_13_18,OLD_PEDESTRIAN,OLD_DRIVER,YOUNG_DRIVER,ALCOHOL_RELATED,UNLICENCSED,NO_OF_VEHICLES,HEAVYVEHICLE,PASSENGERVEHICLE,MOTORCYCLE,PUBLICVEHICLE,DEG_URBAN_NAME,DEG_URBAN_ALL,LGA_NAME_ALL,REGION_NAME_ALL,Suburb,Year,Month,Month_name
145.0446958166962,-37.87784523628271,3463756,22/11/2017,08.15.00,No,Collision with vehicle,Wednesday,CROSS TRAFFIC(INTERSECTIONS ONLY),Day,145.0447,-37.87785,GLEN EIRA,METROPOLITAN SOUTH EAST REGION,2,1,0,0,1,1,2,0,1,0,1,0,0,0,0,0,0,0,0,0,No,0,2,0,1,0,0,MELB_URBAN,MELB_URBAN,GLEN EIRA,METROPOLITAN SOUTH EAST REGION,CAULFIELD EAST,2017,11,November
145.01083405085447,-37.77566050710459,3463760,21/11/2017,18.00.00,Yes,Collision with vehicle,Tuesday,RIGHT THROUGH,Day,145.01083,-37.775659999999995,DAREBIN,METROPOLITAN NORTH WEST REGION,2,1,0,1,0,1,0,2,1,0,1,0,0,0,0,0,0,0,0,0,No,0,2,0,1,0,0,MELB_URBAN,MELB_URBAN,DAREBIN,METROPOLITAN NORTH WEST REGION,NORTHCOTE,2017,11,November
145.12450088300406,-38.145888739883006,3463790,8/12/2017,18.16.00,Yes,Collision with vehicle,Thursday,ENTERING PARKING,Day,145.1245,-38.14589,FRANKSTON,METROPOLITAN SOUTH EAST REGION,3,2,0,0,2,1,2,1,1,1,1,0,0,0,0,0,0,0,1,0,No,0,2,0,1,0,0,MELB_URBAN,MELB_URBAN,FRANKSTON,METROPOLITAN SOUTH EAST REGION,FRANKSTON,2017,12,December
145.2721130808853,-38.11174939934698,3463850,7/12/2017,07.45.00,No,Collision with vehicle,Wednesday,LEFT TURN SIDESWIPE,Day,145.27211,-38.11175,CASEY,METROPOLITAN SOUTH EAST REGION,2,1,0,0,1,1,2,0,1,0,1,0,0,0,0,0,0,0,0,1,No,0,2,0,0,0,0,MELB_URBAN,MELB_URBAN,CASEY,METROPOLITAN SOUTH EAST REGION,CRANBOURNE,2017,12,December
145.0452100019033,-38.21407000085434,3463860,22/11/2017,18.40.00,Yes,Collision with vehicle,Wednesday,U TURN,Day,145.04521,-38.21407,MORNINGTON PENINSULA,METROPOLITAN SOUTH EAST REGION,2,1,0,1,0,1,1,1,1,0,1,0,0,0,0,0,0,0,0,0,No,0,2,0,1,0,0,MELB_URBAN,MELB_URBAN,MORNINGTON PENINSULA,METROPOLITAN SOUTH EAST REGION,MORNINGTON,2017,11,November
145.1373942953173,-38.1217434905474,3463878,28/11/2017,08.00.00,No,Collision with vehicle,Monday,RIGHT FAR (INTERSECTIONS ONLY),Day,145.13738999999995,-38.12174,FRANKSTON,METROPOLITAN SOUTH EAST REGION,2,1,0,0,1,1,2,0,1,0,1,0,0,0,0,0,1,0,0,0,No,0,2,0,1,0,0,MELB_URBAN,MELB_URBAN,FRANKSTON,METROPOLITAN SOUTH EAST REGION,SEAFORD,2017,11,November
145.12080576669146,-38.1442818786761,3463879,28/11/2017,07.30.00,No,Collision with vehicle,Tuesday,REAR END(VEHICLES IN SAME LANE),Day,145.12081,-38.14428,FRANKSTON,METROPOLITAN SOUTH EAST REGION,2,1,0,0,1,1,2,0,1,0,1,0,0,0,0,0,0,0,0,0,No,0,2,0,1,0,0,MELB_URBAN,MELB_URBAN,FRANKSTON,METROPOLITAN SOUTH EAST REGION,FRANKSTON,2017,11,November
145.04612898763952,-37.8872730233521,3463882,3/12/2017,07.20.00,No,Collision with vehicle,,RIGHT THROUGH,Day,145.04613,-37.88727,GLEN EIRA,METROPOLITAN SOUTH EAST REGION,2,1,0,0,1,1,2,0,1,0,1,0,0,0,0,0,0,0,1,0,No,0,2,0,1,0,0,MELB_URBAN,MELB_URBAN,GLEN EIRA,METROPOLITAN SOUTH EAST REGION,CAULFIELD EAST,2017,12,December
144.97251292763482,-37.86089714035505,3463896,9/12/2017,14.00.00,No,Collision with vehicle,Friday,VEHICLE OFF FOOTPATH STRIKES VEH ON CARRIAGEWAY,Day,144.97251,-37.8609,PORT PHILLIP,METROPOLITAN NORTH WEST REGION,2,1,0,1,0,1,1,1,1,0,1,0,0,0,0,0,0,0,0,0,No,0,2,0,1,0,0,MELB_URBAN,MELB_URBAN,PORT PHILLIP,METROPOLITAN NORTH WEST REGION,ST KILDA WEST,2017,12,December
145.02098717591983,-37.95231964983204,3463897,9/12/2017,13.30.00,No,Collision with vehicle,Saturday,RIGHT THROUGH,Day,145.02098999999995,-37.95232,BAYSIDE,METROPOLITAN SOUTH EAST REGION,2,1,0,0,1,1,1,1,1,0,1,0,0,0,0,0,0,0,0,1,No,0,2,0,1,0,0,MELB_URBAN,MELB_URBAN,BAYSIDE,METROPOLITAN SOUTH EAST REGION,SANDRINGHAM,2017,12,December
144.99456154852126,-37.844743493469146,3463899,21/11/2017,16.30.00,No,No collision and no object struck,Tuesday,OUT OF CONTROL ON CARRIAGEWAY (ON STRAIGHT),Day,144.99456,-37.84474,STONNINGTON,METROPOLITAN SOUTH EAST REGION,2,1,0,1,0,1,2,0,1,0,1,0,0,0,0,0,0,0,0,0,No,0,2,0,1,0,0,MELB_URBAN,MELB_URBAN,STONNINGTON,METROPOLITAN SOUTH EAST REGION,SOUTH YARRA,2017,11,November
145.04283218975797,-37.74164151789885,3463912,22/11/2017,18.05.00,Yes,Collision with vehicle,Tuesday,RIGHT THROUGH,Dusk/Dawn,145.04283,-37.741640000000004,BANYULE,METROPOLITAN NORTH WEST REGION,2,1,0,0,1,1,1,1,1,0,1,0,0,0,0,0,0,0,0,0,No,0,2,0,1,0,0,MELB_URBAN,MELB_URBAN,BANYULE,METROPOLITAN NORTH WEST REGION,HEIDELBERG WEST,2017,11,November
145.1983407678444,-37.990993148219,3463915,22/11/2017,06.30.00,No,Collision with vehicle,Tuesday,VEHICLE STRIKES ANOTHER VEH WHILE EMERGING FROM DRIVEWAY,Day,145.19834,-37.990990000000004,DANDENONG,METROPOLITAN SOUTH EAST REGION,2,1,0,1,0,1,1,0,1,0,0,0,0,0,1,0,0,0,0,0,No,0,2,0,0,0,0,MELB_URBAN,MELB_URBAN,DANDENONG,METROPOLITAN SOUTH EAST REGION,DANDENONG,2017,11,November
144.96941115173132,-37.80959966301126,3463936,13/2/2018,09.20.00,No,Collision with vehicle,Tuesday,ENTERING PARKING,Day,144.96941,-37.8096,MELBOURNE,METROPOLITAN NORTH WEST REGION,2,1,0,0,1,1,2,0,1,0,1,0,0,0,0,0,0,0,0,0,No,0,2,0,1,0,0,MELBOURNE_CBD,MELBOURNE_CBD,MELBOURNE,METROPOLITAN NORTH WEST REGION,MELBOURNE,2018,2,February
144.9776938571477,-37.83882455603185,3463941,12/2/2018,17.50.00,No,Collision with vehicle,Monday,LEFT TURN SIDESWIPE,Day,144.97769,-37.83882,MELBOURNE,METROPOLITAN NORTH WEST REGION,2,1,0,0,1,1,0,2,1,0,1,0,0,0,0,0,0,0,0,0,No,0,2,0,1,0,0,MELB_URBAN,MELB_URBAN,MELBOURNE,METROPOLITAN NORTH WEST REGION,MELBOURNE,2018,2,February
144.79996704338163,-37.78514004551169,3463948,19/2/2018,17.00.00,No,Collision with vehicle,Monday,CROSS TRAFFIC(INTERSECTIONS ONLY),Day,144.79997,-37.78514000000001,BRIMBANK,METROPOLITAN NORTH WEST REGION,2,1,0,0,1,1,1,1,1,0,1,0,0,0,0,0,0,0,0,0,No,0,2,0,1,0,0,MELB_URBAN,MELB_URBAN,BRIMBANK,METROPOLITAN NORTH WEST REGION,SUNSHINE WEST,2018,2,February
144.97585019029145,-37.83758995305005,3463951,2/2/2018,10.20.00,No,Collision with vehicle,Friday,LANE SIDE SWIPE (VEHICLES IN PARALLEL LANES),Unk.,144.97585,-37.83759000000001,PORT PHILLIP,METROPOLITAN NORTH WEST REGION,2,1,0,0,1,1,1,1,1,0,1,0,0,0,0,0,0,0,0,0,No,0,2,1,0,0,0,MELB_URBAN,MELB_URBAN,PORT PHILLIP,METROPOLITAN NORTH WEST REGION,MELBOURNE,2018,2,February
144.99034983234938,-37.868365603729494,3463955,20/2/2018,06.45.00,No,Collision with vehicle,Monday,RIGHT THROUGH,Day,144.99035,-37.86837,PORT PHILLIP,METROPOLITAN NORTH WEST REGION,2,1,0,0,1,1,1,1,1,0,1,0,0,0,0,0,0,0,0,1,No,0,2,0,1,0,0,MELB_URBAN,MELB_URBAN,PORT PHILLIP,METROPOLITAN NORTH WEST REGION,ST KILDA,2018,2,February
144.97886984809003,-37.79595094440165,3463958,17/2/2018,10.30.00,No,Collision with vehicle,Saturday,LANE CHANGE LEFT (NOT OVERTAKING),Day,144.97887,-37.79595,YARRA,METROPOLITAN NORTH WEST REGION,3,1,0,0,1,2,0,3,1,1,1,0,0,0,0,0,0,0,0,0,No,0,2,0,1,0,0,MELB_URBAN,MELB_URBAN,YARRA,METROPOLITAN NORTH WEST REGION,FITZROY,2018,2,February
144.2849533644702,-36.75796298422157,3463960,4/2/2018,11.30.00,No,Collision with vehicle,Sunday,LEAVING PARKING,Day,144.28495,-36.75796,BENDIGO,NORTHERN REGION,2,1,0,0,1,1,0,1,1,0,0,0,0,0,1,0,0,0,0,0,No,0,2,0,0,0,0,LARGE_PROVINCIAL_CITIES,LARGE_PROVINCIAL_CITIES,BENDIGO,NORTHERN REGION,BENDIGO,2018,2,February
144.3948047289783,-38.18177790662333,3463971,26/2/2018,06.20.00,No,Collision with vehicle,Monday,RIGHT NEAR (INTERSECTIONS ONLY),Dusk/Dawn,144.3948,-38.181779999999996,GEELONG,SOUTH WESTERN REGION,2,1,0,1,0,1,1,1,1,0,1,0,0,0,0,0,0,0,0,1,No,0,2,0,1,0,0,LARGE_PROVINCIAL_CITIES,LARGE_PROVINCIAL_CITIES,GEELONG,SOUTH WESTERN REGION,WHITTINGTON,2018,2,February
144.97847225153788,-37.85912238564824,3463978,7/2/2018,08.30.00,No,Collision with vehicle,Wednesday,VEHICLE STRIKES DOOR OF PARKED/STATIONARY VEHICLE,Day,144.97847,-37.859120000000004,PORT PHILLIP,METROPOLITAN NORTH WEST REGION,2,1,0,0,1,1,1,0,1,0,0,0,0,0,1,0,1,0,0,0,No,0,2,0,0,0,0,MELB_URBAN,MELB_URBAN,PORT PHILLIP,METROPOLITAN NORTH WEST REGION,ST KILDA,2018,2,February
144.94824326292283,-37.79442739210735,3463985,13/2/2018,23.15.00,Yes,Collision with vehicle,Monday,VEHICLE STRIKES DOOR OF PARKED/STATIONARY VEHICLE,Dark Street lights on,144.94824,-37.79443,MELBOURNE,METROPOLITAN NORTH WEST REGION,2,1,0,0,1,1,2,0,1,0,1,0,0,0,0,0,0,0,0,0,No,0,2,0,1,0,0,MELB_URBAN,MELB_URBAN,MELBOURNE,METROPOLITAN NORTH WEST REGION,NORTH MELBOURNE,2018,2,February
145.16863889453825,-37.88095230095873,3463999,20/2/2018,08.45.00,No,Collision with vehicle,Tuesday,LEAVING PARKING,Day,145.16863999999995,-37.88095,MONASH,METROPOLITAN SOUTH EAST REGION,2,1,0,0,1,1,1,1,1,0,1,0,0,0,0,0,0,0,0,0,No,0,3,0,2,0,0,MELB_URBAN,MELB_URBAN,MONASH,METROPOLITAN SOUTH EAST REGION,GLEN WAVERLEY,2018,2,February
145.17803275784726,-37.80428774385693,3464002,20/2/2018,10.12.00,No,Collision with vehicle,Tuesday,VEHICLE OFF FOOTPATH STRIKES VEH ON CARRIAGEWAY,Day,145.17803,-37.80429,MANNINGHAM,METROPOLITAN SOUTH EAST REGION,2,1,0,1,0,1,0,2,1,0,1,0,0,0,0,0,0,0,0,0,No,0,2,0,1,0,0,MELB_URBAN,MELB_URBAN,"WHITEHORSE,MANNINGHAM",METROPOLITAN SOUTH EAST REGION,NUNAWADING,2018,2,February
144.33264027331947,-38.11871986125415,3464017,26/2/2018,07.15.00,No,Collision with vehicle,Monday,FAR SIDE. PED HIT BY VEHICLE FROM THE LEFT,Day,144.33264,-38.11872,GEELONG,SOUTH WESTERN REGION,2,1,0,1,0,1,1,1,1,0,1,0,0,0,0,0,1,0,0,0,No,0,2,0,0,0,0,LARGE_PROVINCIAL_CITIES,LARGE_PROVINCIAL_CITIES,GEELONG,SOUTH WESTERN REGION,BELL PARK,2018,2,February
144.7559998412871,-37.88714096432325,3464018,26/2/2018,08.00.00,No,Collision with vehicle,Monday,VEHICLE OFF FOOTPATH STRIKES VEH ON CARRIAGEWAY,Day,144.756,-37.88714,HOBSONS BAY,METROPOLITAN NORTH WEST REGION,2,1,0,0,1,1,1,1,1,0,1,0,0,0,0,0,1,0,0,0,No,0,2,0,1,0,0,MELB_URBAN,MELB_URBAN,"WYNDHAM,HOBSONS BAY",METROPOLITAN NORTH WEST REGION,SEABROOK,2018,2,February
145.19549016453556,-38.01225909428719,3464023,26/2/2018,14.43.00,No,Collision with vehicle,Monday,REAR END(VEHICLES IN SAME LANE),Day,145.19548999999995,-38.01226,DANDENONG,METROPOLITAN SOUTH EAST REGION,2,1,0,0,1,1,2,0,1,0,1,0,0,0,0,0,0,0,0,0,Yes,0,2,0,1,0,0,MELB_URBAN,MELB_URBAN,DANDENONG,METROPOLITAN SOUTH EAST REGION,DANDENONG SOUTH,2018,2,February
145.0679105372442,-37.82197942814261,3464029,7/2/2018,18.27.00,Yes,Collision with vehicle,Wednesday,RIGHT THROUGH,Day,145.06791,-37.821979999999996,BOROONDARA,METROPOLITAN SOUTH EAST REGION,2,1,0,1,0,1,1,1,1,0,1,0,0,0,0,0,0,0,0,0,No,0,2,0,1,0,0,MELB_URBAN,MELB_URBAN,BOROONDARA,METROPOLITAN SOUTH EAST REGION,CANTERBURY,2018,2,February
145.14568941913024,-37.88673093280698,3464039,14/2/2018,06.42.00,No,Collision with vehicle,Wednesday,RIGHT THROUGH,Dusk/Dawn,145.14569,-37.88673,MONASH,METROPOLITAN SOUTH EAST REGION,2,1,0,0,1,1,2,0,1,0,1,0,0,0,0,0,0,0,0,0,No,0,2,0,1,0,0,MELB_URBAN,MELB_URBAN,MONASH,METROPOLITAN SOUTH EAST REGION,GLEN WAVERLEY,2018,2,February
145.12908631358962,-37.90978960776887,3464040,29/8/2017,09.10.00,No,Collision with vehicle,Tuesday,VEHICLE OFF FOOTPATH STRIKES VEH ON CARRIAGEWAY,Day,145.12909,-37.90979,MONASH,METROPOLITAN SOUTH EAST REGION,2,1,0,0,1,1,0,2,1,0,1,0,0,0,0,0,0,0,0,0,No,0,2,0,1,0,0,MELB_URBAN,MELB_URBAN,MONASH,METROPOLITAN SOUTH EAST REGION,CLAYTON,2017,8,August
144.92524547346167,-37.78770242975425,3464046,2/2/2018,16.01.00,Yes,Collision with vehicle,Friday,LEFT TURN SIDESWIPE,Day,144.92525,-37.7877,MELBOURNE,METROPOLITAN NORTH WEST REGION,3,1,0,0,1,2,0,3,1,1,1,0,0,0,0,0,0,0,0,0,No,0,2,0,1,0,0,MELB_URBAN,MELB_URBAN,"MOONEE VALLEY,MELBOURNE",METROPOLITAN NORTH WEST REGION,FLEMINGTON,2018,2,February
144.65703999556519,-38.1133600024832,3464049,8/1/2018,09.20.00,No,Collision with vehicle,Monday,LEFT NEAR (INTERSECTIONS ONLY),Unk.,144.65704,-38.11336,GEELONG,SOUTH WESTERN REGION,2,1,0,0,1,1,1,0,1,0,0,0,0,0,1,0,0,0,0,0,No,0,2,0,0,0,0,TOWNS,TOWNS,GEELONG,SOUTH WESTERN REGION,PORTARLINGTON,2018,1,January
144.99896407939457,-37.80745808102416,3464054,13/2/2018,18.30.00,Yes,Collision with vehicle,Tuesday,LEFT TURN SIDESWIPE,Unk.,144.99896,-37.80746,YARRA,METROPOLITAN NORTH WEST REGION,2,1,0,0,1,1,1,1,1,0,1,0,0,0,0,0,0,0,0,0,No,0,2,0,0,0,0,MELB_URBAN,MELB_URBAN,YARRA,METROPOLITAN NORTH WEST REGION,ABBOTSFORD,2018,2,February
144.9612480261522,-38.3344216276489,3464057,20/2/2018,16.30.00,No,Collision with vehicle,Tuesday,RIGHT NEAR (INTERSECTIONS ONLY),Day,144.96125,-38.33442,MORNINGTON PENINSULA,METROPOLITAN SOUTH EAST REGION,2,1,0,0,1,1,2,0,1,0,1,0,0,0,0,0,0,0,0,0,No,0,2,0,1,0,0,MELB_URBAN,MELB_URBAN,MORNINGTON PENINSULA,METROPOLITAN SOUTH EAST REGION,DROMANA,2018,2,February
146.26124125954186,-38.1747029047009,3464063,19/2/2018,08.15.00,No,Collision with vehicle,Monday,CROSS TRAFFIC(INTERSECTIONS ONLY),Day,146.26124,-38.1747,LATROBE,EASTERN REGION,2,1,0,0,1,1,0,2,1,0,1,0,0,0,0,0,0,0,1,0,No,0,2,0,1,0,0,SMALL_CITIES,SMALL_CITIES,LATROBE,"EASTERN REGION,EASTERN REGION",MOE,2018,2,February
144.3201497625618,-38.18569123563254,3464064,26/2/2018,08.45.00,No,Collision with vehicle,Monday,U TURN,Day,144.32015,-38.18569,GEELONG,SOUTH WESTERN REGION,2,1,0,1,0,1,0,2,1,0,1,0,0,0,0,0,0,0,0,1,No,0,2,0,1,0,0,LARGE_PROVINCIAL_CITIES,LARGE_PROVINCIAL_CITIES,GEELONG,SOUTH WESTERN REGION,HIGHTON,2018,2,February
145.00272272370572,-37.89935941867541,3464080,8/2/2018,07.15.00,No,Collision with vehicle,Thursday,CROSS TRAFFIC(INTERSECTIONS ONLY),Unk.,145.00271999999995,-37.899359999999994,BAYSIDE,METROPOLITAN SOUTH EAST REGION,2,1,0,0,1,1,2,0,1,0,1,0,0,0,0,0,0,0,0,0,No,0,2,0,1,0,0,MELB_URBAN,MELB_URBAN,BAYSIDE,METROPOLITAN SOUTH EAST REGION,BRIGHTON,2018,2,February
144.92484269186974,-37.76715882850712,3464092,14/2/2018,19.01.00,Yes,Collision with vehicle,Wednesday,LANE SIDE SWIPE (VEHICLES IN PARALLEL LANES),Day,144.92484,-37.76716,MOONEE VALLEY,METROPOLITAN NORTH WEST REGION,2,1,0,0,1,1,0,1,1,0,1,0,0,0,0,0,0,0,0,0,No,0,2,0,1,0,0,MELB_URBAN,MELB_URBAN,MOONEE VALLEY,METROPOLITAN NORTH WEST REGION,MOONEE PONDS,2018,2,February
145.05275687845042,-37.89070307478638,3464097,14/2/2018,20.00.00,Yes,Collision with vehicle,Wednesday,CROSS TRAFFIC(INTERSECTIONS ONLY),Dusk/Dawn,145.05276,-37.8907,GLEN EIRA,METROPOLITAN SOUTH EAST REGION,2,1,0,0,1,1,2,0,1,0,1,0,0,0,0,0,0,0,0,1,No,0,2,0,1,0,0,MELB_URBAN,MELB_URBAN,GLEN EIRA,METROPOLITAN SOUTH EAST REGION,CARNEGIE,2018,2,February
144.94755790397164,-37.82583171819173,3464105,20/2/2018,17.00.00,No,Collision with vehicle,Tuesday,LEFT TURN SIDESWIPE,Unk.,144.94756,-37.825829999999996,MELBOURNE,METROPOLITAN NORTH WEST REGION,2,1,0,0,1,1,2,0,1,0,1,0,0,0,0,0,0,0,0,0,No,0,2,1,0,0,0,MELB_URBAN,MELB_URBAN,MELBOURNE,METROPOLITAN NORTH WEST REGION,DOCKLANDS,2018,2,February
145.02169571797168,-37.803170355264456,3464108,19/2/2018,18.00.00,Yes,Collision with vehicle,Monday,RIGHT NEAR (INTERSECTIONS ONLY),Day,145.0217,-37.80317,BOROONDARA,METROPOLITAN SOUTH EAST REGION,2,1,0,0,1,1,2,0,1,0,1,0,0,0,0,0,0,0,0,0,No,0,2,0,1,0,0,MELB_URBAN,MELB_URBAN,BOROONDARA,METROPOLITAN SOUTH EAST REGION,KEW,2018,2,February
144.9708182339854,-37.825300505329,3464138,8/2/2018,16.50.00,No,Struck Pedestrian,Thursday,FAR SIDE. PED HIT BY VEHICLE FROM THE LEFT,Day,144.97082,-37.8253,MELBOURNE,METROPOLITAN NORTH WEST REGION,2,1,0,1,0,1,0,2,1,0,0,1,0,0,0,0,0,0,0,0,No,0,1,0,0,0,0,MELB_URBAN,MELB_URBAN,MELBOURNE,METROPOLITAN NORTH WEST REGION,SOUTHBANK,2018,2,February
144.97262561985517,-37.7992532821488,3464143,14/2/2018,16.35.00,No,Collision with vehicle,Wednesday,OTHER OPPOSING MANOEUVRES NOT INCLUDED IN DCAs 120-125.,Day,144.97263,-37.79925,MELBOURNE,METROPOLITAN NORTH WEST REGION,2,1,0,0,1,1,2,0,1,0,1,0,0,0,0,0,0,0,0,0,No,0,2,0,1,0,0,MELB_URBAN,MELB_URBAN,MELBOURNE,METROPOLITAN NORTH WEST REGION,CARLTON,2018,2,February
144.9921060020507,-37.76598383250633,3464145,15/2/2018,07.25.00,No,Collision with vehicle,Thursday,CROSS TRAFFIC(INTERSECTIONS ONLY),Day,144.99211,-37.76598,DAREBIN,METROPOLITAN NORTH WEST REGION,2,1,0,1,0,1,0,2,1,0,1,0,0,0,0,0,0,0,0,0,No,0,2,0,0,0,1,MELB_URBAN,MELB_URBAN,DAREBIN,METROPOLITAN NORTH WEST REGION,NORTHCOTE,2018,2,February
145.00712881314016,-37.82604548132641,3464151,24/1/2018,08.50.00,No,Collision with vehicle,Wednesday,LEFT NEAR (INTERSECTIONS ONLY),Day,145.00713000000005,-37.82605,YARRA,METROPOLITAN NORTH WEST REGION,2,1,0,1,0,1,1,1,1,0,1,0,0,0,0,0,0,0,0,0,No,0,2,0,1,0,0,MELB_URBAN,MELB_URBAN,YARRA,METROPOLITAN NORTH WEST REGION,RICHMOND,2018,1,January
145.08789089634016,-38.008427752286494,3464157,21/2/2018,09.55.00,No,Collision with vehicle,Wednesday,REAR END(VEHICLES IN SAME LANE),Day,145.08789,-38.00843,KINGSTON,METROPOLITAN SOUTH EAST REGION,2,1,0,1,0,1,2,0,1,0,1,0,0,0,0,0,0,0,1,0,No,0,2,0,1,0,0,MELB_URBAN,MELB_URBAN,KINGSTON,METROPOLITAN SOUTH EAST REGION,MORDIALLOC,2018,2,February
145.02303981970618,-37.87246096396334,3464167,26/2/2018,17.10.00,No,Collision with vehicle,Monday,VEHICLE STRIKES DOOR OF PARKED/STATIONARY VEHICLE,Day,145.02303999999995,-37.87246,GLEN EIRA,METROPOLITAN SOUTH EAST REGION,2,1,0,0,1,1,1,1,1,0,1,0,0,0,0,0,0,0,0,0,No,0,2,0,1,0,0,MELB_URBAN,MELB_URBAN,GLEN EIRA,METROPOLITAN SOUTH EAST REGION,CAULFIELD NORTH,2018,2,February
145.02305022485325,-37.833479905768826,3464168,25/2/2018,09.30.00,Yes,Collision with vehicle,Sunday,VEHICLE COLLIDES WITH VEHICLE PARKED ON LEFT OF ROAD,Day,145.02305,-37.83348,YARRA,METROPOLITAN NORTH WEST REGION,1,1,0,1,0,0,0,1,1,0,0,0,0,0,0,0,0,0,0,0,No,0,2,0,1,0,0,MELB_URBAN,MELB_URBAN,YARRA,METROPOLITAN NORTH WEST REGION,BURNLEY,2018,2,February
145.29785330269175,-38.05844252141594,3464170,27/2/2018,07.00.00,No,Collision with vehicle,Tuesday,RIGHT NEAR (INTERSECTIONS ONLY),Day,145.29785,-38.058440000000004,CASEY,METROPOLITAN SOUTH EAST REGION,2,1,0,0,1,1,1,1,1,0,1,0,0,0,0,0,0,0,0,0,No,0,2,0,1,0,0,MELB_URBAN,MELB_URBAN,CASEY,METROPOLITAN SOUTH EAST REGION,NARRE WARREN SOUTH,2018,2,February
143.85286060040985,-37.55035672099695,3464178,27/2/2018,11.00.00,No,Collision with vehicle,Monday,LANE SIDE SWIPE (VEHICLES IN PARALLEL LANES),Day,143.85286000000005,-37.55036,BALLARAT,WESTERN REGION,2,1,0,0,1,1,2,0,1,0,1,0,0,0,0,0,0,0,0,0,No,0,2,0,1,0,0,LARGE_PROVINCIAL_CITIES,LARGE_PROVINCIAL_CITIES,BALLARAT,WESTERN REGION,BALLARAT CENTRAL,2018,2,February
144.95755286674074,-37.81143091625577,3464216,21/2/2018,18.35.00,Yes,Collision with vehicle,Wednesday,RIGHT THROUGH,Day,144.95755,-37.81143,MELBOURNE,METROPOLITAN NORTH WEST REGION,2,1,0,0,1,1,1,1,1,0,1,0,0,0,0,0,0,0,0,0,No,0,2,0,1,0,0,MELBOURNE_CBD,"MELBOURNE_CBD,MELB_URBAN",MELBOURNE,METROPOLITAN NORTH WEST REGION,MELBOURNE,2018,2,February
144.889213240703,-37.813473668300794,3464217,21/2/2018,18.31.00,Yes,Vehicle overturned (no collision),Wednesday,OUT OF CONTROL ON CARRIAGEWAY (ON STRAIGHT),Day,144.88921000000005,-37.81347,MARIBYRNONG,METROPOLITAN NORTH WEST REGION,2,2,0,1,1,0,2,0,2,0,0,0,0,0,0,0,0,0,0,0,No,0,2,0,0,0,0,MELB_URBAN,MELB_URBAN,MARIBYRNONG,METROPOLITAN NORTH WEST REGION,YARRAVILLE,2018,2,February
144.99483320101254,-37.816840355731465,3464219,25/1/2018,15.30.00,No,Collision with vehicle,Thursday,ENTERING PARKING,Day,144.99483,-37.81684,YARRA,METROPOLITAN NORTH WEST REGION,2,1,0,0,1,1,0,2,1,0,1,0,0,0,0,0,0,0,0,0,No,0,2,0,1,0,0,MELB_URBAN,MELB_URBAN,YARRA,METROPOLITAN NORTH WEST REGION,RICHMOND,2018,1,January
144.9960268651011,-37.83748959406908,3464225,23/1/2018,08.00.00,No,No collision and no object struck,Tuesday,OUT OF CONTROL ON CARRIAGEWAY (ON STRAIGHT),Day,144.99603000000005,-37.83749,STONNINGTON,METROPOLITAN SOUTH EAST REGION,1,1,0,0,1,0,1,0,1,0,0,0,0,0,0,0,0,0,0,0,No,0,1,0,0,0,0,MELB_URBAN,MELB_URBAN,STONNINGTON,METROPOLITAN SOUTH EAST REGION,SOUTH YARRA,2018,1,January
144.94731652395132,-37.793725100443375,3464230,19/1/2018,20.10.00,Yes,Collision with vehicle,Friday,REAR END(VEHICLES IN SAME LANE),Unk.,144.94732,-37.79373,MELBOURNE,METROPOLITAN NORTH WEST REGION,2,1,0,1,0,1,1,0,1,0,0,0,0,0,1,0,0,0,0,0,No,0,2,0,0,0,0,MELB_URBAN,MELB_URBAN,MELBOURNE,METROPOLITAN NORTH WEST REGION,NORTH MELBOURNE,2018,1,January
144.98789212534183,-37.796010228334644,3464240,8/2/2018,23.20.00,Yes,Collision with vehicle,Thursday,VEHICLE STRIKES DOOR OF PARKED/STATIONARY VEHICLE,Dark Street lights on,144.98789,-37.796009999999995,YARRA,METROPOLITAN NORTH WEST REGION,2,1,0,0,1,1,0,2,1,0,1,0,0,0,0,0,0,0,0,1,No,0,2,0,1,0,0,MELB_URBAN,MELB_URBAN,YARRA,METROPOLITAN NORTH WEST REGION,COLLINGWOOD,2018,2,February
145.2875598230375,-37.85998316810638,3464243,9/2/2018,15.29.00,No,Collision with vehicle,Friday,VEHICLE OFF FOOTPATH STRIKES VEH ON CARRIAGEWAY,Day,145.28756,-37.85998,KNOX,METROPOLITAN SOUTH EAST REGION,4,1,0,0,1,3,2,1,1,1,2,0,0,0,0,0,1,0,0,0,No,0,3,0,2,0,0,MELB_URBAN,MELB_URBAN,KNOX,METROPOLITAN SOUTH EAST REGION,BORONIA,2018,2,February