X,Y,OBJECTID,ACCIDENT_DATE,ACCIDENT_TIME,ALCOHOLTIME,ACCIDENT_TYPE,DAY_OF_WEEK,DCA_CODE,LIGHT_CONDITION,LONGITUDE,LATITUDE,LGA_NAME,REGION_NAME,TOTAL_PERSONS,INJ_OR_FATAL,FATALITY,SERIOUSINJURY,OTHERINJURY,NONINJURED,MALES,FEMALES,BICYCLIST,PASSENGER,DRIVER,PEDESTRIAN,PILLION,MOTORIST,UNKNOWN,PED_CYCLIST_5_12,PED_CYCLIST_13_18,OLD_PEDESTRIAN,OLD_DRIVER,YOUNG_DRIVER,ALCOHOL_RELATED,UNLICENCSED,NO_OF_VEHICLES,HEAVYVEHICLE,PASSENGERVEHICLE,MOTORCYCLE,PUBLICVEHICLE,DEG_URBAN_NAME,DEG_URBAN_ALL,LGA_NAME_ALL,REGION_NAME_ALL,Suburb,Year,Month,Month_name
142.19970645545342,-36.71310897262197,3475397,22/11/2018,15.00.00,No,Collision with vehicle,Thursday,LEFT NEAR (INTERSECTIONS ONLY),Day,142.19971,-36.71311,HORSHAM,WESTERN REGION,2,1,0,0,1,1,0,2,1,0,1,0,0,0,0,0,0,0,0,0,No,0,2,0,1,0,0,SMALL_CITIES,SMALL_CITIES,HORSHAM,WESTERN REGION,HORSHAM,2018,11,November
144.9969719228471,-37.831029367625156,3475405,29/11/2018,07.00.00,No,Collision with vehicle,Thursday,RIGHT THROUGH,Day,144.99697,-37.83103,YARRA,METROPOLITAN NORTH WEST REGION,2,1,0,0,1,1,2,0,1,0,1,0,0,0,0,0,0,0,0,0,No,0,2,0,1,0,0,MELB_URBAN,MELB_URBAN,YARRA,METROPOLITAN NORTH WEST REGION,CREMORNE,2018,11,November
144.7025043943613,-37.87252240277362,3475411,29/11/2018,07.45.00,No,Collision with vehicle,Thursday,RIGHT THROUGH,Day,144.7025,-37.87252,WYNDHAM,METROPOLITAN NORTH WEST REGION,2,1,0,0,1,1,0,2,1,0,1,0,0,0,0,0,0,0,0,0,No,0,2,0,1,0,0,MELB_URBAN,MELB_URBAN,WYNDHAM,METROPOLITAN NORTH WEST REGION,HOPPERS CROSSING,2018,11,November
145.0043822036749,-37.9527787507344,3475433,27/2/2019,19.45.00,Yes,collision with some other object,Tuesday,OUT OF CONTROL (OVERTAKING),Dusk/Dawn,145.00438,-37.95278,BAYSIDE,METROPOLITAN SOUTH EAST REGION,2,1,0,1,0,1,2,0,1,0,1,0,0,0,0,0,0,0,0,0,No,0,2,0,1,0,0,MELB_URBAN,MELB_URBAN,BAYSIDE,METROPOLITAN SOUTH EAST REGION,SANDRINGHAM,2019,2,February
144.34734147989715,-38.145496324239815,3475437,23/2/2019,09.31.00,No,Collision with vehicle,Friday,LEFT TURN SIDESWIPE,Day,144.34734,-38.1455,GEELONG,SOUTH WESTERN REGION,2,1,0,0,1,1,1,1,1,0,1,0,0,0,0,0,0,0,0,1,No,0,2,0,1,0,0,LARGE_PROVINCIAL_CITIES,LARGE_PROVINCIAL_CITIES,GEELONG,SOUTH WESTERN REGION,GEELONG WEST,2019,2,February
144.99070212273347,-37.77209088804313,3475445,12/3/2019,09.05.00,No,Collision with vehicle,Monday,RIGHT FAR (INTERSECTIONS ONLY),Day,144.9907,-37.77209000000001,DAREBIN,METROPOLITAN NORTH WEST REGION,2,1,0,0,1,1,0,2,1,0,1,0,0,0,0,0,0,0,0,1,No,0,2,0,1,0,0,MELB_URBAN,MELB_URBAN,DAREBIN,METROPOLITAN NORTH WEST REGION,NORTHCOTE,2019,3,March
145.035145762282,-37.82371855232961,3475455,28/2/2019,11.55.00,No,Collision with vehicle,Wednesday,LEFT OFF CARRIAGEWAY INTO OBJECT/PARKED VEHICLE,Day,145.03515,-37.82372,BOROONDARA,METROPOLITAN SOUTH EAST REGION,1,1,0,0,1,0,1,0,1,0,0,0,0,0,0,0,0,0,0,0,No,0,2,0,1,0,0,MELB_URBAN,MELB_URBAN,BOROONDARA,METROPOLITAN SOUTH EAST REGION,HAWTHORN,2019,2,February
144.99816443525938,-37.82438208146353,3475461,28/2/2019,12.40.00,No,Collision with vehicle,Wednesday,LANE CHANGE LEFT (NOT OVERTAKING),Day,144.99816,-37.82438,YARRA,METROPOLITAN NORTH WEST REGION,2,1,0,1,0,1,2,0,1,0,1,0,0,0,0,0,0,0,0,0,No,0,2,0,1,0,0,MELB_URBAN,MELB_URBAN,YARRA,METROPOLITAN NORTH WEST REGION,RICHMOND,2019,2,February
145.00050759666783,-37.759144990914,3475469,4/10/2018,19.30.00,Yes,Collision with vehicle,Wednesday,LANE SIDE SWIPE (VEHICLES IN PARALLEL LANES),Dark Street lights on,145.00051000000005,-37.75914,DAREBIN,METROPOLITAN NORTH WEST REGION,2,1,0,0,1,1,1,0,1,0,0,0,0,0,1,0,0,0,0,0,No,0,2,0,0,0,0,MELB_URBAN,MELB_URBAN,DAREBIN,METROPOLITAN NORTH WEST REGION,THORNBURY,2018,10,October
145.07456359786684,-37.97756534261693,3475479,14/3/2019,08.29.00,No,Collision with vehicle,Wednesday,VEHICLE STRIKES ANOTHER VEH WHILE EMERGING FROM DRIVEWAY,Day,145.07456000000005,-37.97757,KINGSTON,METROPOLITAN SOUTH EAST REGION,2,1,0,0,1,1,1,1,1,0,1,0,0,0,0,1,0,0,0,0,No,0,2,0,1,0,0,MELB_URBAN,MELB_URBAN,KINGSTON,METROPOLITAN SOUTH EAST REGION,MENTONE,2019,3,March
145.00772520724075,-37.8380055193722,3475487,1/3/2019,07.55.00,No,Collision with vehicle,Thursday,CROSS TRAFFIC(INTERSECTIONS ONLY),Day,145.00773,-37.83801,STONNINGTON,METROPOLITAN SOUTH EAST REGION,2,1,0,0,1,1,1,1,1,0,1,0,0,0,0,0,0,0,0,1,No,0,2,0,1,0,0,MELB_URBAN,MELB_URBAN,STONNINGTON,METROPOLITAN SOUTH EAST REGION,TOORAK,2019,3,March
144.98615892893275,-37.81070410801171,3475494,14/3/2019,15.33.00,No,Collision with vehicle,Wednesday,RIGHT THROUGH,Day,144.98616,-37.8107,MELBOURNE,METROPOLITAN NORTH WEST REGION,2,1,0,0,1,1,1,1,1,0,1,0,0,0,0,0,0,0,0,0,No,0,2,0,1,0,0,MELB_URBAN,MELB_URBAN,MELBOURNE,METROPOLITAN NORTH WEST REGION,EAST MELBOURNE,2019,3,March
144.3541683608698,-38.18281165507171,3475499,14/3/2019,19.15.00,Yes,Vehicle overturned (no collision),Wednesday,OTHER ACCIDENTS-OFF STRAIGHT NOT INCLUDED IN DCAs 170-175,Dusk/Dawn,144.35416999999995,-38.182809999999996,GEELONG,SOUTH WESTERN REGION,1,1,0,0,1,0,1,0,1,0,0,0,0,0,0,0,0,0,0,0,No,0,1,0,0,0,0,LARGE_PROVINCIAL_CITIES,LARGE_PROVINCIAL_CITIES,GEELONG,SOUTH WESTERN REGION,BELMONT,2019,3,March
144.96212605379338,-37.767049030283076,3475500,13/3/2019,17.50.00,No,Collision with vehicle,Tuesday,LANE CHANGE LEFT (NOT OVERTAKING),Day,144.96213,-37.76705,MORELAND,METROPOLITAN NORTH WEST REGION,2,1,0,0,1,1,2,0,1,0,1,0,0,0,0,0,0,0,0,0,No,0,2,0,1,0,0,MELB_URBAN,MELB_URBAN,MORELAND,METROPOLITAN NORTH WEST REGION,BRUNSWICK,2019,3,March
145.02093631111225,-37.93239269741188,3475502,14/3/2019,08.17.00,No,Collision with vehicle,Wednesday,VEHICLE STRIKES ANOTHER VEH WHILE EMERGING FROM DRIVEWAY,Day,145.02094,-37.93239000000001,BAYSIDE,METROPOLITAN SOUTH EAST REGION,2,1,0,0,1,1,1,1,1,0,1,0,0,0,0,1,0,0,0,0,No,0,2,0,1,0,0,MELB_URBAN,MELB_URBAN,BAYSIDE,METROPOLITAN SOUTH EAST REGION,HAMPTON,2019,3,March
144.33939860209557,-38.198866225265604,3475503,14/3/2019,16.50.00,No,Collision with vehicle,Wednesday,RIGHT NEAR (INTERSECTIONS ONLY),Day,144.3394,-38.19887,GEELONG,SOUTH WESTERN REGION,2,1,0,1,0,1,1,1,1,0,1,0,0,0,0,0,0,0,0,0,No,0,2,0,1,0,0,LARGE_PROVINCIAL_CITIES,LARGE_PROVINCIAL_CITIES,GEELONG,SOUTH WESTERN REGION,GROVEDALE,2019,3,March
142.48581976386288,-37.15426135484969,3475507,1/3/2019,10.10.00,No,Fall from or in moving vehicle,Friday,OTHER ACCIDENTS-OFF STRAIGHT NOT INCLUDED IN DCAs 170-175,Day,142.48582,-37.15426,NORTHERN GRAMPIANS,WESTERN REGION,1,1,0,1,0,0,1,0,1,0,0,0,0,0,0,0,0,0,0,0,No,0,1,0,0,0,0,RURAL_VICTORIA,RURAL_VICTORIA,NORTHERN GRAMPIANS,WESTERN REGION,HALLS GAP,2019,3,March
145.02997838229734,-37.64895676251976,3475517,1/3/2019,23.55.00,Yes,Collision with vehicle,Thursday,CROSS TRAFFIC(INTERSECTIONS ONLY),Dark Street lights on,145.02998,-37.648959999999995,WHITTLESEA,METROPOLITAN NORTH WEST REGION,2,1,0,0,1,1,2,0,1,0,1,0,0,0,0,0,0,0,0,0,No,0,2,0,1,0,0,MELB_URBAN,MELB_URBAN,WHITTLESEA,METROPOLITAN NORTH WEST REGION,EPPING,2019,3,March
144.98316067690925,-37.812718840853826,3475524,15/3/2019,08.40.00,No,Collision with vehicle,Thursday,RIGHT THROUGH,Day,144.98316,-37.81272,MELBOURNE,METROPOLITAN NORTH WEST REGION,2,1,0,1,0,1,1,1,1,0,1,0,0,0,0,0,0,0,0,1,No,0,2,0,1,0,0,MELB_URBAN,MELB_URBAN,MELBOURNE,METROPOLITAN NORTH WEST REGION,EAST MELBOURNE,2019,3,March
144.93188965925359,-37.78086979512551,3475526,15/3/2019,16.50.00,No,Collision with vehicle,Thursday,VEHICLE STRIKES DOOR OF PARKED/STATIONARY VEHICLE,Day,144.93188999999995,-37.78087,MOONEE VALLEY,METROPOLITAN NORTH WEST REGION,2,1,0,0,1,1,1,1,1,0,1,0,0,0,0,1,0,0,0,0,No,0,2,0,1,0,0,MELB_URBAN,MELB_URBAN,MOONEE VALLEY,METROPOLITAN NORTH WEST REGION,ASCOT VALE,2019,3,March
141.0333605895618,-37.614752202961434,3475537,2/3/2019,09.15.00,No,Collision with vehicle,Friday,OTHER ACCIDENTS ON CURVE NOT INCLUDED IN DCAs 180-184,Day,141.03336000000004,-37.61475,GLENELG,SOUTH WESTERN REGION,4,2,0,0,2,2,3,0,3,0,0,0,0,0,1,0,0,0,0,0,No,0,4,0,0,0,0,RURAL_VICTORIA,RURAL_VICTORIA,GLENELG,SOUTH WESTERN REGION,LAKE MUNDI,2019,3,March
144.96116888094562,-37.70744549209521,3475538,2/3/2019,10.25.00,No,Collision with vehicle,Friday,OTHER MANOEUVRING NOT INCLUDED IN DCAs 140-148,Day,144.96116999999995,-37.70745,MORELAND,METROPOLITAN NORTH WEST REGION,2,1,0,0,1,1,2,0,1,0,1,0,0,0,0,0,1,0,0,0,No,0,2,0,0,0,0,MELB_URBAN,MELB_URBAN,MORELAND,METROPOLITAN NORTH WEST REGION,FAWKNER,2019,3,March
145.14852419927618,-38.157226006098796,3475549,17/3/2019,20.09.00,No,Collision with vehicle,,OTHER ADJACENT (INTERSECTIONS ONLY),Day,145.14852,-38.15723,FRANKSTON,METROPOLITAN SOUTH EAST REGION,2,1,0,1,0,1,2,0,1,0,1,0,0,0,0,1,0,0,0,0,No,1,2,0,1,0,0,MELB_URBAN,MELB_URBAN,FRANKSTON,METROPOLITAN SOUTH EAST REGION,FRANKSTON,2019,3,March
145.00709262634138,-37.81120484479357,3475553,18/3/2019,15.50.00,No,Vehicle overturned (no collision),Sunday,OTHER ACCIDENTS-OFF STRAIGHT NOT INCLUDED IN DCAs 170-175,Day,145.00708999999995,-37.8112,YARRA,METROPOLITAN NORTH WEST REGION,1,1,0,1,0,0,0,1,1,0,0,0,0,0,0,0,0,0,0,0,No,0,1,0,0,0,0,MELB_URBAN,MELB_URBAN,YARRA,METROPOLITAN NORTH WEST REGION,ABBOTSFORD,2019,3,March
145.14534957625162,-37.67860835912175,3475560,21/2/2019,16.00.00,No,Collision with vehicle,Wednesday,UNKNOWN-NO DETAILS ON MANOEUVRES OF ROAD-USERS IN ACCIDENT,Day,145.14535,-37.67861,NILLUMBIK,METROPOLITAN NORTH WEST REGION,1,1,0,0,1,0,1,0,1,0,0,0,0,0,0,1,0,0,0,0,No,0,2,0,1,0,0,MELB_URBAN,MELB_URBAN,NILLUMBIK,METROPOLITAN NORTH WEST REGION,DIAMOND CREEK,2019,2,February
144.97506940563932,-37.78491732692669,3475562,21/2/2019,08.00.00,No,Collision with vehicle,Wednesday,CROSS TRAFFIC(INTERSECTIONS ONLY),Day,144.97507,-37.78492,YARRA,METROPOLITAN NORTH WEST REGION,2,1,0,0,1,1,0,2,1,0,1,0,0,0,0,0,0,0,0,0,No,0,2,0,1,0,0,MELB_URBAN,MELB_URBAN,YARRA,METROPOLITAN NORTH WEST REGION,CARLTON NORTH,2019,2,February
144.99141746580528,-37.809327925520336,3475569,22/2/2019,11.06.00,No,Collision with vehicle,Friday,OTHER OPPOSING MANOEUVRES NOT INCLUDED IN DCAs 120-125.,Day,144.99142,-37.809329999999996,YARRA,METROPOLITAN NORTH WEST REGION,2,1,0,0,1,1,1,1,1,0,1,0,0,0,0,0,0,0,0,1,No,0,2,0,1,0,0,MELB_URBAN,MELB_URBAN,YARRA,METROPOLITAN NORTH WEST REGION,ABBOTSFORD,2019,2,February
142.021714923692,-37.742122795236185,3475585,22/2/2019,15.45.00,No,Collision with vehicle,Friday,VEHICLE OFF FOOTPATH STRIKES VEH ON CARRIAGEWAY,Day,142.02171,-37.74212,SOUTHERN GRAMPIANS,SOUTH WESTERN REGION,3,1,0,1,0,2,1,1,1,1,1,0,0,0,0,1,0,0,0,0,No,0,2,0,1,0,0,TOWNS,TOWNS,SOUTHERN GRAMPIANS,SOUTH WESTERN REGION,HAMILTON,2019,2,February
144.99487227390483,-37.78083986390142,3475593,23/2/2019,08.00.00,No,Collision with vehicle,Friday,VEHICLE STRIKES DOOR OF PARKED/STATIONARY VEHICLE,Day,144.99487,-37.78084000000001,DAREBIN,METROPOLITAN NORTH WEST REGION,2,1,0,0,1,1,2,0,1,0,1,0,0,0,0,0,0,0,0,0,No,0,2,0,1,0,0,MELB_URBAN,MELB_URBAN,DAREBIN,METROPOLITAN NORTH WEST REGION,NORTHCOTE,2019,2,February
145.1095004920787,-38.21393581031503,3475596,23/2/2019,10.00.00,No,Collision with vehicle,Friday,RIGHT FAR (INTERSECTIONS ONLY),Day,145.1095,-38.21394,MORNINGTON PENINSULA,METROPOLITAN SOUTH EAST REGION,2,1,0,1,0,1,2,0,1,0,1,0,0,0,0,0,0,0,0,0,No,0,2,0,1,0,0,RURAL_VICTORIA,RURAL_VICTORIA,MORNINGTON PENINSULA,METROPOLITAN SOUTH EAST REGION,MOOROODUC,2019,2,February
141.60000357622033,-38.359313798893474,3475598,3/3/2019,17.35.00,Yes,Collision with vehicle,Sunday,OTHER ADJACENT (INTERSECTIONS ONLY),Day,141.6,-38.35931,GLENELG,SOUTH WESTERN REGION,2,1,0,1,0,1,0,2,1,0,1,0,0,0,0,1,0,0,0,1,No,0,2,0,1,0,0,TOWNS,TOWNS,GLENELG,SOUTH WESTERN REGION,PORTLAND,2019,3,March
144.96888846004884,-37.805197308285436,3475600,3/3/2019,21.55.00,No,Collision with vehicle,,LEAVING PARKING,Dark No street lights,144.96889,-37.8052,MELBOURNE,METROPOLITAN NORTH WEST REGION,2,1,0,0,1,1,1,1,1,0,1,0,0,0,0,0,0,0,0,0,No,0,2,0,1,0,0,MELB_URBAN,MELB_URBAN,MELBOURNE,METROPOLITAN NORTH WEST REGION,CARLTON,2019,3,March
145.04221152137674,-37.837823625204656,3475603,4/3/2019,08.00.00,No,Collision with vehicle,Monday,RIGHT THROUGH,Day,145.04221,-37.83782,BOROONDARA,METROPOLITAN SOUTH EAST REGION,2,1,0,0,1,1,2,0,1,0,1,0,0,0,0,0,0,0,0,0,No,0,2,0,1,0,0,MELB_URBAN,MELB_URBAN,BOROONDARA,METROPOLITAN SOUTH EAST REGION,HAWTHORN,2019,3,March
144.99312286812054,-37.919484281693386,3475612,22/2/2019,16.30.00,No,Collision with vehicle,Thursday,REAR END(VEHICLES IN SAME LANE),Unk.,144.99312,-37.91948,BAYSIDE,METROPOLITAN SOUTH EAST REGION,2,1,0,0,1,1,1,1,1,0,1,0,0,0,0,0,0,0,0,0,No,0,2,0,1,0,0,MELB_URBAN,MELB_URBAN,BAYSIDE,METROPOLITAN SOUTH EAST REGION,BRIGHTON,2019,2,February
145.85939095500646,-37.55499568206635,3475617,23/2/2019,11.30.00,No,Collision with vehicle,Saturday,HEAD ON (NOT OVERTAKING),Day,145.85939,-37.555,YARRA RANGES,METROPOLITAN SOUTH EAST REGION,2,2,0,0,2,0,2,0,1,0,0,0,0,1,0,0,0,0,0,0,No,0,2,0,0,1,0,RURAL_VICTORIA,RURAL_VICTORIA,YARRA RANGES,METROPOLITAN SOUTH EAST REGION,CAMBARVILLE,2019,2,February
144.3518040126848,-38.17652671624567,3475630,4/3/2019,17.55.00,Yes,Collision with vehicle,Sunday,CROSS TRAFFIC(INTERSECTIONS ONLY),Day,144.3518,-38.17653,GEELONG,SOUTH WESTERN REGION,2,1,0,0,1,1,2,0,1,0,1,0,0,0,0,0,0,0,1,0,No,0,2,0,1,0,0,LARGE_PROVINCIAL_CITIES,LARGE_PROVINCIAL_CITIES,GEELONG,SOUTH WESTERN REGION,BELMONT,2019,3,March
144.85845239523053,-37.83230060403413,3475641,24/2/2019,07.30.00,No,Collision with vehicle,,RIGHT THROUGH,Dusk/Dawn,144.85845,-37.8323,HOBSONS BAY,METROPOLITAN NORTH WEST REGION,2,1,0,0,1,1,2,0,1,0,1,0,0,0,0,0,0,0,0,0,No,0,2,0,1,0,0,MELB_URBAN,MELB_URBAN,HOBSONS BAY,METROPOLITAN NORTH WEST REGION,ALTONA NORTH,2019,2,February
144.35327387537907,-38.163692602804154,3475643,24/2/2019,10.30.00,No,Collision with vehicle,,RIGHT THROUGH,Day,144.35327,-38.16369,GEELONG,SOUTH WESTERN REGION,2,1,0,1,0,1,1,1,1,0,1,0,0,0,0,0,0,0,0,0,No,0,2,0,1,0,0,LARGE_PROVINCIAL_CITIES,LARGE_PROVINCIAL_CITIES,GEELONG,SOUTH WESTERN REGION,SOUTH GEELONG,2019,2,February
145.10459435444824,-37.76739744194925,3475644,24/2/2019,11.15.00,No,Collision with vehicle,,CROSS TRAFFIC(INTERSECTIONS ONLY),Day,145.10459,-37.7674,MANNINGHAM,METROPOLITAN SOUTH EAST REGION,5,1,0,0,1,4,3,2,1,3,1,0,0,0,0,0,0,0,0,0,No,0,2,0,1,0,0,MELB_URBAN,MELB_URBAN,MANNINGHAM,METROPOLITAN SOUTH EAST REGION,TEMPLESTOWE LOWER,2019,2,February
144.98957169090778,-37.82028952935548,3475651,5/3/2019,08.50.00,No,Collision with vehicle,Monday,REAR END(VEHICLES IN SAME LANE),Day,144.98957,-37.82029,MELBOURNE,METROPOLITAN NORTH WEST REGION,2,1,0,0,1,1,2,0,1,0,1,0,0,0,0,0,0,0,0,0,No,0,2,0,1,0,0,MELB_URBAN,MELB_URBAN,"YARRA,MELBOURNE",METROPOLITAN NORTH WEST REGION,EAST MELBOURNE,2019,3,March
144.3343052450034,-38.17441597167387,3475653,4/3/2019,15.30.00,No,Collision with vehicle,Sunday,RIGHT FAR (INTERSECTIONS ONLY),Day,144.33431000000004,-38.17442,GEELONG,SOUTH WESTERN REGION,2,1,0,0,1,1,1,0,1,0,0,0,0,0,1,0,1,0,0,0,No,0,2,0,0,0,0,LARGE_PROVINCIAL_CITIES,LARGE_PROVINCIAL_CITIES,GEELONG,SOUTH WESTERN REGION,BELMONT,2019,3,March
144.99458713328437,-37.844616112285706,3475666,24/2/2019,15.00.00,No,Collision with vehicle,,VEHICLE STRIKES DOOR OF PARKED/STATIONARY VEHICLE,Day,144.99459,-37.84462,STONNINGTON,METROPOLITAN SOUTH EAST REGION,2,1,0,0,1,1,2,0,1,0,1,0,0,0,0,0,0,0,0,0,No,0,2,0,1,0,0,MELB_URBAN,MELB_URBAN,STONNINGTON,METROPOLITAN SOUTH EAST REGION,SOUTH YARRA,2019,2,February
144.99857853629229,-37.769288399949744,3475667,24/2/2019,18.30.00,No,Collision with vehicle,,REAR END(VEHICLES IN SAME LANE),Day,144.99858,-37.76929000000001,DAREBIN,METROPOLITAN NORTH WEST REGION,2,1,0,0,1,1,1,1,1,0,1,0,0,0,0,0,0,0,0,1,No,0,2,0,1,0,0,MELB_URBAN,MELB_URBAN,DAREBIN,METROPOLITAN NORTH WEST REGION,NORTHCOTE,2019,2,February
144.95745156708387,-37.80392485415809,3475679,6/3/2019,08.40.00,No,Collision with vehicle,Tuesday,CROSS TRAFFIC(INTERSECTIONS ONLY),Day,144.95745,-37.80392,MELBOURNE,METROPOLITAN NORTH WEST REGION,2,1,0,1,0,1,2,0,1,0,1,0,0,0,0,0,0,0,0,0,No,0,2,0,1,0,0,MELB_URBAN,MELB_URBAN,MELBOURNE,METROPOLITAN NORTH WEST REGION,NORTH MELBOURNE,2019,3,March
144.55021358712014,-38.18485324671061,3475703,6/3/2019,16.48.00,No,Collision with vehicle,Tuesday,CROSS TRAFFIC(INTERSECTIONS ONLY),Day,144.55021000000005,-38.18485,GEELONG,SOUTH WESTERN REGION,2,1,0,0,1,1,1,1,1,0,1,0,0,0,0,0,0,0,0,0,No,0,2,0,1,0,0,RURAL_VICTORIA,RURAL_VICTORIA,GEELONG,SOUTH WESTERN REGION,DRYSDALE,2019,3,March
144.8494583486293,-37.77922431419585,3475710,7/3/2019,08.30.00,No,Collision with vehicle,Wednesday,LEFT NEAR (INTERSECTIONS ONLY),Day,144.84946000000005,-37.77922,MARIBYRNONG,METROPOLITAN NORTH WEST REGION,2,1,0,0,1,1,1,0,1,0,1,0,0,0,0,1,0,0,0,1,No,0,2,0,1,0,0,MELB_URBAN,MELB_URBAN,MARIBYRNONG,METROPOLITAN NORTH WEST REGION,BRAYBROOK,2019,3,March
145.1090237425933,-38.039448739648115,3475727,26/2/2019,05.45.00,Yes,Collision with vehicle,Tuesday,LANE SIDE SWIPE (VEHICLES IN PARALLEL LANES),Dark Street lights on,145.10902,-38.03945,KINGSTON,METROPOLITAN SOUTH EAST REGION,2,1,0,1,0,1,1,0,1,0,0,0,0,0,1,0,0,0,0,0,No,0,2,0,0,0,0,MELB_URBAN,MELB_URBAN,KINGSTON,METROPOLITAN SOUTH EAST REGION,EDITHVALE,2019,2,February
144.94199148432776,-37.80009642177581,3475731,7/3/2019,07.25.00,No,Collision with vehicle,Thursday,RIGHT THROUGH,Day,144.94199,-37.8001,MELBOURNE,METROPOLITAN NORTH WEST REGION,2,1,0,0,1,1,2,0,1,0,1,0,0,0,0,0,0,0,0,1,No,0,2,0,1,0,0,MELB_URBAN,MELB_URBAN,MELBOURNE,METROPOLITAN NORTH WEST REGION,NORTH MELBOURNE,2019,3,March
145.3533668548971,-37.757564814672115,3475732,7/3/2019,06.15.00,No,Collision with vehicle,Wednesday,CROSS TRAFFIC(INTERSECTIONS ONLY),Dark Street lights unknown,145.35336999999996,-37.75756,YARRA RANGES,METROPOLITAN SOUTH EAST REGION,3,1,0,0,1,2,2,1,2,0,1,0,0,0,0,0,0,0,0,0,No,0,3,0,0,0,0,MELB_URBAN,MELB_URBAN,YARRA RANGES,METROPOLITAN SOUTH EAST REGION,LILYDALE,2019,3,March
144.69522774110501,-37.87889593514057,3475738,7/3/2019,12.00.00,No,Collision with vehicle,Wednesday,RIGHT NEAR (INTERSECTIONS ONLY),Day,144.69523,-37.8789,WYNDHAM,METROPOLITAN NORTH WEST REGION,2,1,0,0,1,1,1,1,1,0,1,0,0,0,0,0,0,0,1,0,No,0,2,0,1,0,0,MELB_URBAN,MELB_URBAN,WYNDHAM,METROPOLITAN NORTH WEST REGION,HOPPERS CROSSING,2019,3,March
144.98374421328108,-37.802015266614134,3466752,10/3/2018,20.15.00,Yes,Collision with vehicle,Friday,RIGHT THROUGH,Dark Street lights on,144.98373999999995,-37.80202,YARRA,METROPOLITAN NORTH WEST REGION,2,1,0,0,1,1,1,1,1,0,1,0,0,0,0,0,0,0,0,0,No,0,2,0,1,0,0,MELB_URBAN,MELB_URBAN,YARRA,METROPOLITAN NORTH WEST REGION,FITZROY,2018,3,March
146.0287493375248,-38.67235034973027,3466753,10/3/2018,21.00.00,Yes,Collision with vehicle,Friday,LANE SIDE SWIPE (VEHICLES IN PARALLEL LANES),Dark No street lights,146.02875,-38.67235,SOUTH GIPPSLAND,EASTERN REGION,3,1,0,0,1,2,2,1,1,1,1,0,0,0,0,0,0,0,0,0,No,0,2,0,1,0,0,RURAL_VICTORIA,RURAL_VICTORIA,SOUTH GIPPSLAND,"EASTERN REGION,EASTERN REGION",BUFFALO,2018,3,March
145.0500189818242,-38.24731706738653,3466760,15/3/2018,15.45.00,No,Collision with vehicle,Thursday,VEHICLE OFF FOOTPATH STRIKES VEH ON CARRIAGEWAY,Day,145.05002,-38.24732,MORNINGTON PENINSULA,METROPOLITAN SOUTH EAST REGION,2,1,0,1,0,1,2,0,1,0,1,0,0,0,0,1,0,0,0,0,No,0,2,0,1,0,0,MELB_URBAN,MELB_URBAN,MORNINGTON PENINSULA,METROPOLITAN SOUTH EAST REGION,MOUNT MARTHA,2018,3,March
144.93999905533198,-37.84423100420877,3466761,17/3/2018,07.20.00,Yes,Collision with vehicle,Saturday,VEHICLE STRIKES DOOR OF PARKED/STATIONARY VEHICLE,Day,144.94,-37.844229999999996,PORT PHILLIP,METROPOLITAN NORTH WEST REGION,2,1,0,0,1,1,2,0,1,0,1,0,0,0,0,0,0,0,0,0,No,0,2,0,1,0,0,MELB_URBAN,MELB_URBAN,PORT PHILLIP,METROPOLITAN NORTH WEST REGION,PORT MELBOURNE,2018,3,March
145.14594215910319,-37.81756195265206,3466763,17/3/2018,08.30.00,No,Collision with vehicle,Friday,VEHICLE OFF FOOTPATH STRIKES VEH ON CARRIAGEWAY,Day,145.14594,-37.81756,WHITEHORSE,METROPOLITAN SOUTH EAST REGION,2,1,0,1,0,1,1,1,1,0,1,0,0,0,0,0,1,0,0,0,No,0,2,0,1,0,0,MELB_URBAN,MELB_URBAN,WHITEHORSE,METROPOLITAN SOUTH EAST REGION,BLACKBURN,2018,3,March
145.13520885728613,-38.16304262434862,3466769,27/2/2018,15.47.00,No,Collision with vehicle,Tuesday,VEHICLE STRIKES ANOTHER VEH WHILE EMERGING FROM DRIVEWAY,Day,145.13521,-38.16304,FRANKSTON,METROPOLITAN SOUTH EAST REGION,2,1,0,0,1,1,0,1,1,0,1,0,0,0,0,0,1,0,0,0,No,0,2,0,1,0,0,MELB_URBAN,MELB_URBAN,FRANKSTON,METROPOLITAN SOUTH EAST REGION,FRANKSTON,2018,2,February
145.40962223318587,-36.398700846770176,3466780,28/2/2018,08.34.00,No,Collision with vehicle,Wednesday,VEHICLE OFF FOOTPATH STRIKES VEH ON CARRIAGEWAY,Day,145.40962,-36.3987,SHEPPARTON,NORTH EASTERN REGION,2,1,0,0,1,1,2,0,1,0,1,0,0,0,0,0,0,0,0,0,No,0,2,0,1,0,0,SMALL_CITIES,SMALL_CITIES,SHEPPARTON,NORTH EASTERN REGION,SHEPPARTON,2018,2,February