X,Y,OBJECTID,ACCIDENT_DATE,ACCIDENT_TIME,ALCOHOLTIME,ACCIDENT_TYPE,DAY_OF_WEEK,DCA_CODE,LIGHT_CONDITION,LONGITUDE,LATITUDE,LGA_NAME,REGION_NAME,TOTAL_PERSONS,INJ_OR_FATAL,FATALITY,SERIOUSINJURY,OTHERINJURY,NONINJURED,MALES,FEMALES,BICYCLIST,PASSENGER,DRIVER,PEDESTRIAN,PILLION,MOTORIST,UNKNOWN,PED_CYCLIST_5_12,PED_CYCLIST_13_18,OLD_PEDESTRIAN,OLD_DRIVER,YOUNG_DRIVER,ALCOHOL_RELATED,UNLICENCSED,NO_OF_VEHICLES,HEAVYVEHICLE,PASSENGERVEHICLE,MOTORCYCLE,PUBLICVEHICLE,DEG_URBAN_NAME,DEG_URBAN_ALL,LGA_NAME_ALL,REGION_NAME_ALL,Suburb,Year,Month,Month_name
144.99616295587194,-37.83682516835345,3471992,24/8/2018,14.50.00,No,Collision with vehicle,Friday,RIGHT THROUGH,Day,144.99616,-37.83683,STONNINGTON,METROPOLITAN SOUTH EAST REGION,2,1,0,0,1,1,0,2,1,0,1,0,0,0,0,0,0,0,0,0,No,0,2,0,1,0,0,MELB_URBAN,MELB_URBAN,STONNINGTON,METROPOLITAN SOUTH EAST REGION,SOUTH YARRA,2018,8,August
144.9671849597018,-37.77543792020817,3471999,24/8/2018,12.13.00,No,Collision with vehicle,Friday,LEFT NEAR (INTERSECTIONS ONLY),Day,144.96718,-37.77544,MORELAND,METROPOLITAN NORTH WEST REGION,2,1,0,0,1,1,0,1,1,0,1,0,0,0,0,0,0,0,0,0,No,0,2,0,1,0,0,MELB_URBAN,MELB_URBAN,MORELAND,METROPOLITAN NORTH WEST REGION,BRUNSWICK,2018,8,August
144.97132141806938,-37.82989507390264,3472010,31/7/2018,13.07.00,No,Collision with vehicle,Tuesday,REAR END(VEHICLES IN SAME LANE),Day,144.97132,-37.8299,PORT PHILLIP,METROPOLITAN NORTH WEST REGION,2,1,0,1,0,1,1,1,1,0,1,0,0,0,0,0,0,0,1,0,No,0,2,0,1,0,0,MELB_URBAN,MELB_URBAN,"PORT PHILLIP,MELBOURNE",METROPOLITAN NORTH WEST REGION,MELBOURNE,2018,7,July
145.7177614600055,-37.18995427872521,3472022,10/8/2018,11.00.00,No,Collision with vehicle,Friday,RIGHT NEAR (INTERSECTIONS ONLY),Day,145.71776,-37.18995,MURRINDINDI,NORTH EASTERN REGION,2,1,0,0,1,1,2,0,1,0,1,0,0,0,0,0,0,0,0,0,No,0,2,0,1,0,0,TOWNS,TOWNS,"MURRINDINDI,MURRINDINDI",NORTH EASTERN REGION,ALEXANDRA,2018,8,August
144.83903734029084,-37.865397444746826,3472027,10/8/2018,14.30.00,No,Collision with vehicle,Thursday,LEFT NEAR (INTERSECTIONS ONLY),Day,144.83903999999995,-37.8654,HOBSONS BAY,METROPOLITAN NORTH WEST REGION,2,1,0,0,1,1,0,2,1,0,1,0,0,0,0,0,0,0,1,0,No,0,2,0,1,0,0,MELB_URBAN,MELB_URBAN,HOBSONS BAY,METROPOLITAN NORTH WEST REGION,SEAHOLME,2018,8,August
144.96571465442162,-37.838045173674324,3472050,24/8/2018,20.34.00,Yes,Collision with vehicle,Friday,LEFT NEAR (INTERSECTIONS ONLY),Dark Street lights on,144.96571,-37.83805,PORT PHILLIP,METROPOLITAN NORTH WEST REGION,2,1,0,0,1,1,1,0,1,0,1,0,0,0,0,0,0,0,1,0,No,0,2,0,1,0,0,MELB_URBAN,MELB_URBAN,PORT PHILLIP,METROPOLITAN NORTH WEST REGION,ALBERT PARK,2018,8,August
144.66763185122747,-37.87594548829252,3472053,17/7/2018,19.30.00,Yes,Collision with vehicle,Tuesday,LEFT FAR (INTERSECTIONS ONLY),Unk.,144.66763,-37.87595,WYNDHAM,METROPOLITAN NORTH WEST REGION,2,1,0,0,1,1,1,0,1,0,0,0,0,0,1,0,0,0,0,0,No,0,2,0,0,0,0,MELB_URBAN,MELB_URBAN,WYNDHAM,METROPOLITAN NORTH WEST REGION,WERRIBEE,2018,7,July
144.73871350485624,-37.744058177605694,3472055,3/8/2018,08.30.00,No,Collision with vehicle,Friday,RIGHT FAR (INTERSECTIONS ONLY),Day,144.73871,-37.74406,MELTON,METROPOLITAN NORTH WEST REGION,2,1,0,0,1,1,1,1,1,0,1,0,0,0,0,0,1,0,0,0,No,0,2,0,1,0,0,MELB_URBAN,MELB_URBAN,MELTON,METROPOLITAN NORTH WEST REGION,CAROLINE SPRINGS,2018,8,August
145.06827539943546,-37.82208575554831,3472057,3/8/2018,08.43.00,No,Collision with vehicle,Friday,OTHER OPPOSING MANOEUVRES NOT INCLUDED IN DCAs 120-125.,Day,145.06828000000004,-37.82209,BOROONDARA,METROPOLITAN SOUTH EAST REGION,2,1,0,0,1,1,1,1,1,0,1,0,0,0,0,0,0,0,0,0,No,0,2,0,1,0,0,MELB_URBAN,MELB_URBAN,BOROONDARA,METROPOLITAN SOUTH EAST REGION,CANTERBURY,2018,8,August
145.0806537188707,-37.73393604202203,3472063,3/8/2018,09.20.00,No,Collision with vehicle,Friday,LEFT FAR (INTERSECTIONS ONLY),Day,145.08065,-37.733940000000004,BANYULE,METROPOLITAN NORTH WEST REGION,2,1,0,1,0,1,1,1,1,0,1,0,0,0,0,0,0,0,0,0,No,0,2,0,1,0,0,MELB_URBAN,MELB_URBAN,BANYULE,METROPOLITAN NORTH WEST REGION,VIEWBANK,2018,8,August
143.55038509583196,-35.34414829371606,3472070,10/8/2018,15.06.00,No,Collision with vehicle,Friday,CROSS TRAFFIC(INTERSECTIONS ONLY),Day,143.55039,-35.34415,SWAN HILL,NORTHERN REGION,2,1,0,0,1,1,2,0,1,0,1,0,0,0,0,0,0,0,0,0,No,0,2,0,1,0,0,TOWNS,TOWNS,SWAN HILL,NORTHERN REGION,SWAN HILL,2018,8,August
144.9959901101651,-37.74940924560039,3472079,10/8/2018,16.00.00,Yes,Collision with vehicle,Friday,RIGHT THROUGH,Day,144.99598999999995,-37.74941,DAREBIN,METROPOLITAN NORTH WEST REGION,2,1,0,0,1,1,1,1,1,0,1,0,0,0,0,0,0,0,0,0,No,0,2,0,1,0,0,MELB_URBAN,MELB_URBAN,DAREBIN,METROPOLITAN NORTH WEST REGION,PRESTON,2018,8,August
144.97430194469788,-37.85893099776517,3472086,16/8/2018,18.00.00,Yes,Collision with vehicle,Wednesday,CROSS TRAFFIC(INTERSECTIONS ONLY),Dusk/Dawn,144.9743,-37.85893,PORT PHILLIP,METROPOLITAN NORTH WEST REGION,2,1,0,0,1,1,1,1,1,0,1,0,0,0,0,0,0,0,0,0,No,0,2,0,1,0,0,MELB_URBAN,MELB_URBAN,PORT PHILLIP,METROPOLITAN NORTH WEST REGION,ST KILDA WEST,2018,8,August
142.19592907474194,-34.23915036068058,3472099,25/8/2018,10.00.00,No,No collision and no object struck,Saturday,OTHER ACCIDENTS-OFF STRAIGHT NOT INCLUDED IN DCAs 170-175,Day,142.19593,-34.23915,MILDURA,WESTERN REGION,2,1,0,0,1,1,2,0,1,0,1,0,0,0,0,0,0,0,0,0,No,0,2,0,1,0,0,RURAL_VICTORIA,RURAL_VICTORIA,MILDURA,WESTERN REGION,IRYMPLE,2018,8,August
144.97611088205284,-37.75681724702869,3472118,4/8/2018,09.45.00,No,Collision with vehicle,Saturday,OTHER ADJACENT (INTERSECTIONS ONLY),Day,144.97611,-37.75682000000001,MORELAND,METROPOLITAN NORTH WEST REGION,2,1,0,0,1,1,2,0,1,0,1,0,0,0,0,0,0,0,0,0,No,0,2,0,1,0,0,MELB_URBAN,MELB_URBAN,MORELAND,METROPOLITAN NORTH WEST REGION,BRUNSWICK,2018,8,August
144.96090229410459,-37.82299728612718,3472147,9/11/2018,17.30.00,No,Collision with vehicle,Thursday,VEHICLE STRIKES DOOR OF PARKED/STATIONARY VEHICLE,Day,144.9609,-37.823,MELBOURNE,METROPOLITAN NORTH WEST REGION,2,1,0,0,1,1,1,0,1,0,1,0,0,0,0,0,0,0,0,0,No,0,2,0,1,0,0,MELB_URBAN,MELB_URBAN,MELBOURNE,METROPOLITAN NORTH WEST REGION,SOUTHBANK,2018,11,November
145.03331798794522,-37.88834759214848,3472148,9/11/2018,20.15.00,Yes,Collision with vehicle,Friday,LEFT NEAR (INTERSECTIONS ONLY),Dusk/Dawn,145.03332,-37.88835,GLEN EIRA,METROPOLITAN SOUTH EAST REGION,2,1,0,0,1,1,2,0,1,0,1,0,0,0,0,0,0,0,0,0,No,0,2,0,1,0,0,MELB_URBAN,MELB_URBAN,GLEN EIRA,METROPOLITAN SOUTH EAST REGION,CAULFIELD SOUTH,2018,11,November
144.97071870287206,-37.75438963388165,3472156,9/11/2018,18.00.00,Yes,Collision with vehicle,Friday,CROSS TRAFFIC(INTERSECTIONS ONLY),Day,144.97072,-37.75439,MORELAND,METROPOLITAN NORTH WEST REGION,2,1,0,0,1,1,0,1,1,0,1,0,0,0,0,0,0,0,0,0,No,0,2,0,1,0,0,MELB_URBAN,MELB_URBAN,MORELAND,METROPOLITAN NORTH WEST REGION,COBURG,2018,11,November
144.98170118653852,-37.864529431879475,3472158,1/11/2018,18.35.00,Yes,Collision with vehicle,Thursday,LANE CHANGE LEFT (NOT OVERTAKING),Day,144.9817,-37.86453,PORT PHILLIP,METROPOLITAN NORTH WEST REGION,2,1,0,0,1,1,2,0,1,0,1,0,0,0,0,0,0,0,0,0,No,0,2,0,1,0,0,MELB_URBAN,MELB_URBAN,PORT PHILLIP,METROPOLITAN NORTH WEST REGION,ST KILDA,2018,11,November
145.28198475307596,-38.10169852284094,3472160,8/11/2018,16.00.00,No,Collision with vehicle,Thursday,VEHICLE OFF FOOTPATH STRIKES VEH ON CARRIAGEWAY,Day,145.28198,-38.1017,CASEY,METROPOLITAN SOUTH EAST REGION,4,1,0,0,1,3,2,2,1,2,1,0,0,0,0,0,0,0,0,0,No,0,2,0,1,0,0,MELB_URBAN,MELB_URBAN,CASEY,METROPOLITAN SOUTH EAST REGION,CRANBOURNE,2018,11,November
145.1082471749463,-37.85486009544192,3472161,16/11/2018,06.45.00,No,Collision with vehicle,Thursday,RIGHT THROUGH,Day,145.10825,-37.854859999999995,MONASH,METROPOLITAN SOUTH EAST REGION,2,1,0,0,1,1,2,0,1,0,1,0,0,0,0,0,0,0,0,0,No,0,2,0,1,0,0,MELB_URBAN,MELB_URBAN,"WHITEHORSE,MONASH",METROPOLITAN SOUTH EAST REGION,BURWOOD,2018,11,November
145.13485974702382,-38.08572569491509,3472181,27/10/2018,10.50.00,No,Collision with vehicle,Saturday,VEHICLE STRIKES ANOTHER VEH WHILE EMERGING FROM DRIVEWAY,Day,145.13486,-38.08573,FRANKSTON,METROPOLITAN SOUTH EAST REGION,2,1,0,0,1,1,2,0,1,0,1,0,0,0,0,0,0,0,0,0,No,0,2,0,1,0,0,MELB_URBAN,MELB_URBAN,FRANKSTON,METROPOLITAN SOUTH EAST REGION,SEAFORD,2018,10,October
144.9938949951954,-37.84835048347709,3472199,10/11/2018,10.45.00,No,Collision with vehicle,Saturday,VEHICLE STRIKES DOOR OF PARKED/STATIONARY VEHICLE,Day,144.99389,-37.84835,STONNINGTON,METROPOLITAN SOUTH EAST REGION,2,1,0,0,1,1,1,1,1,0,1,0,0,0,0,0,0,0,0,0,No,0,2,0,1,0,0,MELB_URBAN,MELB_URBAN,STONNINGTON,METROPOLITAN SOUTH EAST REGION,PRAHRAN,2018,11,November
144.2911142611712,-36.76825917764972,3472200,10/11/2018,10.40.00,No,Collision with vehicle,Saturday,VEHICLE COLLIDES WITH VEHICLE PARKED ON LEFT OF ROAD,Day,144.29111,-36.76826,BENDIGO,NORTHERN REGION,1,1,0,0,1,0,1,0,1,0,0,0,0,0,0,0,1,0,0,0,Yes,0,2,0,1,0,0,LARGE_PROVINCIAL_CITIES,LARGE_PROVINCIAL_CITIES,BENDIGO,NORTHERN REGION,KENNINGTON,2018,11,November
145.0436515278602,-37.82985706331496,3472213,16/11/2018,08.15.00,No,Collision with vehicle,Friday,LEFT TURN SIDESWIPE,Day,145.04365,-37.82986,BOROONDARA,METROPOLITAN SOUTH EAST REGION,2,1,0,0,1,1,1,1,1,0,1,0,0,0,0,0,0,0,0,0,No,0,2,0,1,0,0,MELB_URBAN,MELB_URBAN,BOROONDARA,METROPOLITAN SOUTH EAST REGION,HAWTHORN,2018,11,November
145.0109086575329,-37.75336047908214,3472214,16/11/2018,19.00.00,Yes,Collision with vehicle,Friday,CROSS TRAFFIC(INTERSECTIONS ONLY),Unk.,145.01091,-37.75336,DAREBIN,METROPOLITAN NORTH WEST REGION,2,1,0,0,1,1,1,1,1,0,1,0,0,0,0,0,0,0,0,1,No,0,2,0,1,0,0,MELB_URBAN,MELB_URBAN,DAREBIN,METROPOLITAN NORTH WEST REGION,PRESTON,2018,11,November
144.89497999588923,-37.84539999632306,3472228,27/10/2018,15.30.00,Yes,Collision with vehicle,Saturday,RIGHT NEAR (INTERSECTIONS ONLY),Day,144.89498,-37.8454,HOBSONS BAY,METROPOLITAN NORTH WEST REGION,2,1,0,1,0,1,1,1,1,0,1,0,0,0,0,0,0,0,1,0,No,0,2,0,1,0,0,MELB_URBAN,MELB_URBAN,HOBSONS BAY,METROPOLITAN NORTH WEST REGION,NEWPORT,2018,10,October
144.96822732125574,-37.81917077732096,3472243,3/11/2018,00.09.00,Yes,Collision with vehicle,Saturday,REAR END(VEHICLES IN SAME LANE),Dark Street lights on,144.96823,-37.81917,MELBOURNE,METROPOLITAN NORTH WEST REGION,2,1,0,1,0,1,2,0,1,0,1,0,0,0,0,0,0,0,0,0,No,0,2,0,1,0,0,MELB_URBAN,MELB_URBAN,MELBOURNE,METROPOLITAN NORTH WEST REGION,MELBOURNE,2018,11,November
144.98072700608668,-37.870338661020405,3472272,17/11/2018,17.00.00,Yes,Collision with vehicle,Saturday,U TURN,Day,144.98073,-37.87034,PORT PHILLIP,METROPOLITAN NORTH WEST REGION,2,1,0,0,1,1,2,0,1,0,1,0,0,0,0,0,0,0,0,0,No,0,2,0,1,0,0,MELB_URBAN,MELB_URBAN,PORT PHILLIP,METROPOLITAN NORTH WEST REGION,ST KILDA,2018,11,November
144.97438419245555,-37.86684846248226,3472289,3/11/2018,10.30.00,No,Collision with vehicle,Saturday,LEFT TURN SIDESWIPE,Day,144.97438,-37.86685,PORT PHILLIP,METROPOLITAN NORTH WEST REGION,2,1,0,0,1,1,1,1,1,0,1,0,0,0,0,0,0,0,0,0,No,0,2,0,1,0,0,MELB_URBAN,MELB_URBAN,PORT PHILLIP,METROPOLITAN NORTH WEST REGION,ST KILDA,2018,11,November
145.39792845374183,-36.38776074390074,3472309,11/11/2018,13.45.00,No,Collision with vehicle,Sunday,RIGHT THROUGH,Day,145.39793,-36.38776,SHEPPARTON,NORTH EASTERN REGION,2,1,0,0,1,1,2,0,1,0,1,0,0,0,0,0,0,0,0,0,No,0,2,0,1,0,0,SMALL_CITIES,SMALL_CITIES,SHEPPARTON,NORTH EASTERN REGION,SHEPPARTON,2018,11,November
144.9544651304401,-37.799399151814214,3472325,17/11/2018,23.40.00,Yes,Collision with vehicle,Saturday,VEHICLE COLLIDES WITH VEHICLE PARKED ON LEFT OF ROAD,Dark Street lights on,144.95447,-37.7994,MELBOURNE,METROPOLITAN NORTH WEST REGION,1,1,0,1,0,0,1,0,1,0,0,0,0,0,0,0,0,0,0,0,No,0,2,0,1,0,0,MELB_URBAN,MELB_URBAN,MELBOURNE,METROPOLITAN NORTH WEST REGION,NORTH MELBOURNE,2018,11,November
144.962527606514,-37.80661732513215,3472329,28/10/2018,11.00.00,No,Collision with vehicle,,REAR END(VEHICLES IN SAME LANE),Day,144.96253000000004,-37.80662,MELBOURNE,METROPOLITAN NORTH WEST REGION,3,1,0,0,1,2,0,3,1,1,1,0,0,0,0,0,0,0,0,0,No,0,2,0,1,0,0,MELB_URBAN,MELB_URBAN,MELBOURNE,METROPOLITAN NORTH WEST REGION,MELBOURNE,2018,10,October
144.99312023155463,-37.86872004304124,3472334,28/10/2018,14.10.00,No,Collision with vehicle,,VEHICLE STRIKES DOOR OF PARKED/STATIONARY VEHICLE,Day,144.99312,-37.86872,PORT PHILLIP,METROPOLITAN NORTH WEST REGION,2,1,0,0,1,1,1,0,1,0,1,0,0,0,0,0,0,0,0,0,No,0,2,0,1,0,0,MELB_URBAN,MELB_URBAN,PORT PHILLIP,METROPOLITAN NORTH WEST REGION,BALACLAVA,2018,10,October
144.9925918391014,-37.90737773318917,3472344,29/10/2018,20.30.00,Yes,Collision with vehicle,Sunday,RIGHT NEAR (INTERSECTIONS ONLY),Dark Street lights unknown,144.99258999999995,-37.907379999999996,BAYSIDE,METROPOLITAN SOUTH EAST REGION,2,1,0,0,1,1,1,1,1,0,1,0,0,0,0,0,0,0,0,0,No,0,2,0,1,0,0,MELB_URBAN,MELB_URBAN,BAYSIDE,METROPOLITAN SOUTH EAST REGION,BRIGHTON,2018,10,October
145.22714929231608,-37.84762863849095,3472351,4/11/2018,03.55.00,No,Collision with vehicle,,REVERSING IN STREAM OF TRAFFIC,Dark Street lights on,145.22715,-37.84763,KNOX,METROPOLITAN SOUTH EAST REGION,2,2,0,0,2,0,2,0,1,0,1,0,0,0,0,0,0,0,0,0,No,0,2,0,1,0,0,MELB_URBAN,MELB_URBAN,KNOX,METROPOLITAN SOUTH EAST REGION,WANTIRNA,2018,11,November
144.96057409603418,-37.83300876538369,3472352,4/11/2018,10.15.00,No,Struck Pedestrian,Sunday,PED NEAR SIDE. PED HIT BY VEHICLE FROM THE RIGHT.,Day,144.96057,-37.833009999999994,PORT PHILLIP,METROPOLITAN NORTH WEST REGION,2,1,0,0,1,1,1,1,1,0,0,1,0,0,0,0,0,0,0,0,No,0,1,0,0,0,0,MELB_URBAN,MELB_URBAN,PORT PHILLIP,METROPOLITAN NORTH WEST REGION,SOUTH MELBOURNE,2018,11,November
143.8286435346616,-37.52726688530071,3472356,11/11/2018,17.55.00,Yes,Collision with vehicle,Sunday,OTHER ADJACENT (INTERSECTIONS ONLY),Day,143.82863999999995,-37.52727,BALLARAT,WESTERN REGION,2,1,0,0,1,1,2,0,1,0,1,0,0,0,0,1,0,0,0,0,No,0,2,0,1,0,0,LARGE_PROVINCIAL_CITIES,LARGE_PROVINCIAL_CITIES,BALLARAT,WESTERN REGION,WENDOUREE,2018,11,November
145.14821288856717,-37.87329033327561,3472360,30/10/2018,07.00.00,No,Collision with vehicle,Tuesday,LANE CHANGE LEFT (NOT OVERTAKING),Day,145.14821,-37.873290000000004,MONASH,METROPOLITAN SOUTH EAST REGION,2,1,0,0,1,1,2,0,1,0,1,0,0,0,0,0,0,0,0,0,No,0,2,0,1,0,0,MELB_URBAN,MELB_URBAN,MONASH,METROPOLITAN SOUTH EAST REGION,MOUNT WAVERLEY,2018,10,October
145.01751724448962,-37.855100190026256,3472363,11/11/2018,19.45.00,No,Collision with vehicle,,RIGHT THROUGH,Day,145.01752,-37.8551,STONNINGTON,METROPOLITAN SOUTH EAST REGION,2,1,0,1,0,1,1,0,1,0,1,0,0,0,0,0,1,0,0,0,No,0,2,0,1,0,0,MELB_URBAN,MELB_URBAN,STONNINGTON,METROPOLITAN SOUTH EAST REGION,ARMADALE,2018,11,November
142.50350389567606,-37.14514073841517,3472377,18/11/2018,09.50.00,No,Collision with vehicle,,HEAD ON (NOT OVERTAKING),Day,142.5035,-37.14514000000001,NORTHERN GRAMPIANS,WESTERN REGION,2,1,0,1,0,1,2,0,1,0,1,0,0,0,0,0,0,0,0,0,No,0,2,0,1,0,0,RURAL_VICTORIA,RURAL_VICTORIA,NORTHERN GRAMPIANS,WESTERN REGION,HALLS GAP,2018,11,November
145.14550554294348,-37.96077722154789,3472399,4/11/2018,18.30.00,Yes,Collision with vehicle,Sunday,RIGHT TURN SIDESWIPE,Day,145.14551,-37.96078,DANDENONG,METROPOLITAN SOUTH EAST REGION,2,1,0,0,1,1,2,0,1,0,1,0,0,0,0,0,0,0,0,0,No,0,2,0,1,0,0,MELB_URBAN,MELB_URBAN,DANDENONG,METROPOLITAN SOUTH EAST REGION,SPRINGVALE,2018,11,November
144.99044691447372,-37.86783934699871,3472400,4/11/2018,19.45.00,Yes,Collision with vehicle,Sunday,RIGHT THROUGH,Dusk/Dawn,144.99045,-37.86784,PORT PHILLIP,METROPOLITAN NORTH WEST REGION,2,1,0,0,1,1,1,0,1,0,1,0,0,0,0,0,0,0,0,0,No,0,2,0,1,0,0,MELB_URBAN,MELB_URBAN,PORT PHILLIP,METROPOLITAN NORTH WEST REGION,ST KILDA,2018,11,November
144.95934291463473,-37.81202509134149,3472408,31/10/2018,17.15.00,No,Collision with vehicle,Wednesday,OTHER SAME DIRECTION-MANOUEVRES NOT INCLUDED IN DCAs 130-137,Day,144.95934,-37.81203,MELBOURNE,METROPOLITAN NORTH WEST REGION,2,1,0,0,1,1,2,0,1,0,1,0,0,0,0,0,0,0,0,0,No,0,2,0,1,0,0,MELBOURNE_CBD,MELBOURNE_CBD,MELBOURNE,METROPOLITAN NORTH WEST REGION,MELBOURNE,2018,10,October
144.3490646225939,-38.13673733156035,3472423,23/10/2018,12.14.00,No,Collision with vehicle,Tuesday,RIGHT THROUGH,Day,144.34906,-38.13674,GEELONG,SOUTH WESTERN REGION,2,1,0,1,0,1,2,0,1,0,1,0,0,0,0,0,0,0,0,0,No,0,2,0,1,0,0,LARGE_PROVINCIAL_CITIES,LARGE_PROVINCIAL_CITIES,GEELONG,SOUTH WESTERN REGION,GEELONG WEST,2018,10,October
144.96473236840563,-37.81156100368108,3472434,28/10/2018,07.45.00,Yes,Collision with vehicle,Sunday,RIGHT FAR (INTERSECTIONS ONLY),Day,144.96473,-37.81156,MELBOURNE,METROPOLITAN NORTH WEST REGION,2,1,0,0,1,1,2,0,1,0,1,0,0,0,0,0,0,0,0,0,No,0,2,0,1,0,0,MELBOURNE_CBD,MELBOURNE_CBD,MELBOURNE,METROPOLITAN NORTH WEST REGION,MELBOURNE,2018,10,October
144.99339295238588,-37.851650542162865,3472452,14/8/2018,20.45.00,Yes,Collision with vehicle,Tuesday,VEHICLE STRIKES DOOR OF PARKED/STATIONARY VEHICLE,Unk.,144.99338999999995,-37.85165,STONNINGTON,METROPOLITAN SOUTH EAST REGION,3,1,0,0,1,2,0,1,1,0,1,0,0,0,1,0,0,0,0,0,No,0,3,0,1,0,0,MELB_URBAN,MELB_URBAN,STONNINGTON,METROPOLITAN SOUTH EAST REGION,PRAHRAN,2018,8,August
145.07010684417466,-37.832903225416786,3472472,23/10/2018,17.45.00,No,Collision with vehicle,Tuesday,RIGHT THROUGH,Dusk/Dawn,145.07011,-37.8329,BOROONDARA,METROPOLITAN SOUTH EAST REGION,2,2,0,0,2,0,1,1,1,0,1,0,0,0,0,0,0,0,0,0,No,0,2,0,1,0,0,MELB_URBAN,MELB_URBAN,BOROONDARA,METROPOLITAN SOUTH EAST REGION,CAMBERWELL,2018,10,October
141.58870070900275,-38.35566023201825,3472473,23/10/2018,08.45.00,No,Collision with vehicle,Tuesday,VEHICLE STRIKES ANOTHER VEH WHILE EMERGING FROM DRIVEWAY,Day,141.5887,-38.35566,GLENELG,SOUTH WESTERN REGION,2,1,0,0,1,1,1,1,1,0,1,0,0,0,0,0,1,0,0,0,No,0,2,0,1,0,0,TOWNS,TOWNS,GLENELG,SOUTH WESTERN REGION,PORTLAND,2018,10,October
145.00106410606782,-37.75580818477425,3472485,29/10/2018,16.17.00,No,Collision with vehicle,Monday,VEHICLE STRIKES DOOR OF PARKED/STATIONARY VEHICLE,Day,145.00106,-37.75581,DAREBIN,METROPOLITAN NORTH WEST REGION,2,1,0,0,1,1,1,1,1,0,1,0,0,0,0,0,0,0,0,0,No,0,2,0,1,0,0,MELB_URBAN,MELB_URBAN,DAREBIN,METROPOLITAN NORTH WEST REGION,THORNBURY,2018,10,October
144.95950390670413,-37.806293214510326,3472491,29/10/2018,15.30.00,No,Collision with vehicle,Monday,CROSS TRAFFIC(INTERSECTIONS ONLY),Day,144.9595,-37.806290000000004,MELBOURNE,METROPOLITAN NORTH WEST REGION,2,1,0,1,0,1,2,0,1,0,1,0,0,0,0,0,0,0,0,0,No,0,2,0,0,0,1,MELB_URBAN,MELB_URBAN,MELBOURNE,METROPOLITAN NORTH WEST REGION,MELBOURNE,2018,10,October
145.55738357631873,-38.56482157460837,3472502,5/11/2018,16.21.00,No,Collision with vehicle,Monday,OTHER SAME DIRECTION-MANOUEVRES NOT INCLUDED IN DCAs 130-137,Day,145.55738,-38.56482000000001,BASS COAST,EASTERN REGION,2,1,0,0,1,1,1,0,1,0,0,0,0,0,1,0,0,0,0,0,No,0,2,0,0,0,0,RURAL_VICTORIA,RURAL_VICTORIA,BASS COAST,"EASTERN REGION,EASTERN REGION",DALYSTON,2018,11,November
144.97441005558116,-37.81430298973183,3472503,7/5/2018,19.00.00,Yes,Collision with vehicle,Monday,RIGHT THROUGH,Dark Street lights unknown,144.97441,-37.8143,MELBOURNE,METROPOLITAN NORTH WEST REGION,2,1,0,0,1,1,1,0,1,0,0,0,0,0,1,0,0,0,0,0,No,0,2,0,0,0,0,MELBOURNE_CBD,"MELBOURNE_CBD,MELB_URBAN",MELBOURNE,METROPOLITAN NORTH WEST REGION,EAST MELBOURNE,2018,5,May
145.2641023791391,-37.790728058105174,3472510,12/11/2018,17.06.00,Yes,Collision with vehicle,Sunday,REAR END(VEHICLES IN SAME LANE),Day,145.2641,-37.790729999999996,MAROONDAH,METROPOLITAN SOUTH EAST REGION,2,1,0,1,0,1,1,1,1,0,1,0,0,0,0,0,0,0,0,0,No,0,2,0,1,0,0,MELB_URBAN,MELB_URBAN,MAROONDAH,METROPOLITAN SOUTH EAST REGION,CROYDON,2018,11,November
144.57944518604128,-38.147563393844095,3472513,12/11/2018,19.06.00,Yes,Collision with vehicle,Monday,RIGHT THROUGH,Day,144.57945,-38.14756,GEELONG,SOUTH WESTERN REGION,3,1,0,1,0,2,2,1,1,1,1,0,0,0,0,0,0,0,0,0,No,0,2,0,1,0,0,SMALL_CITIES,SMALL_CITIES,GEELONG,SOUTH WESTERN REGION,CLIFTON SPRINGS,2018,11,November
145.28957252340956,-37.762819077403456,3472532,10/3/2018,09.45.00,No,Collision with vehicle,Friday,CROSS TRAFFIC(INTERSECTIONS ONLY),Day,145.28957,-37.76282,MANNINGHAM,METROPOLITAN SOUTH EAST REGION,2,1,0,0,1,1,1,1,1,0,1,0,0,0,0,0,0,0,0,0,No,0,2,0,1,0,0,MELB_URBAN,MELB_URBAN,"YARRA RANGES,MANNINGHAM,MAROONDAH",METROPOLITAN SOUTH EAST REGION,CROYDON NORTH,2018,3,March
144.96518243174435,-37.81254531200712,3472543,29/10/2018,14.53.00,No,Struck Pedestrian,Monday,PED NEAR SIDE. PED HIT BY VEHICLE FROM THE RIGHT.,Day,144.96518,-37.81255,MELBOURNE,METROPOLITAN NORTH WEST REGION,2,1,0,0,1,1,1,1,1,0,0,1,0,0,0,0,0,0,0,0,No,0,1,0,0,0,0,MELBOURNE_CBD,MELBOURNE_CBD,MELBOURNE,METROPOLITAN NORTH WEST REGION,MELBOURNE,2018,10,October
144.9308140249456,-37.78076297665387,3472563,7/9/2018,19.30.00,Yes,Collision with vehicle,Friday,LANE CHANGE LEFT (NOT OVERTAKING),Unk.,144.93081,-37.78076,MOONEE VALLEY,METROPOLITAN NORTH WEST REGION,3,1,0,0,1,2,1,0,1,0,0,0,0,0,2,0,0,0,0,0,No,0,2,0,0,0,0,MELB_URBAN,MELB_URBAN,MOONEE VALLEY,METROPOLITAN NORTH WEST REGION,ASCOT VALE,2018,9,September