X,Y,OBJECTID,ACCIDENT_DATE,ACCIDENT_TIME,ALCOHOLTIME,ACCIDENT_TYPE,DAY_OF_WEEK,DCA_CODE,LIGHT_CONDITION,LONGITUDE,LATITUDE,LGA_NAME,REGION_NAME,TOTAL_PERSONS,INJ_OR_FATAL,FATALITY,SERIOUSINJURY,OTHERINJURY,NONINJURED,MALES,FEMALES,BICYCLIST,PASSENGER,DRIVER,PEDESTRIAN,PILLION,MOTORIST,UNKNOWN,PED_CYCLIST_5_12,PED_CYCLIST_13_18,OLD_PEDESTRIAN,OLD_DRIVER,YOUNG_DRIVER,ALCOHOL_RELATED,UNLICENCSED,NO_OF_VEHICLES,HEAVYVEHICLE,PASSENGERVEHICLE,MOTORCYCLE,PUBLICVEHICLE,DEG_URBAN_NAME,DEG_URBAN_ALL,LGA_NAME_ALL,REGION_NAME_ALL,Suburb,Year,Month,Month_name
145.00515784062236,-37.77281198035544,3473037,24/9/2018,17.30.00,No,No collision and no object struck,Monday,OTHER ACCIDENTS-OFF STRAIGHT NOT INCLUDED IN DCAs 170-175,Day,145.00516000000005,-37.77281,DAREBIN,METROPOLITAN NORTH WEST REGION,1,1,0,1,0,0,1,0,1,0,0,0,0,0,0,0,0,0,0,0,No,0,1,0,0,0,0,MELB_URBAN,MELB_URBAN,DAREBIN,METROPOLITAN NORTH WEST REGION,NORTHCOTE,2018,9,September
144.94564570851716,-37.816585688530346,3473048,7/10/2018,21.12.00,Yes,Collision with vehicle,Sunday,REAR END(VEHICLES IN SAME LANE),Dark Street lights on,144.94565,-37.81659000000001,MELBOURNE,METROPOLITAN NORTH WEST REGION,2,1,0,0,1,1,2,0,1,0,1,0,0,0,0,0,0,0,0,0,No,0,2,0,1,0,0,MELB_URBAN,MELB_URBAN,MELBOURNE,METROPOLITAN NORTH WEST REGION,DOCKLANDS,2018,10,October
146.08822054966438,-37.05232688455869,3473053,8/10/2018,08.17.00,No,Collision with vehicle,Monday,CROSS TRAFFIC(INTERSECTIONS ONLY),Day,146.08822,-37.05233,MANSFIELD,NORTH EASTERN REGION,2,1,0,0,1,1,0,2,1,0,1,0,0,0,0,0,0,0,0,0,No,0,2,0,1,0,0,TOWNS,TOWNS,MANSFIELD,NORTH EASTERN REGION,MANSFIELD,2018,10,October
144.98990363247006,-37.89583243212253,3473074,22/10/2018,07.15.00,Yes,Collision with vehicle,Sunday,REAR END(VEHICLES IN SAME LANE),Day,144.9899,-37.89583,BAYSIDE,METROPOLITAN SOUTH EAST REGION,2,1,0,0,1,1,2,0,1,0,1,0,0,0,0,0,0,0,0,0,No,0,2,1,0,0,0,MELB_URBAN,MELB_URBAN,BAYSIDE,METROPOLITAN SOUTH EAST REGION,BRIGHTON,2018,10,October
144.97881353693882,-37.85892030989207,3473076,22/10/2018,09.00.00,No,Collision with vehicle,Monday,RIGHT THROUGH,Day,144.97881,-37.85892,PORT PHILLIP,METROPOLITAN NORTH WEST REGION,2,1,0,0,1,1,2,0,1,0,1,0,0,0,0,0,0,0,0,0,No,0,2,0,1,0,0,MELB_URBAN,MELB_URBAN,PORT PHILLIP,METROPOLITAN NORTH WEST REGION,ST KILDA,2018,10,October
145.4396449270271,-37.89483339086158,3473081,22/10/2018,08.30.00,Yes,Collision with vehicle,Sunday,REAR END(VEHICLES IN SAME LANE),Day,145.43964,-37.89483,YARRA RANGES,METROPOLITAN SOUTH EAST REGION,2,1,0,1,0,1,1,1,1,0,1,0,0,0,0,0,0,0,0,1,No,0,2,0,1,0,0,MELB_URBAN,MELB_URBAN,YARRA RANGES,METROPOLITAN SOUTH EAST REGION,KALLISTA,2018,10,October
145.03737651061684,-37.81475862570347,3473106,23/5/2018,18.30.00,Yes,Collision with vehicle,Wednesday,LEAVING PARKING,Unk.,145.03738,-37.81476,BOROONDARA,METROPOLITAN SOUTH EAST REGION,2,1,0,0,1,1,0,2,1,0,1,0,0,0,0,0,0,0,0,0,No,0,2,0,1,0,0,MELB_URBAN,MELB_URBAN,BOROONDARA,METROPOLITAN SOUTH EAST REGION,HAWTHORN,2018,5,May
145.2281174304949,-38.0063020610976,3473111,15/10/2018,06.50.00,No,Collision with vehicle,Monday,REAR END(VEHICLES IN SAME LANE),Day,145.22812,-38.0063,DANDENONG,METROPOLITAN SOUTH EAST REGION,2,1,0,0,1,1,1,0,1,0,1,0,0,0,0,0,0,0,0,0,No,0,2,0,1,0,0,MELB_URBAN,MELB_URBAN,DANDENONG,METROPOLITAN SOUTH EAST REGION,DANDENONG SOUTH,2018,10,October
145.34402331354636,-38.03088817451817,3473124,22/10/2018,08.50.00,No,Collision with vehicle,Monday,VEHICLE OFF FOOTPATH STRIKES VEH ON CARRIAGEWAY,Day,145.34402,-38.03089,CASEY,METROPOLITAN SOUTH EAST REGION,2,1,0,0,1,1,2,0,1,0,1,0,0,0,0,0,0,0,1,0,No,0,2,0,1,0,0,MELB_URBAN,MELB_URBAN,CASEY,METROPOLITAN SOUTH EAST REGION,BERWICK,2018,10,October
144.88297413457292,-37.64034500248573,3473136,1/10/2018,13.15.00,No,Collision with vehicle,Monday,VEHICLE OFF FOOTPATH STRIKES VEH ON CARRIAGEWAY,Day,144.88297,-37.64035,HUME,METROPOLITAN NORTH WEST REGION,2,1,0,0,1,1,2,0,1,0,1,0,0,0,0,0,1,0,0,1,No,0,2,0,1,0,0,MELB_URBAN,MELB_URBAN,HUME,METROPOLITAN NORTH WEST REGION,GREENVALE,2018,10,October
144.96902575826695,-37.78851456163208,3473175,22/10/2018,17.24.00,Yes,Collision with vehicle,Sunday,RIGHT TURN SIDESWIPE,Day,144.96903,-37.788509999999995,MELBOURNE,METROPOLITAN NORTH WEST REGION,2,1,0,0,1,1,2,0,1,0,1,0,0,0,0,0,0,0,0,0,No,1,2,0,1,0,0,MELB_URBAN,MELB_URBAN,"YARRA,MELBOURNE",METROPOLITAN NORTH WEST REGION,CARLTON NORTH,2018,10,October
144.9618266753097,-37.810179737931826,3473182,15/10/2018,16.45.00,No,Collision with vehicle,Monday,VEHICLE STRIKES DOOR OF PARKED/STATIONARY VEHICLE,Day,144.96183,-37.810179999999995,MELBOURNE,METROPOLITAN NORTH WEST REGION,3,1,0,0,1,2,3,0,1,0,2,0,0,0,0,0,0,0,0,1,No,0,3,0,2,0,0,MELBOURNE_CBD,"MELBOURNE_CBD,MELB_URBAN",MELBOURNE,METROPOLITAN NORTH WEST REGION,MELBOURNE,2018,10,October
144.98843216130888,-37.792738510058925,3473184,23/10/2018,07.30.00,No,Collision with vehicle,Tuesday,RIGHT THROUGH,Day,144.98843,-37.79274,YARRA,METROPOLITAN NORTH WEST REGION,3,1,0,0,1,2,2,1,1,1,1,0,0,0,0,0,0,0,0,0,No,0,2,0,1,0,0,MELB_URBAN,MELB_URBAN,YARRA,METROPOLITAN NORTH WEST REGION,CLIFTON HILL,2018,10,October
145.36092730511047,-38.038989544293436,3473207,9/10/2018,08.20.00,No,Collision with vehicle,Monday,VEHICLE STRIKES ANOTHER VEH WHILE EMERGING FROM DRIVEWAY,Day,145.36093,-38.03899000000001,CASEY,METROPOLITAN SOUTH EAST REGION,2,1,0,0,1,1,1,0,1,0,1,0,0,0,0,1,0,0,0,0,No,0,2,0,1,0,0,MELB_URBAN,MELB_URBAN,CASEY,METROPOLITAN SOUTH EAST REGION,BERWICK,2018,10,October
144.39782612928474,-38.17890770087237,3473214,10/10/2018,13.00.00,No,Collision with vehicle,Wednesday,VEHICLE STRIKES ANOTHER VEH WHILE EMERGING FROM DRIVEWAY,Day,144.39783,-38.178909999999995,GEELONG,SOUTH WESTERN REGION,2,1,0,0,1,1,1,0,1,0,1,0,0,0,0,0,0,0,0,0,No,0,2,0,1,0,0,LARGE_PROVINCIAL_CITIES,LARGE_PROVINCIAL_CITIES,GEELONG,SOUTH WESTERN REGION,WHITTINGTON,2018,10,October
144.95683087274676,-37.82488728030089,3473230,24/9/2018,17.45.00,No,Collision with vehicle,Monday,PULLING OUT -REAR END,Day,144.95683,-37.82489,MELBOURNE,METROPOLITAN NORTH WEST REGION,2,1,0,0,1,1,1,0,1,0,1,0,0,0,0,0,0,0,0,0,No,0,2,0,1,0,0,MELB_URBAN,MELB_URBAN,MELBOURNE,METROPOLITAN NORTH WEST REGION,SOUTHBANK,2018,9,September
144.89717673782684,-37.81437537289705,3473248,20/9/2018,12.25.00,No,Collision with vehicle,Thursday,LEFT FAR (INTERSECTIONS ONLY),Day,144.89718,-37.81438,MARIBYRNONG,METROPOLITAN NORTH WEST REGION,2,1,0,0,1,1,1,1,1,0,1,0,0,0,0,0,0,0,0,0,No,0,2,0,1,0,0,MELB_URBAN,MELB_URBAN,MARIBYRNONG,METROPOLITAN NORTH WEST REGION,YARRAVILLE,2018,9,September
144.92933447929738,-37.78749099839325,3473274,16/10/2018,18.50.00,Yes,Collision with vehicle,Tuesday,VEHICLE STRIKES DOOR OF PARKED/STATIONARY VEHICLE,Dark Street lights on,144.92933,-37.78749000000001,MOONEE VALLEY,METROPOLITAN NORTH WEST REGION,2,1,0,0,1,1,2,0,1,0,1,0,0,0,0,0,0,0,0,0,No,0,2,0,1,0,0,MELB_URBAN,MELB_URBAN,MOONEE VALLEY,METROPOLITAN NORTH WEST REGION,FLEMINGTON,2018,10,October
144.98693768419233,-37.82443767917697,3473291,2/10/2018,08.20.00,No,No collision and no object struck,Tuesday,OUT OF CONTROL ON CARRIAGEWAY (ON STRAIGHT),Day,144.98694,-37.82444,MELBOURNE,METROPOLITAN NORTH WEST REGION,2,1,0,0,1,1,1,0,1,0,0,0,0,0,1,0,0,0,0,0,No,0,2,0,0,0,0,MELB_URBAN,MELB_URBAN,MELBOURNE,METROPOLITAN NORTH WEST REGION,MELBOURNE,2018,10,October
144.9818113383501,-37.785665930644896,3473307,8/10/2018,08.15.00,Yes,Collision with vehicle,Sunday,RIGHT REAR.,Day,144.98181,-37.78567,YARRA,METROPOLITAN NORTH WEST REGION,2,1,0,0,1,1,0,1,1,0,0,0,0,0,1,0,0,0,0,0,No,0,2,0,0,0,0,MELB_URBAN,MELB_URBAN,YARRA,METROPOLITAN NORTH WEST REGION,FITZROY NORTH,2018,10,October
145.0102277796649,-37.7181389551318,3473322,17/10/2018,07.45.00,No,Collision with vehicle,Tuesday,RIGHT NEAR (INTERSECTIONS ONLY),Day,145.01023,-37.71814000000001,DAREBIN,METROPOLITAN NORTH WEST REGION,2,1,0,0,1,1,0,2,1,0,1,0,0,0,0,0,0,0,0,0,No,0,2,0,1,0,0,MELB_URBAN,MELB_URBAN,DAREBIN,METROPOLITAN NORTH WEST REGION,RESERVOIR,2018,10,October
144.3108766772344,-36.77342586389469,3473344,2/10/2018,17.50.00,No,Collision with vehicle,Tuesday,LANE CHANGE RIGHT (NOT OVERTAKING),Day,144.31088,-36.77343,BENDIGO,NORTHERN REGION,2,1,0,0,1,1,1,1,1,0,1,0,0,0,0,0,1,0,0,0,No,0,2,0,1,0,0,LARGE_PROVINCIAL_CITIES,LARGE_PROVINCIAL_CITIES,BENDIGO,NORTHERN REGION,STRATHDALE,2018,10,October
143.85773697691232,-37.56210700280832,3473345,2/10/2018,17.45.00,No,Collision with vehicle,Monday,CROSS TRAFFIC(INTERSECTIONS ONLY),Dusk/Dawn,143.85773999999995,-37.56211,BALLARAT,WESTERN REGION,2,1,0,0,1,1,0,2,1,0,1,0,0,0,0,0,1,0,0,0,No,0,2,0,1,0,0,LARGE_PROVINCIAL_CITIES,LARGE_PROVINCIAL_CITIES,BALLARAT,WESTERN REGION,BALLARAT CENTRAL,2018,10,October
145.04964972427058,-37.731522101507935,3473364,10/10/2018,15.25.00,No,Collision with vehicle,Wednesday,VEHICLE OFF FOOTPATH STRIKES VEH ON CARRIAGEWAY,Day,145.04965,-37.73152,BANYULE,METROPOLITAN NORTH WEST REGION,3,2,0,0,2,1,1,2,1,1,1,0,0,0,0,0,0,0,1,0,No,0,2,0,1,0,0,MELB_URBAN,MELB_URBAN,BANYULE,METROPOLITAN NORTH WEST REGION,HEIDELBERG WEST,2018,10,October
144.95741842899005,-37.81812981620481,3473378,9/10/2018,09.14.00,No,Collision with vehicle,Tuesday,LANE SIDE SWIPE (VEHICLES IN PARALLEL LANES),Day,144.95741999999996,-37.81813,MELBOURNE,METROPOLITAN NORTH WEST REGION,3,1,0,0,1,2,2,0,1,1,1,0,0,0,0,0,0,0,0,0,No,0,2,0,1,0,0,MELBOURNE_CBD,MELBOURNE_CBD,MELBOURNE,METROPOLITAN NORTH WEST REGION,MELBOURNE,2018,10,October
144.9791086653563,-37.82334812697379,3473396,2/10/2018,07.00.00,No,Collision with vehicle,Tuesday,LANE CHANGE LEFT (NOT OVERTAKING),Day,144.97911000000005,-37.82335,MELBOURNE,METROPOLITAN NORTH WEST REGION,2,1,0,0,1,1,2,0,1,0,1,0,0,0,0,0,0,0,0,0,No,0,2,0,0,0,0,MELB_URBAN,MELB_URBAN,MELBOURNE,METROPOLITAN NORTH WEST REGION,MELBOURNE,2018,10,October
144.9793459235174,-37.79312143636962,3473402,2/10/2018,08.30.00,No,Collision with vehicle,Tuesday,LANE CHANGE LEFT (NOT OVERTAKING),Day,144.97935,-37.79312,YARRA,METROPOLITAN NORTH WEST REGION,2,1,0,0,1,1,1,0,1,0,0,0,0,0,1,0,0,0,0,0,No,0,2,0,0,0,0,MELB_URBAN,MELB_URBAN,YARRA,METROPOLITAN NORTH WEST REGION,FITZROY NORTH,2018,10,October
145.12605966930852,-37.90938334030211,3473406,3/10/2018,18.45.00,Yes,Collision with vehicle,Wednesday,CROSS TRAFFIC(INTERSECTIONS ONLY),Dusk/Dawn,145.12606,-37.90938,MONASH,METROPOLITAN SOUTH EAST REGION,2,1,0,1,0,1,2,0,1,0,1,0,0,0,0,0,0,0,0,1,No,0,2,0,1,0,0,MELB_URBAN,MELB_URBAN,MONASH,METROPOLITAN SOUTH EAST REGION,CLAYTON,2018,10,October
145.05215918514932,-37.85462321910144,3473411,10/10/2018,18.10.00,Yes,Collision with vehicle,Wednesday,LANE SIDE SWIPE (VEHICLES IN PARALLEL LANES),Day,145.05216000000001,-37.854620000000004,STONNINGTON,METROPOLITAN SOUTH EAST REGION,2,1,0,0,1,1,1,1,1,0,1,0,0,0,0,0,0,0,0,0,No,0,2,0,1,0,0,MELB_URBAN,MELB_URBAN,STONNINGTON,METROPOLITAN SOUTH EAST REGION,GLEN IRIS,2018,10,October
144.981213153011,-37.79559957948176,3473415,10/10/2018,19.05.00,Yes,Collision with vehicle,Wednesday,LEFT TURN SIDESWIPE,Dusk/Dawn,144.98121,-37.7956,YARRA,METROPOLITAN NORTH WEST REGION,3,1,0,0,1,2,3,0,1,1,1,0,0,0,0,0,0,0,0,1,No,0,2,0,1,0,0,MELB_URBAN,MELB_URBAN,YARRA,METROPOLITAN NORTH WEST REGION,FITZROY,2018,10,October
144.97110675745282,-37.7939956627687,3473427,26/9/2018,17.23.00,No,Collision with vehicle,Wednesday,RIGHT THROUGH,Day,144.97111,-37.794000000000004,MELBOURNE,METROPOLITAN NORTH WEST REGION,2,1,0,0,1,1,0,2,1,0,1,0,0,0,0,0,0,0,0,0,No,0,2,0,1,0,0,MELB_URBAN,MELB_URBAN,MELBOURNE,METROPOLITAN NORTH WEST REGION,CARLTON,2018,9,September
145.0063600551487,-37.83200405374456,3473428,11/10/2018,16.45.00,No,Collision with vehicle,Thursday,RIGHT/LEFT. ONE VEH TURNING RIGHT THE OTHER LEFT.,Day,145.00636,-37.832,STONNINGTON,METROPOLITAN SOUTH EAST REGION,2,1,0,0,1,1,0,2,1,0,1,0,0,0,0,0,0,0,0,0,No,0,2,0,1,0,0,MELB_URBAN,MELB_URBAN,STONNINGTON,METROPOLITAN SOUTH EAST REGION,TOORAK,2018,10,October
144.96838973810972,-37.79226017781697,3473431,6/10/2018,22.10.00,Yes,Collision with vehicle,Saturday,RIGHT THROUGH,Dark Street lights on,144.96839,-37.79226,MELBOURNE,METROPOLITAN NORTH WEST REGION,3,1,0,0,1,2,2,0,1,0,0,0,0,0,2,0,0,0,0,0,No,0,2,0,0,0,0,MELB_URBAN,MELB_URBAN,"YARRA,MELBOURNE",METROPOLITAN NORTH WEST REGION,CARLTON NORTH,2018,10,October
145.06962334557326,-37.85054453716312,3473451,19/9/2018,11.45.00,No,Collision with vehicle,Wednesday,VEHICLE STRIKES DOOR OF PARKED/STATIONARY VEHICLE,Day,145.06962,-37.85054,BOROONDARA,METROPOLITAN SOUTH EAST REGION,2,1,0,1,0,1,1,0,1,0,0,0,0,0,1,0,0,0,0,0,No,0,2,0,0,0,0,MELB_URBAN,MELB_URBAN,BOROONDARA,METROPOLITAN SOUTH EAST REGION,GLEN IRIS,2018,9,September
144.90193496043761,-37.806696323470966,3473462,11/10/2018,07.50.00,No,Collision with vehicle,Thursday,LEFT TURN SIDESWIPE,Day,144.90193,-37.8067,MARIBYRNONG,METROPOLITAN NORTH WEST REGION,2,1,0,0,1,1,1,1,1,0,1,0,0,0,0,0,0,0,0,0,No,0,2,0,1,0,0,MELB_URBAN,MELB_URBAN,MARIBYRNONG,METROPOLITAN NORTH WEST REGION,FOOTSCRAY,2018,10,October
144.95652978254964,-37.770978188118896,3473465,10/10/2018,08.30.00,No,Collision with vehicle,Wednesday,LEFT TURN SIDESWIPE,Day,144.95653000000001,-37.77098,MORELAND,METROPOLITAN NORTH WEST REGION,2,1,0,0,1,1,1,1,1,0,1,0,0,0,0,0,0,0,0,0,No,0,2,0,1,0,0,MELB_URBAN,MELB_URBAN,MORELAND,METROPOLITAN NORTH WEST REGION,BRUNSWICK,2018,10,October
144.98384677916738,-37.783308111740226,3473476,25/9/2018,18.45.00,Yes,Collision with vehicle,Tuesday,RIGHT THROUGH,Unk.,144.98385,-37.78331,YARRA,METROPOLITAN NORTH WEST REGION,2,1,0,0,1,1,1,0,1,0,0,0,0,0,1,0,0,0,0,0,No,0,2,0,0,0,0,MELB_URBAN,MELB_URBAN,YARRA,METROPOLITAN NORTH WEST REGION,FITZROY NORTH,2018,9,September
145.0468992400563,-37.808728538650186,3473477,16/10/2018,14.55.00,No,Collision with vehicle,Monday,RIGHT NEAR (INTERSECTIONS ONLY),Day,145.0469,-37.80873,BOROONDARA,METROPOLITAN SOUTH EAST REGION,2,1,0,0,1,1,1,1,1,0,1,0,0,0,0,0,0,0,0,0,No,0,2,0,1,0,0,MELB_URBAN,MELB_URBAN,BOROONDARA,METROPOLITAN SOUTH EAST REGION,KEW,2018,10,October
144.95168595651825,-37.80816310030081,3473486,26/9/2018,07.10.00,No,Collision with vehicle,Tuesday,RIGHT THROUGH,Day,144.95168999999999,-37.80816,MELBOURNE,METROPOLITAN NORTH WEST REGION,2,1,0,0,1,1,2,0,1,0,0,0,0,1,0,0,0,0,0,0,No,0,2,0,0,1,0,MELB_URBAN,MELB_URBAN,MELBOURNE,METROPOLITAN NORTH WEST REGION,WEST MELBOURNE,2018,9,September
144.9436129221888,-37.79074483135659,3473496,26/9/2018,17.37.00,No,Collision with vehicle,Wednesday,ENTERING PARKING,Day,144.94361,-37.79074,MELBOURNE,METROPOLITAN NORTH WEST REGION,2,1,0,0,1,1,1,1,1,0,1,0,0,0,0,0,0,0,0,0,No,0,2,0,1,0,0,MELB_URBAN,MELB_URBAN,MELBOURNE,METROPOLITAN NORTH WEST REGION,NORTH MELBOURNE,2018,9,September
144.33147153611998,-38.11379328843013,3473505,4/10/2018,16.11.00,No,Collision with vehicle,Thursday,VEHICLE STRIKES ANOTHER VEH WHILE EMERGING FROM DRIVEWAY,Day,144.33147,-38.11379,GEELONG,SOUTH WESTERN REGION,2,1,0,0,1,1,1,1,1,0,1,0,0,0,0,0,1,0,0,0,No,0,2,0,1,0,0,LARGE_PROVINCIAL_CITIES,LARGE_PROVINCIAL_CITIES,GEELONG,SOUTH WESTERN REGION,BELL PARK,2018,10,October
144.9551256909036,-37.81212699673424,3473511,4/10/2018,17.35.00,No,Struck Pedestrian,Thursday,PED PLAYING/LYING/WORKING/STANDING ON CARRIAGEWAY.,Day,144.95513,-37.812129999999996,MELBOURNE,METROPOLITAN NORTH WEST REGION,2,2,0,0,2,0,1,0,1,0,0,1,0,0,0,0,0,0,0,0,No,0,1,0,0,0,0,MELBOURNE_CBD,"MELBOURNE_CBD,MELB_URBAN",MELBOURNE,METROPOLITAN NORTH WEST REGION,MELBOURNE,2018,10,October
145.01443775949988,-37.73188261176823,3473520,24/9/2018,18.00.00,Yes,Collision with vehicle,Monday,RIGHT NEAR (INTERSECTIONS ONLY),Day,145.01443999999995,-37.73188,DAREBIN,METROPOLITAN NORTH WEST REGION,2,1,0,1,0,1,2,0,1,0,1,0,0,0,0,0,0,0,0,1,No,0,2,0,1,0,0,MELB_URBAN,MELB_URBAN,DAREBIN,METROPOLITAN NORTH WEST REGION,PRESTON,2018,9,September
143.84082251416882,-37.58704512764296,3473526,18/10/2018,16.15.00,No,Collision with vehicle,Thursday,VEHICLE STRIKES ANOTHER VEH WHILE EMERGING FROM DRIVEWAY,Day,143.84082,-37.58705,BALLARAT,WESTERN REGION,2,1,0,0,1,1,1,1,1,0,1,0,0,0,0,0,0,0,0,0,No,0,2,0,1,0,0,LARGE_PROVINCIAL_CITIES,LARGE_PROVINCIAL_CITIES,BALLARAT,WESTERN REGION,SEBASTOPOL,2018,10,October
145.10214000062098,-38.027760002857434,3473548,27/9/2018,05.45.00,Yes,Collision with vehicle,Thursday,REAR END(VEHICLES IN SAME LANE),Dusk/Dawn,145.10214,-38.02776,KINGSTON,METROPOLITAN SOUTH EAST REGION,2,1,0,1,0,1,2,0,1,0,1,0,0,0,0,0,0,0,0,0,No,0,2,0,1,0,0,MELB_URBAN,MELB_URBAN,KINGSTON,METROPOLITAN SOUTH EAST REGION,ASPENDALE,2018,9,September
145.00113064718002,-37.791020047582066,3473550,25/9/2018,16.50.00,No,Collision with vehicle,Tuesday,CROSS TRAFFIC(INTERSECTIONS ONLY),Unk.,145.00113000000005,-37.79102,YARRA,METROPOLITAN NORTH WEST REGION,2,1,0,0,1,1,1,0,1,0,1,0,0,0,0,0,0,0,0,0,No,0,2,0,1,0,0,MELB_URBAN,MELB_URBAN,YARRA,METROPOLITAN NORTH WEST REGION,CLIFTON HILL,2018,9,September
145.32005636688294,-37.56102189790517,3473566,7/10/2018,10.45.00,No,Collision with vehicle,Sunday,HEAD ON (NOT OVERTAKING),Day,145.32006,-37.56102,NILLUMBIK,METROPOLITAN NORTH WEST REGION,2,1,0,0,1,1,2,0,1,0,1,0,0,0,0,0,0,0,0,0,No,0,2,0,1,0,0,RURAL_VICTORIA,RURAL_VICTORIA,NILLUMBIK,,KINGLAKE,2018,10,October
143.87487987162882,-37.560990180623605,3473569,11/10/2018,16.30.00,No,Collision with vehicle,Wednesday,CROSS TRAFFIC(INTERSECTIONS ONLY),Day,143.87488000000005,-37.560990000000004,BALLARAT,WESTERN REGION,2,1,0,1,0,1,1,1,1,0,1,0,0,0,0,0,1,0,0,0,No,0,2,0,1,0,0,LARGE_PROVINCIAL_CITIES,LARGE_PROVINCIAL_CITIES,BALLARAT,WESTERN REGION,BALLARAT EAST,2018,10,October
144.9711414041063,-37.7749603342937,3473572,12/10/2018,10.00.00,No,Collision with vehicle,Friday,CROSS TRAFFIC(INTERSECTIONS ONLY),Day,144.97114,-37.77496,MORELAND,METROPOLITAN NORTH WEST REGION,2,1,0,0,1,1,1,1,1,0,1,0,0,0,0,0,0,0,0,0,No,0,2,0,1,0,0,MELB_URBAN,MELB_URBAN,MORELAND,METROPOLITAN NORTH WEST REGION,BRUNSWICK EAST,2018,10,October
144.94039594314987,-37.58412371370608,3473574,12/10/2018,09.00.00,No,Collision with vehicle,Thursday,LEFT NEAR (INTERSECTIONS ONLY),Day,144.9404,-37.58412,HUME,METROPOLITAN NORTH WEST REGION,2,1,0,0,1,1,0,2,1,0,1,0,0,0,0,0,0,0,0,0,No,0,2,0,1,0,0,MELB_URBAN,MELB_URBAN,HUME,METROPOLITAN NORTH WEST REGION,CRAIGIEBURN,2018,10,October
144.97332006755096,-37.79521586580548,3473575,12/10/2018,11.50.00,No,No collision and no object struck,Friday,OUT OF CONTROL ON CARRIAGEWAY (ON STRAIGHT),Day,144.97332,-37.79522,MELBOURNE,METROPOLITAN NORTH WEST REGION,2,1,0,0,1,1,2,0,1,0,1,0,0,0,0,0,0,0,0,0,No,0,2,0,1,0,0,MELB_URBAN,MELB_URBAN,MELBOURNE,METROPOLITAN NORTH WEST REGION,CARLTON,2018,10,October
145.0151592341048,-37.97436038878353,3473584,19/10/2018,10.30.00,No,Collision with vehicle,Thursday,VEHICLE COLLIDES WITH VEHICLE PARKED ON LEFT OF ROAD,Day,145.01516,-37.97436,BAYSIDE,METROPOLITAN SOUTH EAST REGION,1,1,0,1,0,0,1,0,1,0,0,0,0,0,0,0,0,0,0,0,No,0,2,0,1,0,0,MELB_URBAN,MELB_URBAN,BAYSIDE,METROPOLITAN SOUTH EAST REGION,BLACK ROCK,2018,10,October
144.99769999586812,-37.82697344829924,3473586,30/7/2018,08.30.00,Yes,Collision with vehicle,Sunday,LEFT TURN SIDESWIPE,Day,144.9977,-37.82697,YARRA,METROPOLITAN NORTH WEST REGION,2,1,0,0,1,1,1,0,1,0,0,0,0,0,1,0,0,0,0,0,No,0,2,0,0,0,0,MELB_URBAN,MELB_URBAN,YARRA,METROPOLITAN NORTH WEST REGION,RICHMOND,2018,7,July
144.95288528455447,-37.84793942564255,3473588,18/10/2018,15.30.00,No,Collision with vehicle,Thursday,CROSS TRAFFIC(INTERSECTIONS ONLY),Day,144.95289,-37.84794,PORT PHILLIP,METROPOLITAN NORTH WEST REGION,2,1,0,0,1,1,1,1,1,0,1,0,0,0,0,0,0,0,0,0,No,0,2,0,1,0,0,MELB_URBAN,MELB_URBAN,PORT PHILLIP,METROPOLITAN NORTH WEST REGION,ALBERT PARK,2018,10,October
145.11195093144653,-37.91247255788922,3473604,5/10/2018,08.50.00,No,Collision with vehicle,Thursday,LANE SIDE SWIPE (VEHICLES IN PARALLEL LANES),Day,145.11195,-37.91247,MONASH,METROPOLITAN SOUTH EAST REGION,3,1,0,0,1,2,1,0,1,1,1,0,0,0,0,0,0,0,0,0,No,0,2,0,1,0,0,MELB_URBAN,MELB_URBAN,MONASH,METROPOLITAN SOUTH EAST REGION,HUNTINGDALE,2018,10,October
145.00534713774763,-37.75846613988933,3473616,12/10/2018,12.03.00,No,Collision with vehicle,Friday,CROSS TRAFFIC(INTERSECTIONS ONLY),Day,145.00535,-37.75847,DAREBIN,METROPOLITAN NORTH WEST REGION,2,1,0,1,0,1,2,0,1,0,1,0,0,0,0,0,0,0,0,1,No,0,2,0,0,0,0,MELB_URBAN,MELB_URBAN,DAREBIN,METROPOLITAN NORTH WEST REGION,THORNBURY,2018,10,October
144.34596288381252,-38.097578403079574,3473629,15/10/2018,12.50.00,No,Collision with vehicle,Monday,VEHICLE STRIKES ANOTHER VEH WHILE EMERGING FROM DRIVEWAY,Day,144.34596000000005,-38.09758,GEELONG,SOUTH WESTERN REGION,2,1,0,0,1,1,1,0,1,0,1,0,0,0,0,0,0,0,0,0,No,0,2,0,1,0,0,LARGE_PROVINCIAL_CITIES,LARGE_PROVINCIAL_CITIES,GEELONG,SOUTH WESTERN REGION,BELL PARK,2018,10,October
145.25049157026126,-37.92712788440385,3473645,27/9/2018,19.46.00,Yes,Collision with vehicle,Thursday,VEHICLE STRIKES ANOTHER VEH WHILE EMERGING FROM DRIVEWAY,Dark Street lights on,145.25048999999999,-37.92713,KNOX,METROPOLITAN SOUTH EAST REGION,2,1,0,0,1,1,2,0,1,0,1,0,0,0,0,0,0,0,0,0,No,0,2,0,1,0,0,MELB_URBAN,MELB_URBAN,KNOX,METROPOLITAN SOUTH EAST REGION,ROWVILLE,2018,9,September