X,Y,OBJECTID,ACCIDENT_DATE,ACCIDENT_TIME,ALCOHOLTIME,ACCIDENT_TYPE,DAY_OF_WEEK,DCA_CODE,LIGHT_CONDITION,LONGITUDE,LATITUDE,LGA_NAME,REGION_NAME,TOTAL_PERSONS,INJ_OR_FATAL,FATALITY,SERIOUSINJURY,OTHERINJURY,NONINJURED,MALES,FEMALES,BICYCLIST,PASSENGER,DRIVER,PEDESTRIAN,PILLION,MOTORIST,UNKNOWN,PED_CYCLIST_5_12,PED_CYCLIST_13_18,OLD_PEDESTRIAN,OLD_DRIVER,YOUNG_DRIVER,ALCOHOL_RELATED,UNLICENCSED,NO_OF_VEHICLES,HEAVYVEHICLE,PASSENGERVEHICLE,MOTORCYCLE,PUBLICVEHICLE,DEG_URBAN_NAME,DEG_URBAN_ALL,LGA_NAME_ALL,REGION_NAME_ALL,Suburb,Year,Month,Month_name
145.27904583379004,-38.082578548216674,3476087,5/2/2019,09.00.00,No,Collision with vehicle,Tuesday,CROSS TRAFFIC(INTERSECTIONS ONLY),Day,145.27905,-38.08258,CASEY,METROPOLITAN SOUTH EAST REGION,2,1,0,1,0,1,1,1,1,0,1,0,0,0,0,0,0,0,0,0,No,0,2,0,1,0,0,MELB_URBAN,MELB_URBAN,CASEY,METROPOLITAN SOUTH EAST REGION,CRANBOURNE NORTH,2019,2,February
144.98297888027412,-37.78431378639705,3476090,1/2/2019,20.00.00,Yes,Fall from or in moving vehicle,Friday,OTHER ACCIDENTS-OFF STRAIGHT NOT INCLUDED IN DCAs 170-175,Day,144.98298,-37.78431,YARRA,METROPOLITAN NORTH WEST REGION,2,1,0,0,1,1,0,1,1,0,0,0,0,0,1,0,0,0,0,0,No,0,2,0,0,0,0,MELB_URBAN,MELB_URBAN,YARRA,METROPOLITAN NORTH WEST REGION,FITZROY NORTH,2019,2,February
144.9670911564011,-37.815330990384716,3476103,13/2/2019,15.00.00,No,Collision with vehicle,Tuesday,U TURN,Day,144.96708999999996,-37.815329999999996,MELBOURNE,METROPOLITAN NORTH WEST REGION,2,1,0,0,1,1,2,0,1,0,1,0,0,0,0,0,0,0,0,1,No,0,2,0,1,0,0,MELBOURNE_CBD,MELBOURNE_CBD,MELBOURNE,METROPOLITAN NORTH WEST REGION,MELBOURNE,2019,2,February
145.0034283147887,-37.93253247162336,3476105,13/2/2019,16.27.00,No,Collision with vehicle,Tuesday,VEHICLE STRIKES DOOR OF PARKED/STATIONARY VEHICLE,Day,145.00343,-37.93253,BAYSIDE,METROPOLITAN SOUTH EAST REGION,2,1,0,1,0,1,1,1,1,0,1,0,0,0,0,0,0,0,0,0,No,0,2,0,1,0,0,MELB_URBAN,MELB_URBAN,BAYSIDE,METROPOLITAN SOUTH EAST REGION,HAMPTON,2019,2,February
142.19567941461037,-36.711749729073865,3476118,18/1/2019,13.15.00,No,Collision with vehicle,Friday,RIGHT FAR (INTERSECTIONS ONLY),Day,142.19568,-36.71175,HORSHAM,WESTERN REGION,2,2,0,0,2,0,2,0,1,0,1,0,0,0,0,0,0,0,0,0,No,0,2,0,1,0,0,SMALL_CITIES,SMALL_CITIES,HORSHAM,WESTERN REGION,HORSHAM,2019,1,January
144.96987574674577,-37.75926695504583,3476131,27/1/2019,11.50.00,No,Collision with vehicle,Sunday,CROSS TRAFFIC(INTERSECTIONS ONLY),Day,144.96988000000005,-37.75927,MORELAND,METROPOLITAN NORTH WEST REGION,3,2,0,0,2,1,1,1,1,0,1,1,0,0,0,0,0,0,0,0,No,0,2,0,1,0,0,MELB_URBAN,MELB_URBAN,MORELAND,METROPOLITAN NORTH WEST REGION,BRUNSWICK,2019,1,January
145.00433135185395,-37.86698584956516,3476141,6/2/2019,08.55.00,No,Collision with vehicle,Wednesday,LEFT THROUGH,Day,145.00433,-37.86699,GLEN EIRA,METROPOLITAN NORTH WEST REGION,2,1,0,0,1,1,2,0,1,0,1,0,0,0,0,0,0,0,0,0,No,0,2,0,1,0,0,MELB_URBAN,MELB_URBAN,"PORT PHILLIP,GLEN EIRA","METROPOLITAN NORTH WEST REGION,METROPOLITAN SOUTH EAST REGION",ST KILDA EAST,2019,2,February
145.1731169533984,-37.899333145386656,3476158,18/1/2019,10.40.00,No,Collision with vehicle,Friday,RIGHT THROUGH,Day,145.17311999999995,-37.89933,MONASH,METROPOLITAN SOUTH EAST REGION,2,1,0,1,0,1,2,0,1,0,1,0,0,0,0,0,0,0,0,0,No,0,2,0,1,0,0,MELB_URBAN,MELB_URBAN,MONASH,METROPOLITAN SOUTH EAST REGION,GLEN WAVERLEY,2019,1,January
145.21191668992955,-37.87655461423047,3476165,18/1/2019,18.30.00,Yes,Collision with vehicle,Thursday,OTHER MANOEUVRING NOT INCLUDED IN DCAs 140-148,Unk.,145.21192,-37.87655,KNOX,METROPOLITAN SOUTH EAST REGION,2,1,0,0,1,1,2,0,1,0,1,0,0,0,0,0,0,0,0,0,No,0,2,0,1,0,0,MELB_URBAN,MELB_URBAN,KNOX,METROPOLITAN SOUTH EAST REGION,WANTIRNA SOUTH,2019,1,January
144.96245397707685,-37.8066094363226,3476193,6/2/2019,12.40.00,No,Fall from or in moving vehicle,Tuesday,OTHER ACCIDENTS-OFF STRAIGHT NOT INCLUDED IN DCAs 170-175,Day,144.96245,-37.80661,MELBOURNE,METROPOLITAN NORTH WEST REGION,1,1,0,0,1,0,1,0,1,0,0,0,0,0,0,0,0,0,0,0,No,0,1,0,0,0,0,MELB_URBAN,MELB_URBAN,MELBOURNE,METROPOLITAN NORTH WEST REGION,MELBOURNE,2019,2,February
145.0093481297303,-37.78687776489707,3476197,14/2/2019,08.28.00,No,Collision with vehicle,Wednesday,LEFT REAR,Day,145.00935,-37.78688,YARRA,METROPOLITAN NORTH WEST REGION,2,1,0,0,1,1,1,1,1,0,1,0,0,0,0,0,0,0,0,0,No,0,2,0,1,0,0,MELB_URBAN,MELB_URBAN,YARRA,METROPOLITAN NORTH WEST REGION,FAIRFIELD,2019,2,February
144.9584577582095,-37.806149686810045,3476204,14/2/2019,13.00.00,No,Collision with vehicle,Wednesday,LEFT TURN SIDESWIPE,Day,144.95846,-37.80615,MELBOURNE,METROPOLITAN NORTH WEST REGION,2,1,0,0,1,1,0,1,1,0,1,0,0,0,0,0,0,0,0,0,No,0,2,0,1,0,0,MELB_URBAN,MELB_URBAN,MELBOURNE,METROPOLITAN NORTH WEST REGION,MELBOURNE,2019,2,February
144.92104490278209,-37.7601950378112,3476208,14/2/2019,08.23.00,No,Collision with vehicle,Wednesday,VEHICLE COLLIDES WITH VEHICLE PARKED ON LEFT OF ROAD,Day,144.92103999999995,-37.7602,MOONEE VALLEY,METROPOLITAN NORTH WEST REGION,2,1,0,0,1,1,1,0,1,0,0,0,0,0,1,0,1,0,0,0,No,0,2,0,0,0,0,MELB_URBAN,MELB_URBAN,MOONEE VALLEY,METROPOLITAN NORTH WEST REGION,MOONEE PONDS,2019,2,February
144.9949482768264,-37.80003649202696,3476214,18/1/2019,18.00.00,Yes,Collision with vehicle,Thursday,TWO RIGHT TURNING (INTERSECTIONS ONLY),Day,144.99495,-37.80004,YARRA,METROPOLITAN NORTH WEST REGION,2,1,0,0,1,1,1,1,1,0,1,0,0,0,0,0,0,0,0,0,No,0,2,0,1,0,0,MELB_URBAN,MELB_URBAN,YARRA,METROPOLITAN NORTH WEST REGION,ABBOTSFORD,2019,1,January
145.02769294915882,-37.98807119077042,3476223,28/1/2019,08.15.00,Yes,Collision with vehicle,Sunday,RIGHT NEAR (INTERSECTIONS ONLY),Day,145.02768999999995,-37.98807,BAYSIDE,METROPOLITAN SOUTH EAST REGION,4,2,0,0,2,2,3,1,3,0,1,0,0,0,0,0,1,0,0,1,No,0,4,0,1,0,0,MELB_URBAN,MELB_URBAN,BAYSIDE,METROPOLITAN SOUTH EAST REGION,BEAUMARIS,2019,1,January
144.9612555699156,-37.82839947216372,3476225,28/1/2019,09.48.00,No,Collision with vehicle,Monday,LEFT THROUGH,Day,144.96126,-37.8284,PORT PHILLIP,METROPOLITAN NORTH WEST REGION,3,1,0,0,1,2,1,0,1,1,1,0,0,0,0,0,0,0,0,0,No,0,2,0,1,0,0,MELB_URBAN,MELB_URBAN,PORT PHILLIP,METROPOLITAN NORTH WEST REGION,SOUTHBANK,2019,1,January
144.9278159268175,-38.47335487319751,3476226,28/1/2019,10.00.00,Yes,Collision with vehicle,Sunday,OTHER ACCIDENTS-OFF STRAIGHT NOT INCLUDED IN DCAs 170-175,Day,144.92782,-38.47335,MORNINGTON PENINSULA,METROPOLITAN SOUTH EAST REGION,2,1,0,0,1,1,1,1,1,0,1,0,0,0,0,0,0,0,0,0,No,0,2,0,1,0,0,RURAL_VICTORIA,RURAL_VICTORIA,MORNINGTON PENINSULA,METROPOLITAN SOUTH EAST REGION,CAPE SCHANCK,2019,1,January
144.963666904448,-37.76350362346895,3476227,23/12/2018,12.00.00,No,Collision with vehicle,Sunday,VEHICLE STRIKES DOOR OF PARKED/STATIONARY VEHICLE,Day,144.96367,-37.7635,MORELAND,METROPOLITAN NORTH WEST REGION,3,2,0,0,2,1,0,2,1,0,0,1,0,0,1,0,0,0,0,0,No,0,2,0,0,0,0,MELB_URBAN,MELB_URBAN,MORELAND,METROPOLITAN NORTH WEST REGION,BRUNSWICK,2018,12,December
145.16146588605883,-38.23216490003122,3476229,1/10/2018,18.00.00,Yes,Collision with vehicle,Monday,REAR END(VEHICLES IN SAME LANE),Dusk/Dawn,145.16147,-38.23216,MORNINGTON PENINSULA,METROPOLITAN SOUTH EAST REGION,2,1,0,0,1,1,1,0,1,0,1,0,0,0,0,0,0,0,0,0,No,0,2,0,1,0,0,MELB_URBAN,MELB_URBAN,MORNINGTON PENINSULA,METROPOLITAN SOUTH EAST REGION,SOMERVILLE,2018,10,October
144.99604008317274,-37.810092868868324,3476243,6/2/2019,21.45.00,Yes,Collision with vehicle,Tuesday,LEFT TURN SIDESWIPE,Dark Street lights on,144.99604,-37.81009,YARRA,METROPOLITAN NORTH WEST REGION,2,1,0,0,1,1,2,0,1,0,1,0,0,0,0,0,0,0,0,0,No,0,2,0,1,0,0,MELB_URBAN,MELB_URBAN,YARRA,METROPOLITAN NORTH WEST REGION,ABBOTSFORD,2019,2,February
145.0414056120662,-37.81523565518775,3476245,1/2/2019,07.23.00,No,Collision with vehicle,Thursday,RIGHT THROUGH,Day,145.04141,-37.81524,BOROONDARA,METROPOLITAN SOUTH EAST REGION,2,1,0,0,1,1,2,0,1,0,1,0,0,0,0,0,0,0,0,0,No,0,2,0,1,0,0,MELB_URBAN,MELB_URBAN,BOROONDARA,METROPOLITAN SOUTH EAST REGION,HAWTHORN,2019,2,February
144.75547366424402,-36.142322028349035,3476246,6/2/2019,06.00.00,Yes,Collision with vehicle,Wednesday,RIGHT THROUGH,Dark Street lights on,144.75547,-36.14232,CAMPASPE,NORTHERN REGION,3,1,0,0,1,2,1,0,1,0,0,0,0,0,2,0,0,0,0,0,No,0,2,0,0,0,0,SMALL_CITIES,SMALL_CITIES,CAMPASPE,NORTHERN REGION,ECHUCA,2019,2,February
144.99083845924514,-37.865716713097896,3476264,19/1/2019,11.30.00,No,Collision with vehicle,Saturday,REAR END(VEHICLES IN SAME LANE),Day,144.99084,-37.86572,PORT PHILLIP,METROPOLITAN NORTH WEST REGION,2,1,0,0,1,1,1,1,1,0,1,0,0,0,0,0,0,0,0,0,No,0,2,0,1,0,0,MELB_URBAN,MELB_URBAN,PORT PHILLIP,METROPOLITAN NORTH WEST REGION,ST KILDA,2019,1,January
145.0063907853704,-37.75283234381289,3476268,19/1/2019,15.10.00,No,Collision with vehicle,Friday,CROSS TRAFFIC(INTERSECTIONS ONLY),Day,145.00638999999995,-37.752829999999996,DAREBIN,METROPOLITAN NORTH WEST REGION,2,1,0,0,1,1,1,1,1,0,1,0,0,0,0,0,0,0,0,0,No,0,2,0,1,0,0,MELB_URBAN,MELB_URBAN,DAREBIN,METROPOLITAN NORTH WEST REGION,PRESTON,2019,1,January
144.94751631953443,-37.827971159550366,3476292,7/2/2019,07.30.00,No,Collision with vehicle,Wednesday,REAR END(VEHICLES IN SAME LANE),Day,144.94752,-37.82797,PORT PHILLIP,METROPOLITAN NORTH WEST REGION,2,1,0,0,1,1,2,0,1,0,1,0,0,0,0,0,0,0,0,0,No,0,2,0,1,0,0,MELB_URBAN,MELB_URBAN,PORT PHILLIP,METROPOLITAN NORTH WEST REGION,SOUTHBANK,2019,2,February
145.00645874815837,-37.89983692573698,3476293,5/2/2019,07.00.00,No,Collision with vehicle,Tuesday,REAR END(VEHICLES IN SAME LANE),Day,145.00646,-37.89984000000001,GLEN EIRA,METROPOLITAN SOUTH EAST REGION,2,1,0,0,1,1,2,0,1,0,0,0,0,1,0,0,0,0,0,0,No,0,2,0,0,1,0,MELB_URBAN,MELB_URBAN,"GLEN EIRA,BAYSIDE",METROPOLITAN SOUTH EAST REGION,BRIGHTON EAST,2019,2,February
146.89080337796327,-36.12825000992653,3476303,15/2/2019,08.15.00,No,Collision with vehicle,Thursday,VEHICLE STRIKES ANOTHER VEH WHILE EMERGING FROM DRIVEWAY,Day,146.8908,-36.12825,WODONGA,NORTH EASTERN REGION,2,1,0,0,1,1,1,1,1,0,1,0,0,0,0,0,1,0,0,0,No,0,2,0,1,0,0,SMALL_CITIES,SMALL_CITIES,WODONGA,NORTH EASTERN REGION,WODONGA,2019,2,February
144.59016014362516,-37.481718350002005,3476333,25/1/2019,19.00.00,Yes,Collision with vehicle,Friday,LEFT TURN SIDESWIPE,Day,144.59016,-37.48172,MACEDON RANGES,NORTHERN REGION,2,1,0,0,1,1,1,1,1,0,1,0,0,0,0,0,0,0,0,0,No,0,2,0,1,0,0,TOWNS,TOWNS,MACEDON RANGES,NORTHERN REGION,GISBORNE,2019,1,January
146.52886133602723,-38.19191462973159,3476340,7/2/2019,15.25.00,No,Collision with vehicle,Thursday,HEAD ON (NOT OVERTAKING),Day,146.52886,-38.19191,LATROBE,EASTERN REGION,2,1,0,1,0,1,2,0,1,0,1,0,0,0,0,0,1,0,0,1,No,0,2,0,1,0,0,SMALL_CITIES,SMALL_CITIES,LATROBE,"EASTERN REGION,EASTERN REGION",TRARALGON,2019,2,February
144.3293260847341,-38.30914744367157,3476347,7/2/2019,15.00.00,No,Collision with vehicle,Wednesday,CROSS TRAFFIC(INTERSECTIONS ONLY),Day,144.32933,-38.30915,SURF COAST,SOUTH WESTERN REGION,2,1,0,0,1,1,1,1,1,0,1,0,0,0,0,1,0,0,0,0,No,0,2,0,1,0,0,SMALL_CITIES,SMALL_CITIES,SURF COAST,SOUTH WESTERN REGION,TORQUAY,2019,2,February
144.96225739533503,-37.81228152341232,3476349,7/2/2019,18.37.00,Yes,Collision with vehicle,Thursday,REAR END(VEHICLES IN SAME LANE),Day,144.96226000000001,-37.81228,MELBOURNE,METROPOLITAN NORTH WEST REGION,2,1,0,0,1,1,2,0,1,0,1,0,0,0,0,0,0,0,0,0,No,0,2,0,1,0,0,MELBOURNE_CBD,MELBOURNE_CBD,MELBOURNE,METROPOLITAN NORTH WEST REGION,MELBOURNE,2019,2,February
145.0887063331046,-37.741164411383316,3476353,15/2/2019,15.20.00,No,Collision with vehicle,Friday,REAR END(VEHICLES IN SAME LANE),Day,145.08871000000005,-37.74116,BANYULE,METROPOLITAN NORTH WEST REGION,3,1,0,0,1,2,2,0,1,1,1,0,0,0,0,0,1,0,0,0,No,0,2,0,1,0,0,MELB_URBAN,MELB_URBAN,BANYULE,METROPOLITAN NORTH WEST REGION,VIEWBANK,2019,2,February
144.98302905719652,-37.810354548467686,3476354,15/2/2019,15.30.00,No,Collision with vehicle,Friday,LEFT TURN SIDESWIPE,Day,144.98303,-37.81035,MELBOURNE,METROPOLITAN NORTH WEST REGION,2,1,0,0,1,1,2,0,1,0,1,0,0,0,0,0,0,0,0,0,No,0,2,0,1,0,0,MELB_URBAN,MELB_URBAN,MELBOURNE,METROPOLITAN NORTH WEST REGION,EAST MELBOURNE,2019,2,February
144.94887316985887,-37.79875188411363,3476355,15/2/2019,17.45.00,No,Collision with vehicle,Thursday,CROSS TRAFFIC(INTERSECTIONS ONLY),Day,144.94887,-37.79875,MELBOURNE,METROPOLITAN NORTH WEST REGION,3,1,0,0,1,2,1,2,1,1,1,0,0,0,0,0,0,0,0,1,No,0,2,0,1,0,0,MELB_URBAN,MELB_URBAN,MELBOURNE,METROPOLITAN NORTH WEST REGION,NORTH MELBOURNE,2019,2,February
143.82119451183002,-37.54458073206593,3476375,19/1/2019,19.30.00,Yes,Collision with vehicle,Saturday,RIGHT THROUGH,Day,143.82119,-37.544579999999996,BALLARAT,WESTERN REGION,2,1,0,0,1,1,1,1,1,0,1,0,0,0,0,0,0,0,0,0,No,0,2,0,1,0,0,LARGE_PROVINCIAL_CITIES,LARGE_PROVINCIAL_CITIES,BALLARAT,WESTERN REGION,LAKE GARDENS,2019,1,January
145.37467313405972,-38.05150206240712,3476398,8/2/2019,07.45.00,No,Collision with vehicle,Friday,OTHER ADJACENT (INTERSECTIONS ONLY),Day,145.37467,-38.0515,CARDINIA,METROPOLITAN SOUTH EAST REGION,3,1,0,0,1,2,2,1,1,1,1,0,0,0,0,0,0,0,1,0,No,0,2,0,1,0,0,MELB_URBAN,MELB_URBAN,CARDINIA,METROPOLITAN SOUTH EAST REGION,BEACONSFIELD,2019,2,February
145.11681633257297,-37.69714005524075,3476405,16/2/2019,10.40.00,No,Collision with vehicle,Friday,RIGHT FAR (INTERSECTIONS ONLY),Day,145.11682,-37.69714000000001,BANYULE,METROPOLITAN NORTH WEST REGION,2,1,0,0,1,1,2,0,1,0,1,0,0,0,0,0,0,0,0,0,No,0,2,0,1,0,0,MELB_URBAN,MELB_URBAN,BANYULE,METROPOLITAN NORTH WEST REGION,GREENSBOROUGH,2019,2,February
142.15098244438968,-34.178275952754554,3476409,16/2/2019,08.45.00,No,Collision with vehicle,Saturday,CROSS TRAFFIC(INTERSECTIONS ONLY),Day,142.15098,-34.17828,MILDURA,WESTERN REGION,2,1,0,0,1,1,1,1,1,0,1,0,0,0,0,0,0,0,1,0,No,0,2,0,1,0,0,SMALL_CITIES,SMALL_CITIES,MILDURA,WESTERN REGION,MILDURA,2019,2,February
144.7656635192448,-37.699327842893844,3476415,16/2/2019,15.00.00,Yes,Collision with vehicle,Saturday,RIGHT NEAR (INTERSECTIONS ONLY),Day,144.76566,-37.699329999999996,BRIMBANK,METROPOLITAN NORTH WEST REGION,2,2,0,1,1,0,1,1,1,0,1,0,0,0,0,0,1,0,0,0,No,0,2,0,1,0,0,MELB_URBAN,MELB_URBAN,BRIMBANK,METROPOLITAN NORTH WEST REGION,SYDENHAM,2019,2,February
145.11621390871818,-37.868443925545186,3476426,3/1/2019,14.23.00,No,No collision and no object struck,Wednesday,OTHER ACCIDENTS-OFF STRAIGHT NOT INCLUDED IN DCAs 170-175,Day,145.11621,-37.86844,MONASH,METROPOLITAN SOUTH EAST REGION,1,1,0,1,0,0,1,0,1,0,0,0,0,0,0,0,0,0,0,0,No,0,1,0,0,0,0,MELB_URBAN,MELB_URBAN,MONASH,METROPOLITAN SOUTH EAST REGION,MOUNT WAVERLEY,2019,1,January
145.1032582815786,-37.586996478091706,3476427,20/1/2019,08.30.00,Yes,Collision with vehicle,Sunday,LEFT NEAR (INTERSECTIONS ONLY),Day,145.10326,-37.586999999999996,WHITTLESEA,METROPOLITAN NORTH WEST REGION,2,1,0,0,1,1,2,0,1,0,1,0,0,0,0,0,0,0,0,0,No,0,2,0,1,0,0,RURAL_VICTORIA,RURAL_VICTORIA,WHITTLESEA,METROPOLITAN NORTH WEST REGION,MERNDA,2019,1,January
144.973444954465,-37.74582852193631,3476437,29/1/2019,19.00.00,Yes,Collision with vehicle,Monday,LANE CHANGE LEFT (NOT OVERTAKING),Dusk/Dawn,144.97343999999995,-37.74583,MORELAND,METROPOLITAN NORTH WEST REGION,3,1,0,0,1,2,1,2,1,1,1,0,0,0,0,0,0,0,0,1,No,0,2,0,1,0,0,MELB_URBAN,MELB_URBAN,MORELAND,METROPOLITAN NORTH WEST REGION,COBURG,2019,1,January
145.01021088452012,-37.84032520597921,3476448,8/2/2019,08.25.00,No,Collision with vehicle,Friday,LANE SIDE SWIPE (VEHICLES IN PARALLEL LANES),Day,145.01021,-37.84033,STONNINGTON,METROPOLITAN SOUTH EAST REGION,2,1,0,0,1,1,1,1,1,0,1,0,0,0,0,0,0,0,0,0,No,0,2,0,1,0,0,MELB_URBAN,MELB_URBAN,STONNINGTON,METROPOLITAN SOUTH EAST REGION,TOORAK,2019,2,February
145.27904583379004,-38.082578548216674,3476459,17/2/2019,12.05.00,No,Collision with vehicle,,LEFT NEAR (INTERSECTIONS ONLY),Day,145.27905,-38.08258,CASEY,METROPOLITAN SOUTH EAST REGION,3,1,0,0,1,2,2,1,1,1,1,0,0,0,0,0,0,0,0,0,No,0,2,0,1,0,0,MELB_URBAN,MELB_URBAN,CASEY,METROPOLITAN SOUTH EAST REGION,CRANBOURNE NORTH,2019,2,February
144.97110414410255,-37.82944377474862,3476503,30/1/2019,17.28.00,No,Collision with vehicle,Tuesday,VEHICLE STRIKES DOOR OF PARKED/STATIONARY VEHICLE,Day,144.9711,-37.82944000000001,MELBOURNE,METROPOLITAN NORTH WEST REGION,2,1,0,0,1,1,1,1,1,0,1,0,0,0,0,0,0,0,0,0,No,0,2,0,1,0,0,MELB_URBAN,MELB_URBAN,MELBOURNE,METROPOLITAN NORTH WEST REGION,SOUTHBANK,2019,1,January
145.00591206056092,-37.9059652150357,3476510,18/2/2019,08.25.00,No,Collision with vehicle,Monday,VEHICLE STRIKES DOOR OF PARKED/STATIONARY VEHICLE,Day,145.00591,-37.90597,BAYSIDE,METROPOLITAN SOUTH EAST REGION,2,1,0,0,1,1,1,1,1,0,1,0,0,0,0,0,0,0,0,1,No,0,2,0,1,0,0,MELB_URBAN,MELB_URBAN,BAYSIDE,METROPOLITAN SOUTH EAST REGION,BRIGHTON,2019,2,February
144.97944174306326,-37.84622755674493,3476518,18/2/2019,16.00.00,Yes,Collision with vehicle,Sunday,REAR END(VEHICLES IN SAME LANE),Day,144.97943999999995,-37.84623,MELBOURNE,METROPOLITAN NORTH WEST REGION,4,1,0,0,1,3,1,2,1,1,2,0,0,0,0,0,0,0,0,1,No,0,3,0,2,0,0,MELB_URBAN,MELB_URBAN,MELBOURNE,METROPOLITAN NORTH WEST REGION,MELBOURNE,2019,2,February
144.9977324433101,-37.82679026671885,3476523,21/1/2019,17.30.00,Yes,Collision with vehicle,Sunday,VEHICLE STRIKES DOOR OF PARKED/STATIONARY VEHICLE,Unk.,144.99773000000005,-37.82679,YARRA,METROPOLITAN NORTH WEST REGION,5,1,0,1,0,4,2,3,1,3,1,0,0,0,0,0,0,0,0,0,No,0,2,0,1,0,0,MELB_URBAN,MELB_URBAN,YARRA,METROPOLITAN NORTH WEST REGION,CREMORNE,2019,1,January
144.94559890394996,-37.79231926824376,3476533,22/1/2019,17.36.00,No,Collision with vehicle,Tuesday,LANE CHANGE LEFT (NOT OVERTAKING),Day,144.9456,-37.792320000000004,MELBOURNE,METROPOLITAN NORTH WEST REGION,2,1,0,1,0,1,1,1,1,0,1,0,0,0,0,0,0,0,0,1,No,0,2,0,1,0,0,MELB_URBAN,MELB_URBAN,MELBOURNE,METROPOLITAN NORTH WEST REGION,NORTH MELBOURNE,2019,1,January
145.11745453147438,-37.828250569378056,3476535,31/1/2019,07.40.00,No,Fall from or in moving vehicle,Thursday,OTHER ACCIDENTS-OFF STRAIGHT NOT INCLUDED IN DCAs 170-175,Day,145.11745,-37.82825,WHITEHORSE,METROPOLITAN SOUTH EAST REGION,1,1,0,0,1,0,0,1,1,0,0,0,0,0,0,0,0,0,0,0,No,0,1,0,0,0,0,MELB_URBAN,MELB_URBAN,WHITEHORSE,METROPOLITAN SOUTH EAST REGION,BOX HILL SOUTH,2019,1,January
145.00717360139626,-37.87805171625242,3476551,9/2/2019,14.51.00,Yes,Collision with vehicle,Saturday,LANE SIDE SWIPE (VEHICLES IN PARALLEL LANES),Day,145.00717,-37.87805,GLEN EIRA,METROPOLITAN SOUTH EAST REGION,2,1,0,1,0,1,2,0,1,0,1,0,0,0,0,0,0,0,0,0,No,0,2,0,1,0,0,MELB_URBAN,MELB_URBAN,GLEN EIRA,METROPOLITAN SOUTH EAST REGION,ST KILDA EAST,2019,2,February
144.91540521562385,-37.838697909728154,3476553,13/10/2018,13.30.00,No,Fall from or in moving vehicle,Saturday,OTHER ACCIDENTS-OFF STRAIGHT NOT INCLUDED IN DCAs 170-175,Day,144.91541,-37.8387,MELBOURNE,METROPOLITAN NORTH WEST REGION,2,1,0,0,1,1,1,0,1,0,0,0,0,0,1,0,0,0,0,0,No,0,2,0,0,0,0,MELB_URBAN,MELB_URBAN,"PORT PHILLIP,MELBOURNE",METROPOLITAN NORTH WEST REGION,PORT MELBOURNE,2018,10,October
144.9683872751592,-37.797250663967844,3476564,18/2/2019,15.15.00,No,Collision with vehicle,Sunday,VEHICLE STRIKES DOOR OF PARKED/STATIONARY VEHICLE,Day,144.96839,-37.79725,MELBOURNE,METROPOLITAN NORTH WEST REGION,2,1,0,0,1,1,1,1,1,0,1,0,0,0,0,0,0,0,0,0,No,0,2,0,1,0,0,MELB_URBAN,MELB_URBAN,MELBOURNE,METROPOLITAN NORTH WEST REGION,CARLTON,2019,2,February
144.98104642627374,-37.79658395286295,3476588,31/1/2019,18.25.00,Yes,Collision with vehicle,Wednesday,LANE CHANGE LEFT (NOT OVERTAKING),Day,144.98105,-37.79658,YARRA,METROPOLITAN NORTH WEST REGION,2,1,0,0,1,1,0,2,1,0,1,0,0,0,0,0,0,0,0,1,No,0,2,0,1,0,0,MELB_URBAN,MELB_URBAN,YARRA,METROPOLITAN NORTH WEST REGION,FITZROY,2019,1,January
144.89699927297843,-37.81541276343913,3476596,1/2/2019,07.30.00,No,Collision with vehicle,Friday,LEFT THROUGH,Day,144.89700000000005,-37.81541,MARIBYRNONG,METROPOLITAN NORTH WEST REGION,2,1,0,0,1,1,2,0,1,0,1,0,0,0,0,0,0,0,0,0,No,0,2,1,0,0,0,MELB_URBAN,MELB_URBAN,MARIBYRNONG,METROPOLITAN NORTH WEST REGION,YARRAVILLE,2019,2,February
144.61751377677496,-38.2655317544123,3476609,10/2/2019,08.50.00,No,collision with some other object,,STRUCK OBJECT ON CARRIAGEWAY,Day,144.61751,-38.26553,GEELONG,SOUTH WESTERN REGION,1,1,0,0,1,0,1,0,1,0,0,0,0,0,0,0,0,0,0,0,No,0,1,0,0,0,0,RURAL_VICTORIA,RURAL_VICTORIA,GEELONG,SOUTH WESTERN REGION,POINT LONSDALE,2019,2,February
145.00094668188117,-37.94600173974513,3476619,17/2/2019,13.10.00,No,Collision with vehicle,Sunday,RIGHT THROUGH,Day,145.00095,-37.946,BAYSIDE,METROPOLITAN SOUTH EAST REGION,2,1,0,0,1,1,2,0,1,0,1,0,0,0,0,0,0,0,0,0,No,0,2,0,1,0,0,MELB_URBAN,MELB_URBAN,BAYSIDE,METROPOLITAN SOUTH EAST REGION,SANDRINGHAM,2019,2,February
144.9542182459977,-37.75977628608002,3476620,19/2/2019,07.30.00,No,Collision with vehicle,Monday,RIGHT/LEFT FAR (INTERSECTIONS ONLY),Day,144.95422,-37.75978,MORELAND,METROPOLITAN NORTH WEST REGION,2,1,0,0,1,1,1,1,1,0,1,0,0,0,0,0,0,0,0,0,No,0,2,0,1,0,0,MELB_URBAN,MELB_URBAN,MORELAND,METROPOLITAN NORTH WEST REGION,BRUNSWICK,2019,2,February